UnLoc,Country,Place Code,Place Name,Port
AEABU,UNITED ARAB EMIRATES (THE),ABU,"Abu Al Bukhoosh, UAE",TRUE
AEAJM,UNITED ARAB EMIRATES (THE),AJM,Ajman,TRUE
AEAMU,UNITED ARAB EMIRATES (THE),AMU,Abu Musa,TRUE
AEARZ,UNITED ARAB EMIRATES (THE),ARZ,Arzanah Island,TRUE
AEAUH,UNITED ARAB EMIRATES (THE),AUH,"Abu Dhabi,UAE",TRUE
AEDAS,UNITED ARAB EMIRATES (THE),DAS,Das Island,TRUE
AEDBP,UNITED ARAB EMIRATES (THE),DBP,Dibba,TRUE
AEDHF,UNITED ARAB EMIRATES (THE),DHF,Al Dhafra,TRUE
AEDUY,UNITED ARAB EMIRATES (THE),DUY,Ras Zubbaya (Ras Dubayyah),TRUE
AEDXB,UNITED ARAB EMIRATES (THE),DXB,"Dubai, United Arab Emrates",TRUE
AEFAT,UNITED ARAB EMIRATES (THE),FAT,Fateh Terminal,TRUE
AEFJR,UNITED ARAB EMIRATES (THE),FJR,Al Fujayrah,TRUE
AEFMZ,UNITED ARAB EMIRATES (THE),FMZ,Musafa,TRUE
AEJED,UNITED ARAB EMIRATES (THE),JED,Jebel Dhanna,TRUE
AEMAS,UNITED ARAB EMIRATES (THE),MAS,Masfut,TRUE
AEMBS,UNITED ARAB EMIRATES (THE),MBS,Mubarras Island,TRUE
AEMKH,UNITED ARAB EMIRATES (THE),MKH,Mina Khalid,TRUE
AEMSA,UNITED ARAB EMIRATES (THE),MSA,Mina Saqr,TRUE
AEMUB,UNITED ARAB EMIRATES (THE),MUB,Mubarek Terminal,TRUE
AEMZD,UNITED ARAB EMIRATES (THE),MZD,Mina Zayed/Abu Dhabi,TRUE
AEPRA,UNITED ARAB EMIRATES (THE),PRA,Port Rashid,TRUE
AEQIW,UNITED ARAB EMIRATES (THE),QIW,Umm al Qaiwain,TRUE
AERKT,UNITED ARAB EMIRATES (THE),RKT,Ras al Khaimah,TRUE
AERUW,UNITED ARAB EMIRATES (THE),RUW,Ar Ruways,TRUE
AESHJ,UNITED ARAB EMIRATES (THE),SHJ,Sharjah,TRUE
AEULR,UNITED ARAB EMIRATES (THE),ULR,Umm Al Nar,TRUE
AEZUR,UNITED ARAB EMIRATES (THE),ZUR,Zirku Island,TRUE
AFHRT,AFGHANISTAN,HRT,Hairatan,TRUE
AFMAS,AFGHANISTAN,MAS,Mashad,TRUE
AFTGH,AFGHANISTAN,TGH,Torghundi,TRUE
AGANU,ANTIGUA AND BARBUDA,ANU,"Antigua, Antigua",TRUE
AGBBQ,ANTIGUA AND BARBUDA,BBQ,Barbuda,TRUE
AGSJO,ANTIGUA AND BARBUDA,SJO,"St Johns, Antigua",TRUE
AIBLP,ANGUILLA,BLP,Blowing Point,TRUE
AIFOR,ANGUILLA,FOR,The Forest,TRUE
AIROA,ANGUILLA,ROA,The Road,TRUE
AIWLL,ANGUILLA,WLL,Wall Blake,TRUE
ALDRZ,ALBANIA,DRZ,Durres,TRUE
ALSAR,ALBANIA,SAR,Sarande,TRUE
ALSHG,ALBANIA,SHG,Shengjin,TRUE
ALTEN,ALBANIA,TEN,Tenes,TRUE
ALVOA,ALBANIA,VOA,Vlora,TRUE
ANBUB,NETHERLANDS ANTILLES,BUB,Bullenbaai,TRUE
ANCRB,NETHERLANDS ANTILLES,CRB,"Caracas Baai, Curacao",TRUE
ANCUR,NETHERLANDS ANTILLES,CUR,"Curacao, Netherland Antilles",TRUE
ANFUI,NETHERLANDS ANTILLES,FUI,"Fuikbaai, Curacao",TRUE
ANGES,NETHERLANDS ANTILLES,GES,"Gallis Bay, St.Marten",TRUE
ANGUS,NETHERLANDS ANTILLES,GUS,"Gustavia, St Bartelemy",TRUE
ANKRA,NETHERLANDS ANTILLES,KRA,"Kralendijk, BO Curacao",TRUE
ANPHI,NETHERLANDS ANTILLES,PHI,"Philisburg, St Marten",TRUE
ANSMB,NETHERLANDS ANTILLES,SMB,Sint Michielsbaai,TRUE
ANWIL,NETHERLANDS ANTILLES,WIL,"Williamstad, Neth Antiles",TRUE
AOAZZ,ANGOLA,AZZ,Ambriz,TRUE
AOBDD,ANGOLA,BDD,Barra do Dande,TRUE
AOBDT,ANGOLA,BDT,Baia dos Tigres,TRUE
AOBUG,ANGOLA,BUG,Benguela,TRUE
AOCAB,ANGOLA,CAB,Cabinda,TRUE
AODAL,ANGOLA,DAL,Dalia,TRUE
AODGR,ANGOLA,DGR,Dombe Grande,TRUE
AOLAA,ANGOLA,LAA,Landana (Cacongo),TRUE
AOLAD,ANGOLA,LAD,"Luanda, Angola",TRUE
AOLIE,ANGOLA,LIE,Lieura,TRUE
AOLOB,ANGOLA,LOB,Lobito,TRUE
AOLUC,ANGOLA,LUC,Lucira,TRUE
AOMAL,ANGOLA,MAL,Malongo,TRUE
AOMSZ,ANGOLA,MSZ,Namibe,TRUE
AONDD,ANGOLA,NDD,Sumbe,TRUE
AOPAT,ANGOLA,PAT,Palanca Terminal,TRUE
AOPBN,ANGOLA,PBN,Porto Amboim,TRUE
AOPLE,ANGOLA,PLE,Porto Alexandre (Tombua),TRUE
AOSOQ,ANGOLA,SOQ,Soyo-Quinfuquena Terminal,TRUE
AOSZA,ANGOLA,SZA,Soyo,TRUE
AOTAK,ANGOLA,TAK,Takula Terminal,TRUE
AQCAS,ANTARCTICA,CAS,Casey,TRUE
AQDAV,ANTARCTICA,DAV,Davis,TRUE
AQMAW,ANTARCTICA,MAW,Mawson,TRUE
AQTNB,ANTARCTICA,TNB,Terra Nova,TRUE
ARBHI,ARGENTINA,BHI,Bahia Blanca,TRUE
ARBQS,ARGENTINA,BQS,Barranqueras,TRUE
ARBUE,ARGENTINA,BUE,"Buenos Aires, Argentina",TRUE
ARCLC,ARGENTINA,CLC,Caleta Cordoba,TRUE
ARCMP,ARGENTINA,CMP,Campana,TRUE
ARCNQ,ARGENTINA,CNQ,Corrientes,TRUE
ARCOL,ARGENTINA,COL,Colon,TRUE
ARCOU,ARGENTINA,COU,Concepcion del Uruguay,TRUE
ARCRD,ARGENTINA,CRD,Comodoro Rivadavia,TRUE
ARCUA,ARGENTINA,CUA,Cuatreros/Bahia Blanca,TRUE
ARCVI,ARGENTINA,CVI,Caleta Olivia,TRUE
ARDME,ARGENTINA,DME,Diamante,TRUE
ARFMA,ARGENTINA,FMA,Formosa,TRUE
ARGHU,ARGENTINA,GHU,Gualeguaychu,TRUE
ARIBY,ARGENTINA,IBY,Ibicuy,TRUE
ARINW,ARGENTINA,INW,Ingeniero White/Bahia Blanca,TRUE
ARLPG,ARGENTINA,LPG,La Plata,TRUE
ARLPS,ARGENTINA,LPS,Las Palmas,TRUE
ARMDQ,ARGENTINA,MDQ,"Mar Del Plata, Argentina",TRUE
ARNEC,ARGENTINA,NEC,Necochea,TRUE
AROYA,ARGENTINA,OYA,Goya,TRUE
AROYO,ARGENTINA,OYO,Tres Arroyos,TRUE
ARPBG,ARGENTINA,PBG,Puerto Belgrano/Bahia Blanca,TRUE
ARPCO,ARGENTINA,PCO,Punta Colorada,TRUE
ARPCY,ARGENTINA,PCY,Pilcomayo,TRUE
ARPGV,ARGENTINA,PGV,Puerto Galvan/Bahia Blanca,TRUE
ARPLO,ARGENTINA,PLO,Punta Loyola,TRUE
ARPMY,ARGENTINA,PMY,"Puerto Madryn, Argentina",TRUE
ARPNL,ARGENTINA,PNL,Puerto Nacional/Bahia Blanca,TRUE
ARPQU,ARGENTINA,PQU,Punta Quilla,TRUE
ARPRA,ARGENTINA,PRA,Parana,TRUE
ARPRS,ARGENTINA,PRS,Puerto Rosales/Bahia Blanca,TRUE
ARPSS,ARGENTINA,PSS,Posadas,TRUE
ARPUB,ARGENTINA,PUB,Puerto Borghi,TRUE
ARPUD,ARGENTINA,PUD,Puerto Deseado,TRUE
ARQBR,ARGENTINA,QBR,Quebracho/San Lorenzo,TRUE
ARQQN,ARGENTINA,QQN,Quequen,TRUE
ARRAM,ARGENTINA,RAM,Ramallo,TRUE
ARRGA,ARGENTINA,RGA,Rio Grande,TRUE
ARRGL,ARGENTINA,RGL,Rio Gallegos,TRUE
ARROC,ARGENTINA,ROC,Puerto Ingeniero M. Rocca,TRUE
ARROS,ARGENTINA,ROS,"Rosario, Argentina",TRUE
ARRZA,ARGENTINA,RZA,Santa Cruz,TRUE
ARSAE,ARGENTINA,SAE,San Antonio Este,TRUE
ARSFE,ARGENTINA,SFE,San Fernando,TRUE
ARSFN,ARGENTINA,SFN,"Santa Fe, Argentina",TRUE
ARSLO,ARGENTINA,SLO,San Lorenzo,TRUE
ARSNS,ARGENTINA,SNS,San Nicolas de los Arroyos,TRUE
ARSPD,ARGENTINA,SPD,San Pedro,TRUE
ARSSN,ARGENTINA,SSN,San Sebastian,TRUE
ARTUC,ARGENTINA,TUC,Tucuman,TRUE
ARULA,ARGENTINA,ULA,San Julian,TRUE
ARUSH,ARGENTINA,USH,Ushuaia,TRUE
ARVCN,ARGENTINA,VCN,Villa Constitucion,TRUE
ARXPD,ARGENTINA,XPD,San Pedro,TRUE
ARZAE,ARGENTINA,ZAE,"Zarate, Argentina",TRUE
ASPPG,AMERICAN SAMOA,PPG,"Pago Pago, American Samoa",TRUE
ATAHN,AUSTRIA,AHN,Antiesenhofen,TRUE
ATASP,AUSTRIA,ASP,Aspern,TRUE
ATBFS,AUSTRIA,BFS,Bischofshofen,TRUE
ATEBR,AUSTRIA,EBR,Ebreichsdorf,TRUE
ATEUH,AUSTRIA,EUH,Eurenhausen,TRUE
ATGNR,AUSTRIA,GNR,Geinberg,TRUE
ATHAL,AUSTRIA,HAL,Hall,TRUE
ATHSN,AUSTRIA,HSN,Hansenhutte,TRUE
ATLZD,AUSTRIA,LZD,Langenzersdorf,TRUE
ATMIK,AUSTRIA,MIK,Miklauzhof,TRUE
ATOAL,AUSTRIA,OAL,Oneal,TRUE
ATPRH,AUSTRIA,PRH,Pernhofen,TRUE
ATSCH,AUSTRIA,SCH,Schwertberg,TRUE
ATSCW,AUSTRIA,SCW,Schwarzach,TRUE
ATSTA,AUSTRIA,STA,Stainach,TRUE
ATTNZ,AUSTRIA,TNZ,Ternitz,TRUE
ATTRW,AUSTRIA,TRW,Tribuswinkel,TRUE
ATWLZ,AUSTRIA,WLZ,Wulzeshofen,TRUE
ATWMP,AUSTRIA,WMP,Wimpassing,TRUE
ATWSS,AUSTRIA,WSS,Weissenstein,TRUE
AUABP,AUSTRALIA,ABP,Abbot Point,TRUE
AUADL,AUSTRALIA,ADL,"Adelaide, Australia",TRUE
AUAIR,AUSTRALIA,AIR,Airlie Terminal,TRUE
AUALH,AUSTRALIA,ALH,Albany,TRUE
AUARD,AUSTRALIA,ARD,Ardrossan,TRUE
AUBAH,AUSTRALIA,BAH,Ballast Head,TRUE
AUBBG,AUSTRALIA,BBG,Bing Bong,TRUE
AUBCH,AUSTRALIA,BCH,Beachport,TRUE
AUBDB,AUSTRALIA,BDB,Bundaberg,TRUE
AUBDS,AUSTRALIA,BDS,Beaudesert,TRUE
AUBEL,AUSTRALIA,BEL,Bell Bay,TRUE
AUBER,AUSTRALIA,BER,Berri,TRUE
AUBLW,AUSTRALIA,BLW,Bungalow,TRUE
AUBME,AUSTRALIA,BME,Broome,TRUE
AUBMW,AUSTRALIA,BMW,Broadmeadows,TRUE
AUBND,AUSTRALIA,BND,Bundall,TRUE
AUBNE,AUSTRALIA,BNE,"Brisbane, Australia",TRUE
AUBNK,AUSTRALIA,BNK,Ballina,TRUE
AUBOO,AUSTRALIA,BOO,Booby Island,TRUE
AUBRT,AUSTRALIA,BRT,Bathurst Island,TRUE
AUBTB,AUSTRALIA,BTB,Botany Bay,TRUE
AUBUC,AUSTRALIA,BUC,Burketown,TRUE
AUBUS,AUSTRALIA,BUS,Busselton,TRUE
AUBUV,AUSTRALIA,BUV,Buffalo Venture,TRUE
AUBUY,AUSTRALIA,BUY,Bunbury,TRUE
AUBWB,AUSTRALIA,BWB,Barrow Island,TRUE
AUBWI,AUSTRALIA,BWI,Bulwer,TRUE
AUBWT,AUSTRALIA,BWT,"Burnie, Australia",TRUE
AUBYP,AUSTRALIA,BYP,Beauty Point,TRUE
AUCAL,AUSTRALIA,CAL,Caloundra Head,TRUE
AUCBA,AUSTRALIA,CBA,Corio Bay,TRUE
AUCBR,AUSTRALIA,CBR,Canberra,TRUE
AUCCU,AUSTRALIA,CCU,Cape Cuvier,TRUE
AUCFL,AUSTRALIA,CFL,Campbellfield,TRUE
AUCFS,AUSTRALIA,CFS,Coffs Harbour,TRUE
AUCHA,AUSTRALIA,CHA,Chatswood,TRUE
AUCHB,AUSTRALIA,CHB,Catherine Hill Bay,TRUE
AUCHV,AUSTRALIA,CHV,Challis Venture (oil terminal),TRUE
AUCLL,AUSTRALIA,CLL,Collan Islands,TRUE
AUCLN,AUSTRALIA,CLN,Cape Leeuwin,TRUE
AUCLR,AUSTRALIA,CLR,Clarence River,TRUE
AUCLT,AUSTRALIA,CLT,Cape Lambert,TRUE
AUCNS,AUSTRALIA,CNS,Cairns,TRUE
AUCOO,AUSTRALIA,COO,Coomera,TRUE
AUCOP,AUSTRALIA,COP,Cossack Pioneer (oil terminal),TRUE
AUCPN,AUSTRALIA,CPN,Cape Preston,TRUE
AUCQP,AUSTRALIA,CQP,Cape Flattery,TRUE
AUCRS,AUSTRALIA,CRS,Coral Sea,TRUE
AUCTH,AUSTRALIA,CTH,Thevenard Island,TRUE
AUCTN,AUSTRALIA,CTN,Cooktown,TRUE
AUCVQ,AUSTRALIA,CVQ,Carnarvon,TRUE
AUDAA,AUSTRALIA,DAA,Darra,TRUE
AUDAM,AUSTRALIA,DAM,Dampier,TRUE
AUDIT,AUSTRALIA,DIT,Dalrymple Islet,TRUE
AUDPO,AUSTRALIA,DPO,Devonport,TRUE
AUDRB,AUSTRALIA,DRB,Derby,TRUE
AUDRW,AUSTRALIA,DRW,Darwin,TRUE
AUEDB,AUSTRALIA,EDB,Edithburgh,TRUE
AUELE,AUSTRALIA,ELE,Electrona,TRUE
AUEPR,AUSTRALIA,EPR,Esperance,TRUE
AUEXM,AUSTRALIA,EXM,Exmouth Gulf,TRUE
AUFIS,AUSTRALIA,FIS,Fisherman Islands,TRUE
AUFRE,AUSTRALIA,FRE,"Fremantle, Australia",TRUE
AUGEE,AUSTRALIA,GEE,George Town,TRUE
AUGET,AUSTRALIA,GET,Geraldton,TRUE
AUGEX,AUSTRALIA,GEX,Geelong,TRUE
AUGLL,AUSTRALIA,GLL,Glebe Island,TRUE
AUGLT,AUSTRALIA,GLT,Gladstone,TRUE
AUGOI,AUSTRALIA,GOI,Goode Is,TRUE
AUGOV,AUSTRALIA,GOV,Gove,TRUE
AUGRH,AUSTRALIA,GRH,Greenhead,TRUE
AUGRV,AUSTRALIA,GRV,Griffin Venture (oil terminal),TRUE
AUGTE,AUSTRALIA,GTE,Groote Eylandt,TRUE
AUHAS,AUSTRALIA,HAS,Hastings,TRUE
AUHBA,AUSTRALIA,HBA,"Hobart, Australia",TRUE
AUHNK,AUSTRALIA,HNK,Hinchinbrook Island,TRUE
AUHOT,AUSTRALIA,HOT,Hope Tun,TRUE
AUHPT,AUSTRALIA,HPT,Haypoint,TRUE
AUHYI,AUSTRALIA,HYI,Hardy Island,TRUE
AUIPS,AUSTRALIA,IPS,Ipswich,TRUE
AUJOV,AUSTRALIA,JOV,Jabiru Venture (oil terminal),TRUE
AUKGC,AUSTRALIA,KGC,Kingscote,TRUE
AUKIB,AUSTRALIA,KIB,King Bay,TRUE
AUKIT,AUSTRALIA,KIT,Kingston,TRUE
AUKLP,AUSTRALIA,KLP,Klein Point,TRUE
AUKOI,AUSTRALIA,KOI,Koolan Island,TRUE
AUKRB,AUSTRALIA,KRB,Karumba,TRUE
AUKTR,AUSTRALIA,KTR,Katherine,TRUE
AUKUR,AUSTRALIA,KUR,Kurnell,TRUE
AUKWI,AUSTRALIA,KWI,Kwinana,TRUE
AULAB,AUSTRALIA,LAB,Lady Barron,TRUE
AULDH,AUSTRALIA,LDH,Lord Howe Is,TRUE
AULGT,AUSTRALIA,LGT,Legendre Terminal,TRUE
AULST,AUSTRALIA,LST,Launceston,TRUE
AULUC,AUSTRALIA,LUC,Lucinda,TRUE
AUMAR,AUSTRALIA,MAR,Marrickville,TRUE
AUMBH,AUSTRALIA,MBH,Maryborough,TRUE
AUMEL,AUSTRALIA,MEL,"Melbourne, Australia",TRUE
AUMIB,AUSTRALIA,MIB,Milner Bay,TRUE
AUMKY,AUSTRALIA,MKY,Mackay,TRUE
AUMLI,AUSTRALIA,MLI,Melville Island,TRUE
AUMOU,AUSTRALIA,MOU,Mourilyan,TRUE
AUMQI,AUSTRALIA,MQI,Macquarie Island,TRUE
AUMRS,AUSTRALIA,MRS,Melrose,TRUE
AUMYF,AUSTRALIA,MYF,Mayfield,TRUE
AUNAR,AUSTRALIA,NAR,Narracoopa,TRUE
AUNOO,AUSTRALIA,NOO,Nuriootpa,TRUE
AUNTE,AUSTRALIA,NTE,Northern Endeavour,TRUE
AUNTL,AUSTRALIA,NTL,"New Castle, Australia",TRUE
AUNWM,AUSTRALIA,NWM,Newman,TRUE
AUONS,AUSTRALIA,ONS,Onslow,TRUE
AUOSB,AUSTRALIA,OSB,Osborne Island,TRUE
AUPAE,AUSTRALIA,PAE,Port Adelaide,TRUE
AUPAU,AUSTRALIA,PAU,Port Arthur,TRUE
AUPBT,AUSTRALIA,PBT,Port Botany,TRUE
AUPBY,AUSTRALIA,PBY,Port Bonython,TRUE
AUPCT,AUSTRALIA,PCT,Port Curtis,TRUE
AUPEL,AUSTRALIA,PEL,Pelican Point,TRUE
AUPER,AUSTRALIA,PER,"Perth, Australia",TRUE
AUPEX,AUSTRALIA,PEX,Exmouth,TRUE
AUPGI,AUSTRALIA,PGI,Port Giles,TRUE
AUPHE,AUSTRALIA,PHE,Port Hedland,TRUE
AUPHP,AUSTRALIA,PHP,Point Henry Pier/Melbourne,TRUE
AUPHU,AUSTRALIA,PHU,Port Huon,TRUE
AUPJK,AUSTRALIA,PJK,Port Jackson,TRUE
AUPKL,AUSTRALIA,PKL,Port Kembla,TRUE
AUPLA,AUSTRALIA,PLA,Port Latta,TRUE
AUPLO,AUSTRALIA,PLO,Port Lincoln,TRUE
AUPMK,AUSTRALIA,PMK,Palm Island,TRUE
AUPPI,AUSTRALIA,PPI,Port Pirie,TRUE
AUPQQ,AUSTRALIA,PQQ,Port Macquarie,TRUE
AUPRB,AUSTRALIA,PRB,Proper Bay,TRUE
AUPRC,AUSTRALIA,PRC,Price,TRUE
AUPRM,AUSTRALIA,PRM,Parramatta,TRUE
AUPSM,AUSTRALIA,PSM,Point Samson,TRUE
AUPST,AUSTRALIA,PST,Port Stanvac,TRUE
AUPSY,AUSTRALIA,PSY,Port Stanley,TRUE
AUPTD,AUSTRALIA,PTD,Port Dalrymple,TRUE
AUPTI,AUSTRALIA,PTI,Port Douglas,TRUE
AUPTJ,AUSTRALIA,PTJ,Portland,TRUE
AUPTL,AUSTRALIA,PTL,Port Alma,TRUE
AUPUG,AUSTRALIA,PUG,Port Augusta,TRUE
AUPWI,AUSTRALIA,PWI,Point Wilson,TRUE
AUPWL,AUSTRALIA,PWL,Port Walcott,TRUE
AUPWR,AUSTRALIA,PWR,Port Warrender,TRUE
AUQDN,AUSTRALIA,QDN,Eden,TRUE
AURAB,AUSTRALIA,RAB,Rapid Bay,TRUE
AURBU,AUSTRALIA,RBU,Roebourne,TRUE
AURCM,AUSTRALIA,RCM,Richmond,TRUE
AURDN,AUSTRALIA,RDN,Risdon,TRUE
AUROK,AUSTRALIA,ROK,Rockhampton,TRUE
AURTS,AUSTRALIA,RTS,Rottnest Island,TRUE
AURYP,AUSTRALIA,RYP,Rocky Point,TRUE
AUSHB,AUSTRALIA,SHB,Shark Bay,TRUE
AUSKA,AUSTRALIA,SKA,Skardon River,TRUE
AUSKV,AUSTRALIA,SKV,Skua Venture (oil terminal),TRUE
AUSMT,AUSTRALIA,SMT,Saladin Marine Terminal,TRUE
AUSPB,AUSTRALIA,SPB,Spring Bay,TRUE
AUSRN,AUSTRALIA,SRN,Strahan,TRUE
AUSTA,AUSTRALIA,STA,Stanley,TRUE
AUSTG,AUSTRALIA,STG,Stage Platform,TRUE
AUSUH,AUSTRALIA,SUH,Surry Hills,TRUE
AUSWR,AUSTRALIA,SWR,South West Rocks,TRUE
AUSYD,AUSTRALIA,SYD,"Sydney, Australia",TRUE
AUTHE,AUSTRALIA,THE,Thevenard,TRUE
AUTIS,AUSTRALIA,TIS,Thursday Island,TRUE
AUTOB,AUSTRALIA,TOB,Towford Bay,TRUE
AUTPT,AUSTRALIA,TPT,Timber Point,TRUE
AUTRB,AUSTRALIA,TRB,Trial Bay,TRUE
AUTSV,AUSTRALIA,TSV,Townsville,TRUE
AUULA,AUSTRALIA,ULA,Ulladulla,TRUE
AUULV,AUSTRALIA,ULV,Ulverstone,TRUE
AUURN,AUSTRALIA,URN,Urangan,TRUE
AUUSL,AUSTRALIA,USL,Useless Loop,TRUE
AUVAR,AUSTRALIA,VAR,Varanus Island,TRUE
AUWAL,AUSTRALIA,WAL,Wallaroo,TRUE
AUWAZ,AUSTRALIA,WAZ,Warwick,TRUE
AUWBT,AUSTRALIA,WBT,Woollybutt (Oil facility),TRUE
AUWEI,AUSTRALIA,WEI,Weipa,TRUE
AUWEP,AUSTRALIA,WEP,Westernport,TRUE
AUWHL,AUSTRALIA,WHL,Welshpool,TRUE
AUWMB,AUSTRALIA,WMB,Warrnambool,TRUE
AUWNB,AUSTRALIA,WNB,Withnell Bay,TRUE
AUWNT,AUSTRALIA,WNT,Wandoo Terminal,TRUE
AUWOD,AUSTRALIA,WOD,Wodonga,TRUE
AUWOT,AUSTRALIA,WOT,Wonthaggi,TRUE
AUWYA,AUSTRALIA,WYA,Whyalla,TRUE
AUWYN,AUSTRALIA,WYN,Wyndham,TRUE
AUYAM,AUSTRALIA,YAM,Yampi,TRUE
AUYBA,AUSTRALIA,YBA,Yamba,TRUE
AUZBO,AUSTRALIA,ZBO,Bowen,TRUE
AWAUA,ARUBA,AUA,Aruba,TRUE
AWBAR,ARUBA,BAR,Barcadera,TRUE
AWBUS,ARUBA,BUS,Bushiribana,TRUE
AWDEU,ARUBA,DEU,Druif,TRUE
AWORJ,ARUBA,ORJ,"Oranjestad, Aruba",TRUE
AWSNL,ARUBA,SNL,Sint Nicolaas,TRUE
AZBAK,AZERBAIJAN,BAK,Baku,TRUE
BAMAG,BOSNIA AND HERZEGOVINA,MAG,Maglaj,TRUE
BBBGI,BARBADOS,BGI,"Bridgetown, Barbados",TRUE
BDBZL,BANGLADESH,BZL,Barisal,TRUE
BDCGP,BANGLADESH,CGP,"Chittagong, Bangladesh",TRUE
BDCHL,BANGLADESH,CHL,Chalna,TRUE
BDKHL,BANGLADESH,KHL,Khulna,TRUE
BDMGL,BANGLADESH,MGL,Mongla,TRUE
BDMON,BANGLADESH,MON,"Monella, Bangladesh",TRUE
BDNAR,BANGLADESH,NAR,Narayanganj,TRUE
BEAAB,BELGIUM,AAB,Aalst,TRUE
BEAAL,BELGIUM,AAL,Aalter,TRUE
BEABK,BELGIUM,ABK,Albertkanaal ports,TRUE
BEADK,BELGIUM,ADK,Adinkerke,TRUE
BEAEJ,BELGIUM,AEJ,Arendonk,TRUE
BEAFN,BELGIUM,AFN,Afsnee,TRUE
BEAGT,BELGIUM,AGT,Argenteau,TRUE
BEAHE,BELGIUM,AHE,Antheit,TRUE
BEAMY,BELGIUM,AMY,Amay,TRUE
BEANB,BELGIUM,ANB,Angleur,TRUE
BEAND,BELGIUM,AND,Andenne,TRUE
BEANH,BELGIUM,ANH,Anhee,TRUE
BEANR,BELGIUM,ANR,"Antwerp, Belgium",TRUE
BEAPL,BELGIUM,APL,Appels,TRUE
BEAPS,BELGIUM,APS,Ampsin,TRUE
BEASP,BELGIUM,ASP,Asper,TRUE
BEASR,BELGIUM,ASR,Anseremme,TRUE
BEAST,BELGIUM,AST,Astene,TRUE
BEATH,BELGIUM,ATH,Ath,TRUE
BEATO,BELGIUM,ATO,Antoing,TRUE
BEAVE,BELGIUM,AVE,Annevoie,TRUE
BEAVL,BELGIUM,AVL,Avelgem,TRUE
BEAVS,BELGIUM,AVS,Auvelais,TRUE
BEBAN,BELGIUM,BAN,Ben-Ahin,TRUE
BEBAT,BELGIUM,BAT,Battel,TRUE
BEBAZ,BELGIUM,BAZ,Bazel,TRUE
BEBBG,BELGIUM,BBG,Blankenberge,TRUE
BEBCR,BELGIUM,BCR,Bellecourt,TRUE
BEBDU,BELGIUM,BDU,Baudour,TRUE
BEBER,BELGIUM,BER,Beerse,TRUE
BEBGN,BELGIUM,BGN,Briegden,TRUE
BEBGS,BELGIUM,BGS,Brugge (Bruges),TRUE
BEBHR,BELGIUM,BHR,Bleharies,TRUE
BEBHU,BELGIUM,BHU,Buggenhout,TRUE
BEBLE,BELGIUM,BLE,Balen,TRUE
BEBLO,BELGIUM,BLO,Beloeil,TRUE
BEBLT,BELGIUM,BLT,Blaton,TRUE
BEBMB,BELGIUM,BMB,Boortmeerbeek,TRUE
BEBNU,BELGIUM,BNU,Berneau,TRUE
BEBOA,BELGIUM,BOA,Bas-Oha,TRUE
BEBOC,BELGIUM,BOC,Bocholt,TRUE
BEBOM,BELGIUM,BOM,Boom,TRUE
BEBON,BELGIUM,BON,Bornem,TRUE
BEBOO,BELGIUM,BOO,Boorsem,TRUE
BEBRE,BELGIUM,BRE,Bree,TRUE
BEBRM,BELGIUM,BRM,Beernem,TRUE
BEBRT,BELGIUM,BRT,Berendrecht,TRUE
BEBRU,BELGIUM,BRU,Brussel (Bruxelles),TRUE
BEBRY,BELGIUM,BRY,Bruyelle,TRUE
BEBSE,BELGIUM,BSE,Bissegem,TRUE
BEBSI,BELGIUM,BSI,Labuissiere,TRUE
BEBSR,BELGIUM,BSR,Baasrode,TRUE
BEBSU,BELGIUM,BSU,Bossuit,TRUE
BEBTX,BELGIUM,BTX,Bertrix,TRUE
BEBUD,BELGIUM,BUD,Burcht,TRUE
BEBVE,BELGIUM,BVE,Bever,TRUE
BEBVM,BELGIUM,BVM,Bouvignes-sur-Meuse,TRUE
BEBVO,BELGIUM,BVO,Beverlo,TRUE
BEBWN,BELGIUM,BWN,Warneton,TRUE
BECBQ,BELGIUM,CBQ,Clabecq,TRUE
BECCS,BELGIUM,CCS,Courcelles,TRUE
BECLN,BELGIUM,CLN,Calonne,TRUE
BECOM,BELGIUM,COM,Comines,TRUE
BECOU,BELGIUM,COU,Couillet,TRUE
BECRA,BELGIUM,CRA,Cheratte,TRUE
BECRL,BELGIUM,CRL,Charleroi,TRUE
BECRQ,BELGIUM,CRQ,Chercq,TRUE
BECTL,BELGIUM,CTL,Chatelineau,TRUE
BEDDR,BELGIUM,DDR,Dendermonde,TRUE
BEDEG,BELGIUM,DEG,Deurne,TRUE
BEDEL,BELGIUM,DEL,Doel,TRUE
BEDEZ,BELGIUM,DEZ,Deinze,TRUE
BEDGN,BELGIUM,DGN,Drongen,TRUE
BEDIA,BELGIUM,DIA,Dinant,TRUE
BEDIK,BELGIUM,DIK,Diksmuide,TRUE
BEDLS,BELGIUM,DLS,Dilsen,TRUE
BEDPE,BELGIUM,DPE,De Pinte,TRUE
BEDPK,BELGIUM,DPK,Diepenbeek,TRUE
BEDPY,BELGIUM,DPY,Dampremy,TRUE
BEDRW,BELGIUM,DRW,Denderleeuw,TRUE
BEDSE,BELGIUM,DSE,Dessel,TRUE
BEDSL,BELGIUM,DSL,Desselgem,TRUE
BEDUF,BELGIUM,DUF,Duffel,TRUE
BEDXN,BELGIUM,DXN,Deux-Acren,TRUE
BEEBM,BELGIUM,EBM,Emblem,TRUE
BEEBZ,BELGIUM,EBZ,Eigenbilzen,TRUE
BEECH,BELGIUM,ECH,Mechelen,TRUE
BEEEK,BELGIUM,EEK,Eeklo,TRUE
BEEFS,BELGIUM,EFS,Escanaffles,TRUE
BEEHT,BELGIUM,EHT,Eindhout,TRUE
BEEIN,BELGIUM,EIN,Eine,TRUE
BEEKE,BELGIUM,EKE,Ekeren,TRUE
BEEMP,BELGIUM,EMP,Estaimpuis,TRUE
BEENG,BELGIUM,ENG,Engis,TRUE
BEEQM,BELGIUM,EQM,Esquelmes,TRUE
BEERE,BELGIUM,ERE,Ertvelde,TRUE
BEESD,BELGIUM,ESD,Eisden,TRUE
BEEVM,BELGIUM,EVM,Evergem,TRUE
BEFCS,BELGIUM,FCS,Farciennes,TRUE
BEFEY,BELGIUM,FEY,Feluy,TRUE
BEFFX,BELGIUM,FFX,Floriffoux,TRUE
BEFLN,BELGIUM,FLN,Flone,TRUE
BEFLO,BELGIUM,FLO,Floreffe,TRUE
BEFMA,BELGIUM,FMA,Flemalle,TRUE
BEFRM,BELGIUM,FRM,Fortem,TRUE
BEFVT,BELGIUM,FVT,Fontaine-Valmont,TRUE
BEFWI,BELGIUM,FWI,Flawinne,TRUE
BEGBB,BELGIUM,GBB,Grobbendonk,TRUE
BEGBH,BELGIUM,GBH,Genenbos,TRUE
BEGBU,BELGIUM,GBU,Gentbrugge,TRUE
BEGDE,BELGIUM,GDE,Godsheide,TRUE
BEGDN,BELGIUM,GDN,Godinne,TRUE
BEGEA,BELGIUM,GEA,Geraardsbergen,TRUE
BEGEL,BELGIUM,GEL,Geel,TRUE
BEGGM,BELGIUM,GGM,Grembergen,TRUE
BEGHI,BELGIUM,GHI,St Ghislain,TRUE
BEGHL,BELGIUM,GHL,Ghlin,TRUE
BEGLK,BELGIUM,GLK,Gellik,TRUE
BEGNE,BELGIUM,GNE,Gent (Ghent),TRUE
BEGNK,BELGIUM,GNK,Genk,TRUE
BEGOS,BELGIUM,GOS,Gosselies,TRUE
BEGRB,BELGIUM,GRB,Grimbergen,TRUE
BEGVR,BELGIUM,GVR,Gavere,TRUE
BEHAM,BELGIUM,HAM,Hamsehoeven,TRUE
BEHBE,BELGIUM,HBE,Hansbeke,TRUE
BEHBN,BELGIUM,HBN,Hoboken,TRUE
BEHCS,BELGIUM,HCS,Harchies,TRUE
BEHCT,BELGIUM,HCT,Haccourt,TRUE
BEHDK,BELGIUM,HDK,Heindonk,TRUE
BEHEE,BELGIUM,HEE,Heer,TRUE
BEHEJ,BELGIUM,HEJ,Harelbeke,TRUE
BEHER,BELGIUM,HER,Herentals,TRUE
BEHET,BELGIUM,HET,Herent,TRUE
BEHEX,BELGIUM,HEX,Hemiksem,TRUE
BEHFB,BELGIUM,HFB,Halle,TRUE
BEHGA,BELGIUM,HGA,Houdeng-Aimeries,TRUE
BEHGG,BELGIUM,HGG,Houdeng-Goegnies,TRUE
BEHKN,BELGIUM,HKN,Helkijn,TRUE
BEHMH,BELGIUM,HMH,Hermalle-sous-Huy,TRUE
BEHMM,BELGIUM,HMM,Hamme,TRUE
BEHNS,BELGIUM,HNS,Hensies,TRUE
BEHOL,BELGIUM,HOL,Hollain,TRUE
BEHPD,BELGIUM,HPD,Hastiere-par-dela,TRUE
BEHRE,BELGIUM,HRE,Havre,TRUE
BEHRP,BELGIUM,HRP,Hourpes,TRUE
BEHRS,BELGIUM,HRS,Herstal,TRUE
BEHSD,BELGIUM,HSD,Hofstade,TRUE
BEHSL,BELGIUM,HSL,St Huibrechts-Lille,TRUE
BEHSS,BELGIUM,HSS,Hasselt,TRUE
BEHTJ,BELGIUM,HTJ,Hautrage,TRUE
BEHUM,BELGIUM,HUM,Humbeek,TRUE
BEHUY,BELGIUM,HUY,Huy,TRUE
BEHVE,BELGIUM,HVE,Hever,TRUE
BEHYB,BELGIUM,HYB,Herdersem,TRUE
BEIGE,BELGIUM,IGE,Ingelmunster,TRUE
BEISR,BELGIUM,ISR,Isieres,TRUE
BEITR,BELGIUM,ITR,Itter (Ittre),TRUE
BEIZG,BELGIUM,IZG,Izegem,TRUE
BEJAK,BELGIUM,JAK,Jupille-sur-Meuse,TRUE
BEJAM,BELGIUM,JAM,Jambes,TRUE
BEJAV,BELGIUM,JAV,Java,TRUE
BEJPS,BELGIUM,JPS,Jemeppe-sur-Sambre,TRUE
BEKAI,BELGIUM,KAI,Kain,TRUE
BEKAN,BELGIUM,KAN,Canne (Kanne),TRUE
BEKDE,BELGIUM,KDE,Kieldrecht,TRUE
BEKEK,BELGIUM,KEK,Kruibeke,TRUE
BEKHN,BELGIUM,KHN,Kerkhove,TRUE
BEKJK,BELGIUM,KJK,Kortrijk,TRUE
BEKLE,BELGIUM,KLE,Kaulille,TRUE
BEKMH,BELGIUM,KMH,Kampenhout,TRUE
BEKNS,BELGIUM,KNS,Knesselaere,TRUE
BEKOU,BELGIUM,KOU,Kallo,TRUE
BEKRN,BELGIUM,KRN,Kuringen,TRUE
BEKRO,BELGIUM,KRO,Kinrooi,TRUE
BEKSN,BELGIUM,KSN,Kessenich,TRUE
BEKSR,BELGIUM,KSR,Kluisbergen,TRUE
BEKUU,BELGIUM,KUU,Kuurne,TRUE
BEKVE,BELGIUM,KVE,Klein Veerle,TRUE
BEKWA,BELGIUM,KWA,Kwaadmechelen,TRUE
BELAN,BELGIUM,LAN,Lanaken,TRUE
BELBE,BELGIUM,LBE,Lembeek,TRUE
BELBS,BELGIUM,LBS,Lobbes,TRUE
BELDS,BELGIUM,LDS,Landelies,TRUE
BELES,BELGIUM,LES,Lessines,TRUE
BELEU,BELGIUM,LEU,Leuven,TRUE
BELFE,BELGIUM,LFE,Leffinge,TRUE
BELGB,BELGIUM,LGB,Langerbrugge,TRUE
BELGG,BELGIUM,LGG,Liege,TRUE
BELGO,BELGIUM,LGO,Langerlo,TRUE
BELHK,BELGIUM,LHK,Liefkenshoek,TRUE
BELIE,BELGIUM,LIE,Lier,TRUE
BELIL,BELGIUM,LIL,Lillo,TRUE
BELIX,BELGIUM,LIX,Lixhe,TRUE
BELML,BELGIUM,LML,Lommel,TRUE
BELNK,BELGIUM,LNK,Lanklaar,TRUE
BELNY,BELGIUM,LNY,Ternaaien (Lanaye),TRUE
BELOK,BELGIUM,LOK,Lokeren,TRUE
BELOT,BELGIUM,LOT,Lot,TRUE
BELOZ,BELGIUM,LOZ,Lozen,TRUE
BELPG,BELGIUM,LPG,Leopoldsburg,TRUE
BELPI,BELGIUM,LPI,Laplaigne,TRUE
BELRG,BELGIUM,LRG,Ledeberg,TRUE
BELSG,BELGIUM,LSG,Lissewege,TRUE
BELUM,BELGIUM,LUM,Lummen,TRUE
BEMAN,BELGIUM,MAN,Manage,TRUE
BEMAP,BELGIUM,MAP,Marchienne-au-Pont,TRUE
BEMEE,BELGIUM,MEE,Meer,TRUE
BEMEH,BELGIUM,MEH,Meerhout,TRUE
BEMEL,BELGIUM,MEL,Melle,TRUE
BEMEN,BELGIUM,MEN,Menen,TRUE
BEMEW,BELGIUM,MEW,Moerbeke-Waas,TRUE
BEMFF,BELGIUM,MFF,Maffle,TRUE
BEMGS,BELGIUM,MGS,Montignies-sur-Sambre,TRUE
BEMHN,BELGIUM,MHN,Massenhoven,TRUE
BEMLD,BELGIUM,MLD,Marche-les-Dames,TRUE
BEMLO,BELGIUM,MLO,Mol,TRUE
BEMLY,BELGIUM,MLY,Marly,TRUE
BEMMN,BELGIUM,MMN,Maasmechelen,TRUE
BEMNO,BELGIUM,MNO,Moen,TRUE
BEMQS,BELGIUM,MQS,Mons,TRUE
BEMRD,BELGIUM,MRD,Merendree,TRUE
BEMRG,BELGIUM,MRG,Maurage,TRUE
BEMRK,BELGIUM,MRK,Merksem,TRUE
BEMRL,BELGIUM,MRL,Merelbeke,TRUE
BEMRM,BELGIUM,MRM,Merkem,TRUE
BEMSI,BELGIUM,MSI,Monsin,TRUE
BEMSK,BELGIUM,MSK,Maaseik,TRUE
BEMSR,BELGIUM,MSR,Maisieres,TRUE
BEMSS,BELGIUM,MSS,Monceau-sur-Sambre,TRUE
BEMUI,BELGIUM,MUI,Muizen,TRUE
BENAM,BELGIUM,NAM,Namur,TRUE
BENBA,BELGIUM,NBA,Nimy,TRUE
BENIE,BELGIUM,NIE,Nieuwpoort,TRUE
BENIL,BELGIUM,NIL,Niel,TRUE
BENNV,BELGIUM,NNV,Ninove,TRUE
BENRP,BELGIUM,NRP,Neerpelt,TRUE
BENRT,BELGIUM,NRT,Neeroeteren,TRUE
BENRY,BELGIUM,NRY,Renory,TRUE
BENVH,BELGIUM,NVH,Neder-Over-Heembeek,TRUE
BENVL,BELGIUM,NVL,Nevele,TRUE
BENVN,BELGIUM,NVN,Noeveren,TRUE
BENYL,BELGIUM,NYL,Nijlen,TRUE
BEOBG,BELGIUM,OBG,Oudenburg,TRUE
BEOBR,BELGIUM,OBR,Obourg,TRUE
BEOBT,BELGIUM,OBT,Ombret-Rawsa,TRUE
BEOEL,BELGIUM,OEL,Oelegem,TRUE
BEOEV,BELGIUM,OEV,Oevel,TRUE
BEOGS,BELGIUM,OGS,Ollignies,TRUE
BEOHN,BELGIUM,OHN,Ophoven,TRUE
BEOKP,BELGIUM,OKP,Oostkamp,TRUE
BEOLE,BELGIUM,OLE,Overboelare,TRUE
BEOLN,BELGIUM,OLN,Olen,TRUE
BEOOG,BELGIUM,OOG,Ooigem,TRUE
BEOPY,BELGIUM,OPY,Oupeye,TRUE
BEOQC,BELGIUM,OQC,Oisquercq,TRUE
BEOST,BELGIUM,OST,Ostend (Oostende),TRUE
BEOTH,BELGIUM,OTH,Oud-Turnhout,TRUE
BEOUD,BELGIUM,OUD,Oudenaarde,TRUE
BEOUG,BELGIUM,OUG,Ougree,TRUE
BEOVE,BELGIUM,OVE,Overpelt,TRUE
BEPAL,BELGIUM,PAL,Paal,TRUE
BEPCL,BELGIUM,PCL,Pont-a-Celles,TRUE
BEPCQ,BELGIUM,PCQ,Pecq,TRUE
BEPES,BELGIUM,PES,Peronnes,TRUE
BEPFE,BELGIUM,PFE,Profondeville,TRUE
BEPLB,BELGIUM,PLB,Peronnes/Binche,TRUE
BEPLO,BELGIUM,PLO,Pont-de-Loup,TRUE
BEPME,BELGIUM,PME,Pommeroeul,TRUE
BEPTP,BELGIUM,PTP,Pijp Tabak,TRUE
BEPTS,BELGIUM,PTS,Pottes,TRUE
BEPUU,BELGIUM,PUU,Puurs,TRUE
BERAR,BELGIUM,RAR,La Roche-en-Ardenne,TRUE
BERBE,BELGIUM,RBE,Roesbrugge,TRUE
BERBX,BELGIUM,RBX,Rebaix,TRUE
BERCI,BELGIUM,RCI,Ramegnies-Chin,TRUE
BERCT,BELGIUM,RCT,Roucourt,TRUE
BEREK,BELGIUM,REK,Rekkem,TRUE
BEREQ,BELGIUM,REQ,Erquelinnes,TRUE
BERGE,BELGIUM,RGE,Reninge,TRUE
BERHA,BELGIUM,RHA,Roesbrugge-Haringe,TRUE
BERIE,BELGIUM,RIE,Rieme,TRUE
BERIJ,BELGIUM,RIJ,Rijkevorsel,TRUE
BERIN,BELGIUM,RIN,Beringen,TRUE
BEROE,BELGIUM,ROE,Roeselare,TRUE
BEROU,BELGIUM,ROU,Le Roeulx,TRUE
BEROX,BELGIUM,ROX,Roux,TRUE
BERPM,BELGIUM,RPM,Rupelmonde,TRUE
BERTI,BELGIUM,RTI,Retie,TRUE
BERUE,BELGIUM,RUE,Ruien,TRUE
BERUI,BELGIUM,RUI,Ruisbroek,TRUE
BERUS,BELGIUM,RUS,Rumst,TRUE
BERVE,BELGIUM,RVE,Riviere,TRUE
BERVS,BELGIUM,RVS,Ravels,TRUE
BESAN,BELGIUM,SAN,St Andries,TRUE
BESAS,BELGIUM,SAS,St Amands,TRUE
BESBE,BELGIUM,SBE,Steenbrugge,TRUE
BESBG,BELGIUM,SBG,Stambruges,TRUE
BESCE,BELGIUM,SCE,Schilde,TRUE
BESCT,BELGIUM,SCT,Schoten,TRUE
BESDP,BELGIUM,SDP,Steendorp,TRUE
BESDT,BELGIUM,SDT,Soudromont,TRUE
BESEN,BELGIUM,SEN,Seneffe,TRUE
BESES,BELGIUM,SES,Seilles,TRUE
BESGM,BELGIUM,SGM,Stasegem,TRUE
BESGX,BELGIUM,SGX,Sclaigneaux,TRUE
BESHB,BELGIUM,SHB,Schellebelle,TRUE
BESHL,BELGIUM,SHL,Schelle,TRUE
BESJG,BELGIUM,SJG,Sint-Job-in-'t-Goor,TRUE
BESJO,BELGIUM,SJO,St Jozef Olen,TRUE
BESJR,BELGIUM,SJR,St Joris,TRUE
BESKR,BELGIUM,SKR,Stokrooie,TRUE
BESLN,BELGIUM,SLN,St Lenaarts,TRUE
BESLS,BELGIUM,SLS,Salles,TRUE
BESLY,BELGIUM,SLY,Sclayn,TRUE
BESML,BELGIUM,SML,St Martens-Latem,TRUE
BESNE,BELGIUM,SNE,Schoonaarde,TRUE
BESPE,BELGIUM,SPE,Scheepsdale,TRUE
BESPI,BELGIUM,SPI,Espierres (Spiere),TRUE
BESSK,BELGIUM,SSK,Snaaskerke,TRUE
BESSN,BELGIUM,SSN,Sclessin,TRUE
BESVG,BELGIUM,SVG,Ruisbroek,TRUE
BESVN,BELGIUM,SVN,Stevensvennen,TRUE
BETBE,BELGIUM,TBE,Tournebride,TRUE
BETDK,BELGIUM,TDK,Terdonk,TRUE
BETER,BELGIUM,TER,Ternat,TRUE
BETES,BELGIUM,TES,Tessenderlo,TRUE
BETET,BELGIUM,TET,Tertre,TRUE
BETGE,BELGIUM,TGE,Tergnee,TRUE
BETGL,BELGIUM,TGL,Tongerlo,TRUE
BETGN,BELGIUM,TGN,Terhagen,TRUE
BETHE,BELGIUM,THE,Thieu,TRUE
BETHG,BELGIUM,THG,Tihange,TRUE
BETHU,BELGIUM,THU,Thuin,TRUE
BETIL,BELGIUM,TIL,Tielrode,TRUE
BETIS,BELGIUM,TIS,Tisselt,TRUE
BETLK,BELGIUM,TLK,Tildonk,TRUE
BETMS,BELGIUM,TMS,Tamines,TRUE
BETRN,BELGIUM,TRN,Doornik (Tournai),TRUE
BETSE,BELGIUM,TSE,Temse,TRUE
BETUR,BELGIUM,TUR,Turnhout,TRUE
BEUIT,BELGIUM,UIT,Uitbergen,TRUE
BEVBG,BELGIUM,VBG,Verbrande Brug,TRUE
BEVEU,BELGIUM,VEU,Veurne,TRUE
BEVGL,BELGIUM,VGL,Virginal-Samme,TRUE
BEVHN,BELGIUM,VHN,Vroenhoven,TRUE
BEVIL,BELGIUM,VIL,Vilvoorde,TRUE
BEVLX,BELGIUM,VLX,Vaulx,TRUE
BEVSH,BELGIUM,VSH,Ville-sur-Haine,TRUE
BEVSL,BELGIUM,VSL,Viersel,TRUE
BEVVI,BELGIUM,VVI,Viesville,TRUE
BEVWZ,BELGIUM,VWZ,Veldwezelt,TRUE
BEWAA,BELGIUM,WAA,Waasmunster,TRUE
BEWAN,BELGIUM,WAN,Wanze,TRUE
BEWAR,BELGIUM,WAR,Waregem,TRUE
BEWCG,BELGIUM,WCG,Warcoing,TRUE
BEWDG,BELGIUM,WDG,Wondelgem,TRUE
BEWEE,BELGIUM,WEE,Wingene,TRUE
BEWEL,BELGIUM,WEL,Wellen,TRUE
BEWER,BELGIUM,WER,Wervik,TRUE
BEWET,BELGIUM,WET,Wetteren,TRUE
BEWEV,BELGIUM,WEV,Wevelgem,TRUE
BEWGL,BELGIUM,WGL,Wijgmaal,TRUE
BEWIH,BELGIUM,WIH,Wichelen,TRUE
BEWIP,BELGIUM,WIP,Wepion,TRUE
BEWIR,BELGIUM,WIR,Wiers,TRUE
BEWJG,BELGIUM,WJG,Wijnegem,TRUE
BEWLB,BELGIUM,WLB,Willebroek,TRUE
BEWLT,BELGIUM,WLT,Waulsort,TRUE
BEWND,BELGIUM,WND,Wandre,TRUE
BEWTH,BELGIUM,WTH,Wintham,TRUE
BEYRT,BELGIUM,YRT,Ivoz-Ramet,TRUE
BEYVO,BELGIUM,YVO,Yvoir,TRUE
BEZBR,BELGIUM,ZBR,Zandbergen,TRUE
BEZEE,BELGIUM,ZEE,"Zeebrugge, Belgium",TRUE
BEZEL,BELGIUM,ZEL,Zelzate,TRUE
BEZER,BELGIUM,ZER,Seraing,TRUE
BEZET,BELGIUM,ZET,Zemst,TRUE
BEZGM,BELGIUM,ZGM,Zingem,TRUE
BEZLE,BELGIUM,ZLE,Zele,TRUE
BEZOD,BELGIUM,ZOD,Zolder,TRUE
BEZRM,BELGIUM,ZRM,Zomergem,TRUE
BEZTL,BELGIUM,ZTL,Zutendaal,TRUE
BEZUL,BELGIUM,ZUL,Zulte,TRUE
BEZUN,BELGIUM,ZUN,Zuun (Zuen),TRUE
BEZVD,BELGIUM,ZVD,Zandvoorde,TRUE
BEZVT,BELGIUM,ZVT,Zandvliet,TRUE
BEZWE,BELGIUM,ZWE,Zwevegem,TRUE
BEZWL,BELGIUM,ZWL,Zwijndrecht,TRUE
BEZWN,BELGIUM,ZWN,Zwijnaarde,TRUE
BGAKH,BULGARIA,AKH,Akhtopol,TRUE
BGBAL,BULGARIA,BAL,Balchik,TRUE
BGBOJ,BULGARIA,BOJ,"Burgas, Bulgaria",TRUE
BGDUP,BULGARIA,DUP,Dupnica,TRUE
BGLOM,BULGARIA,LOM,Lom,TRUE
BGMEL,BULGARIA,MEL,Melnik,TRUE
BGMIC,BULGARIA,MIC,Michurin,TRUE
BGNES,BULGARIA,NES,Nessebar,TRUE
BGORE,BULGARIA,ORE,Orehovo,TRUE
BGPRS,BULGARIA,PRS,Perushtitsa,TRUE
BGRDU,BULGARIA,RDU,Ruse,TRUE
BGSLS,BULGARIA,SLS,Silistra,TRUE
BGSOM,BULGARIA,SOM,Somovit,TRUE
BGSOZ,BULGARIA,SOZ,Sozopol,TRUE
BGSVI,BULGARIA,SVI,Svistov,TRUE
BGVAR,BULGARIA,VAR,"Varna, Bulgaria",TRUE
BGVAZ,BULGARIA,VAZ,Varna-Zapad,TRUE
BGVID,BULGARIA,VID,Vidin,TRUE
BHBAH,BAHRAIN,BAH,"Bahrain, Bahrain",TRUE
BHMAN,BAHRAIN,MAN,Manama,TRUE
BHMIN,BAHRAIN,MIN,Mina Sulman,TRUE
BHRAS,BAHRAIN,RAS,Al Mutae,TRUE
BHSIT,BAHRAIN,SIT,Sitra,TRUE
BICBK,BURUNDI,CBK,Cibitoke,TRUE
BJCOO,BENIN,COO,Cotonou,TRUE
BJPTN,BENIN,PTN,Porto-Novo,TRUE
BJSEM,BENIN,SEM,Seme Terminal,TRUE
BMBDA,BERMUDA,BDA,"Hamiliton, Bermuda",TRUE
BMFPT,BERMUDA,FPT,Freeport,TRUE
BMHBI,BERMUDA,HBI,Harbour Island,TRUE
BMSGE,BERMUDA,SGE,Saint George,TRUE
BNBWN,BRUNEI DARUSSALAM,BWN,Bandar Seri Begawan,TRUE
BNKUB,BRUNEI DARUSSALAM,KUB,Kuala Belait,TRUE
BNLUM,BRUNEI DARUSSALAM,LUM,Lumut,TRUE
BNMUA,BRUNEI DARUSSALAM,MUA,Muara,TRUE
BNSER,BRUNEI DARUSSALAM,SER,Seria,TRUE
BNTAS,BRUNEI DARUSSALAM,TAS,Tanjong Salirong,TRUE
BOGUQ,"BOLIVIA, PLURINATIONAL STATE OF",GUQ,Guaqui,TRUE
BOPBU,"BOLIVIA, PLURINATIONAL STATE OF",PBU,Puerto Busch,TRUE
BOPSZ,"BOLIVIA, PLURINATIONAL STATE OF",PSZ,Puerto Suarez,TRUE
BOPUR,"BOLIVIA, PLURINATIONAL STATE OF",PUR,Puerto Rico,TRUE
BOQJR,"BOLIVIA, PLURINATIONAL STATE OF",QJR,Puerto Quijarro,TRUE
BORBQ,"BOLIVIA, PLURINATIONAL STATE OF",RBQ,Rurrenabaque,TRUE
BORIB,"BOLIVIA, PLURINATIONAL STATE OF",RIB,Riberalta,TRUE
BOTDD,"BOLIVIA, PLURINATIONAL STATE OF",TDD,Trinidad,TRUE
BRADR,BRAZIL,ADR,Angra dos Reis,TRUE
BRAJU,BRAZIL,AJU,Aracaju,TRUE
BRALU,BRAZIL,ALU,Alumar,TRUE
BRANT,BRAZIL,ANT,Antonina,TRUE
BRARB,BRAZIL,ARB,Aratu,TRUE
BRATB,BRAZIL,ATB,Abaetetuba,TRUE
BRBAR,BRAZIL,BAR,Barra dos Coqueiros,TRUE
BRBEL,BRAZIL,BEL,"Belem, Brazil",TRUE
BRBNU,BRAZIL,BNU,Blumenau,TRUE
BRBPS,BRAZIL,BPS,Porto Seguro,TRUE
BRCDA,BRAZIL,CDA,Codajas,TRUE
BRCDO,BRAZIL,CDO,Cabedelo,TRUE
BRCMC,BRAZIL,CMC,Camocim,TRUE
BRCMG,BRAZIL,CMG,Corumba,TRUE
BRFEN,BRAZIL,FEN,Fernando de Noronha,TRUE
BRFLN,BRAZIL,FLN,Florianopolis,TRUE
BRFNO,BRAZIL,FNO,Forno,TRUE
BRFOR,BRAZIL,FOR,"Fortaleza, Brazil",TRUE
BRGEB,BRAZIL,GEB,Gebig,TRUE
BRGUA,BRAZIL,GUA,Guamare,TRUE
BRIBB,BRAZIL,IBB,Imbituba,TRUE
BRIOA,BRAZIL,IOA,Itapoa,TRUE
BRIOS,BRAZIL,IOS,Ilheus,TRUE
BRIQI,BRAZIL,IQI,"Itaqui, Brazil",TRUE
BRITJ,BRAZIL,ITJ,"Itajai, Brazil",TRUE
BRITQ,BRAZIL,ITQ,Itaqui,TRUE
BRJPA,BRAZIL,JPA,Joao Pessoa,TRUE
BRMAO,BRAZIL,MAO,"Manuas, Brazil",TRUE
BRMCP,BRAZIL,MCP,"Macapa, Brazil",TRUE
BRMCU,BRAZIL,MCU,Macau,TRUE
BRMCZ,BRAZIL,MCZ,Maceio,TRUE
BRMGU,BRAZIL,MGU,Munguba,TRUE
BRNAT,BRAZIL,NAT,"Natal, Brazil",TRUE
BRNNU,BRAZIL,NNU,Nanuque,TRUE
BRNTR,BRAZIL,NTR,Niteroi,TRUE
BRPAR,BRAZIL,PAR,Para,TRUE
BRPCL,BRAZIL,PCL,Portocel,TRUE
BRPEC,BRAZIL,PEC,"Pecem, Brazil",TRUE
BRPET,BRAZIL,PET,Pelotas,TRUE
BRPFX,BRAZIL,PFX,Ponta do Felix/Antonina,TRUE
BRPHB,BRAZIL,PHB,Parnaiba,TRUE
BRPMA,BRAZIL,PMA,Ponta da Madeira,TRUE
BRPNG,BRAZIL,PNG,"Paranagua, Brazil",TRUE
BRPOA,BRAZIL,POA,Porto Alegre,TRUE
BRPOU,BRAZIL,POU,Ponta Ubu,TRUE
BRPRM,BRAZIL,PRM,Praia Mole,TRUE
BRPVH,BRAZIL,PVH,Porto Velho,TRUE
BRRDC,BRAZIL,RDC,Redencao,TRUE
BRREC,BRAZIL,REC,"Recife, Brazil",TRUE
BRRIG,BRAZIL,RIG,"Rio Grande, Brazil",TRUE
BRRIO,BRAZIL,RIO,"Rio De Janiero, Brazil",TRUE
BRSAN,BRAZIL,SAN,"Santana, Brazil",TRUE
BRSFS,BRAZIL,SFS,"Sao Francisco Do Sul, Brazil",TRUE
BRSLV,BRAZIL,SLV,Salvaterra,TRUE
BRSLZ,BRAZIL,SLZ,Sao Luis,TRUE
BRSPB,BRAZIL,SPB,"Septiba, Brazil",TRUE
BRSSA,BRAZIL,SSA,"Salvador, Brazil",TRUE
BRSSO,BRAZIL,SSO,Sao Sebastiao,TRUE
BRSSZ,BRAZIL,SSZ,"Santos, Brazil",TRUE
BRSUA,BRAZIL,SUA,"Suape, Brazil",TRUE
BRTET,BRAZIL,TET,Termisa Terminal,TRUE
BRTRM,BRAZIL,TRM,Tramandai,TRUE
BRTUB,BRAZIL,TUB,Tubarao,TRUE
BRTUT,BRAZIL,TUT,Tutoia,TRUE
BRVCO,BRAZIL,VCO,"Vila Do Conde, Brazil",TRUE
BRVIX,BRAZIL,VIX,"Vitoria, Brazil",TRUE
BRVLC,BRAZIL,VLC,Vila do Conde,TRUE
BSASD,BAHAMAS,ASD,"Andros Town, Andros Island",TRUE
BSCCZ,BAHAMAS,CCZ,"Chub Cay, Berry Islands",TRUE
BSCEL,BAHAMAS,CEL,Cape Eleuthera,TRUE
BSCLP,BAHAMAS,CLP,Clifton Point,TRUE
BSCOX,BAHAMAS,COX,Congo Town,TRUE
BSCRI,BAHAMAS,CRI,Crooked Island,TRUE
BSELE,BAHAMAS,ELE,Eleuthera Island,TRUE
BSEXU,BAHAMAS,EXU,Great Exuma Island,TRUE
BSFPO,BAHAMAS,FPO,"Freeport, Bahamas",TRUE
BSGGT,BAHAMAS,GGT,"George Town, Great Exuma I.",TRUE
BSGHB,BAHAMAS,GHB,"Governors Harbour, Eleuthera",TRUE
BSGHC,BAHAMAS,GHC,Great Harbour Cay,TRUE
BSGTC,BAHAMAS,GTC,Green Turtle Cay,TRUE
BSHBI,BAHAMAS,HBI,Harbour Island,TRUE
BSIGA,BAHAMAS,IGA,Inagua,TRUE
BSMAT,BAHAMAS,MAT,Matthew Town,TRUE
BSMHH,BAHAMAS,MHH,Marsh Harbour,TRUE
BSMYG,BAHAMAS,MYG,Mayaguana Island,TRUE
BSNAS,BAHAMAS,NAS,"Nassau, Bahamas",TRUE
BSOCE,BAHAMAS,OCE,Ocean Cay,TRUE
BSRSD,BAHAMAS,RSD,Rock Sound,TRUE
BSSAQ,BAHAMAS,SAQ,San Andros,TRUE
BSSML,BAHAMAS,SML,Stella Maris,TRUE
BSSRP,BAHAMAS,SRP,South Riding Point,TRUE
BSTBI,BAHAMAS,TBI,The Bight,TRUE
BSTCB,BAHAMAS,TCB,"Treasure Cay, Great Abaco I.",TRUE
BSWKR,BAHAMAS,WKR,Walker's Cay,TRUE
BSWTD,BAHAMAS,WTD,West End,TRUE
BSZSA,BAHAMAS,ZSA,San Salvador Island,TRUE
BWSUN,BOTSWANA,SUN,Sunnyside,TRUE
BZBAR,BELIZE,BAR,Barranco,TRUE
BZBGK,BELIZE,BGK,"Big Creek, Belize",TRUE
BZBZE,BELIZE,BZE,"Belize City, Belize",TRUE
BZCOL,BELIZE,COL,Colinto,TRUE
BZDGA,BELIZE,DGA,Dangriga,TRUE
CAAAL,CANADA,AAL,Alert Bay,TRUE
CAAGU,CANADA,AGU,Aguathuna,TRUE
CAALK,CANADA,ALK,Adlavik,TRUE
CAAMH,CANADA,AMH,Amherstburg,TRUE
CAANB,CANADA,ANB,Andys Bay,TRUE
CAARB,CANADA,ARB,Arctic Bay,TRUE
CAARC,CANADA,ARC,Arnold's Cove,TRUE
CAARI,CANADA,ARI,Arichat,TRUE
CAAVO,CANADA,AVO,Avondale,TRUE
CABAD,CANADA,BAD,Baddeck,TRUE
CABAM,CANADA,BAM,Bamberton,TRUE
CABAN,CANADA,BAN,Barrington,TRUE
CABAS,CANADA,BAS,Bayside,TRUE
CABAT,CANADA,BAT,Bathurst,TRUE
CABAY,CANADA,BAY,Bayside (St Roberts),TRUE
CABBB,CANADA,BBB,Blubber Bay,TRUE
CABBU,CANADA,BBU,Bay Bulls,TRUE
CABBY,CANADA,BBY,Blind Bay,TRUE
CABCK,CANADA,BCK,Brockville,TRUE
CABCO,CANADA,BCO,Baie Comeau,TRUE
CABCV,CANADA,BCV,Beale Cove,TRUE
CABEA,CANADA,BEA,Beaver Cove,TRUE
CABEC,CANADA,BEC,Becancour,TRUE
CABEH,CANADA,BEH,Beaver Harbour,TRUE
CABEL,CANADA,BEL,Belledune,TRUE
CABGT,CANADA,BGT,Bagotville,TRUE
CABJO,CANADA,BJO,Baie-Johan-Beetz,TRUE
CABKN,CANADA,BKN,Brooklyn,TRUE
CABLC,CANADA,BLC,Bella Coola,TRUE
CABLH,CANADA,BLH,Blacks Harbour,TRUE
CABLL,CANADA,BLL,Beloeil,TRUE
CABLR,CANADA,BLR,Blind River,TRUE
CABLV,CANADA,BLV,Belleville,TRUE
CABOB,CANADA,BOB,Bobcaygeon,TRUE
CABOR,CANADA,BOR,Borden,TRUE
CABPO,CANADA,BPO,Beach Point,TRUE
CABRD,CANADA,BRD,Brentwood Bay,TRUE
CABRI,CANADA,BRI,Britannia Beach,TRUE
CABRL,CANADA,BRL,Burlington,TRUE
CABRS,CANADA,BRS,Barrs Corner,TRUE
CABRT,CANADA,BRT,Broughton Is,TRUE
CABRW,CANADA,BRW,Bridgewater,TRUE
CABST,CANADA,BST,"Bayside, Charlotte",TRUE
CABTF,CANADA,BTF,Butterfly Bay,TRUE
CABTH,CANADA,BTH,Bath,TRUE
CABTT,CANADA,BTT,Britt,TRUE
CABUE,CANADA,BUE,Bouctouche,TRUE
CABUI,CANADA,BUI,Burin,TRUE
CABUO,CANADA,BUO,Burgeo,TRUE
CABUS,CANADA,BUS,Burnside,TRUE
CABVE,CANADA,BVE,Baie Verte,TRUE
CABWD,CANADA,BWD,Botwood,TRUE
CABWV,CANADA,BWV,Bowmanville,TRUE
CABYR,CANADA,BYR,Bay Roberts,TRUE
CACAH,CANADA,CAH,Canso,TRUE
CACAM,CANADA,CAM,Campbell River,TRUE
CACAP,CANADA,CAP,Cap-Pele,TRUE
CACAQ,CANADA,CAQ,Caraquet,TRUE
CACAR,CANADA,CAR,Carcon City/Toronto,TRUE
CACAT,CANADA,CAT,Catalina,TRUE
CACBC,CANADA,CBC,Come By Chance,TRUE
CACBG,CANADA,CBG,Cobourg,TRUE
CACBK,CANADA,CBK,Corner Brook,TRUE
CACBY,CANADA,CBY,Carberry,TRUE
CACCB,CANADA,CCB,Cowichan Bay,TRUE
CACDN,CANADA,CDN,Cardinal,TRUE
CACDO,CANADA,CDO,Cape Dorset,TRUE
CACHA,CANADA,CHA,Charlottetown,TRUE
CACHI,CANADA,CHI,Chicoutimi,TRUE
CACHM,CANADA,CHM,Chemainus,TRUE
CACHN,CANADA,CHN,Chatham,TRUE
CACHR,CANADA,CHR,Chandler,TRUE
CACHS,CANADA,CHS,Cohasset,TRUE
CACHT,CANADA,CHT,Cheticamp,TRUE
CACLB,CANADA,CLB,Colborne,TRUE
CACLC,CANADA,CLC,Clarke City,TRUE
CACLE,CANADA,CLE,Clarenville,TRUE
CACLH,CANADA,CLH,Clark's Harbour,TRUE
CACLP,CANADA,CLP,Clam Point,TRUE
CACLR,CANADA,CLR,Clyde River,TRUE
CACLT,CANADA,CLT,Carleton,TRUE
CACMV,CANADA,CMV,Carmanville,TRUE
CACOC,CANADA,COC,Contrecoeur,TRUE
CACOH,CANADA,COH,Country Harbour,TRUE
CACOL,CANADA,COL,Collingwood,TRUE
CACOM,CANADA,COM,Campbellton,TRUE
CACOP,CANADA,COP,Coppermine,TRUE
CACOR,CANADA,COR,Corunna,TRUE
CACOU,CANADA,COU,Courtenay,TRUE
CACOX,CANADA,COX,Comox,TRUE
CACPB,CANADA,CPB,Campobello,TRUE
CACPT,CANADA,CPT,Canaport,TRUE
CACRB,CANADA,CRB,Carbonear,TRUE
CACRO,CANADA,CRO,Crofton,TRUE
CACRR,CANADA,CRR,Courtright,TRUE
CACSC,CANADA,CSC,Cote Ste Catherine,TRUE
CACSN,CANADA,CSN,Clarkson,TRUE
CACST,CANADA,CST,Chester,TRUE
CACWI,CANADA,CWI,Cornwallis Is,TRUE
CACWL,CANADA,CWL,Cornwall,TRUE
CACYP,CANADA,CYP,Coley's Point,TRUE
CADEB,CANADA,DEB,Deception Bay,TRUE
CADEL,CANADA,DEL,Delta,TRUE
CADHS,CANADA,DHS,Dalhousie,TRUE
CADIG,CANADA,DIG,Digby,TRUE
CADIL,CANADA,DIL,Dildo,TRUE
CADWL,CANADA,DWL,Dingwall,TRUE
CAEDC,CANADA,EDC,Edwards Cove,TRUE
CAEND,CANADA,END,Endako,TRUE
CAENE,CANADA,ENE,Erieau,TRUE
CAESQ,CANADA,ESQ,Esquimalt,TRUE
CAFAL,CANADA,FAL,Fort Albany,TRUE
CAFAP,CANADA,FAP,Father Point,TRUE
CAFCM,CANADA,FCM,Kuujjuaq,TRUE
CAFFS,CANADA,FFS,Fort Frances,TRUE
CAFKN,CANADA,FKN,Fort Franklin,TRUE
CAFOG,CANADA,FOG,Fogo,TRUE
CAFOR,CANADA,FOR,Fortune,TRUE
CAFRE,CANADA,FRE,Fredericton,TRUE
CAFRR,CANADA,FRR,Fraser River,TRUE
CAFRV,CANADA,FRV,Forestville,TRUE
CAFSI,CANADA,FSI,Fort Simpson,TRUE
CAFSM,CANADA,FSM,Fort Smith,TRUE
CAFWL,CANADA,FWL,Fort William,TRUE
CAGAN,CANADA,GAN,Gander,TRUE
CAGBT,CANADA,GBT,Godbout,TRUE
CAGCA,CANADA,GCA,Gros Cacouna,TRUE
CAGDE,CANADA,GDE,Grand-Mere,TRUE
CAGGS,CANADA,GGS,Ganges,TRUE
CAGLB,CANADA,GLB,Glace Bay,TRUE
CAGLT,CANADA,GLT,Galt,TRUE
CAGMA,CANADA,GMA,Grand Manan,TRUE
CAGOH,CANADA,GOH,Goderich,TRUE
CAGOO,CANADA,GOO,Goose Bay,TRUE
CAGOR,CANADA,GOR,Gold River,TRUE
CAGPE,CANADA,GPE,Gaspe,TRUE
CAGRB,CANADA,GRB,Grand Bank,TRUE
CAGRS,CANADA,GRS,Grindstone,TRUE
CAGTD,CANADA,GTD,Grand Toys Dorval,TRUE
CAHAB,CANADA,HAB,Hall Beach,TRUE
CAHAL,CANADA,HAL,"Halifax, Canada",TRUE
CAHAM,CANADA,HAM,Hamilton,TRUE
CAHAR,CANADA,HAR,Harriet,TRUE
CAHAT,CANADA,HAT,Hatch Point,TRUE
CAHBR,CANADA,HBR,Harbour Breton,TRUE
CAHBV,CANADA,HBV,Hebbville,TRUE
CAHIB,CANADA,HIB,Hibernia,TRUE
CAHMP,CANADA,HMP,Hampden,TRUE
CAHOD,CANADA,HOD,Holyrood,TRUE
CAHOP,CANADA,HOP,Hopedale,TRUE
CAHPT,CANADA,HPT,Hantsport,TRUE
CAHRE,CANADA,HRE,Harbour Grace,TRUE
CAHSP,CANADA,HSP,Havre St Pierre,TRUE
CAHWS,CANADA,HWS,Howe Sound,TRUE
CAIGL,CANADA,IGL,Igloolik,TRUE
CAIOC,CANADA,IOC,Ioco,TRUE
CAION,CANADA,ION,Iona,TRUE
CAIQL,CANADA,IQL,Iqaluit,TRUE
CAJEI,CANADA,JEI,Jervis Inlet,TRUE
CAJST,CANADA,JST,Jordan Station,TRUE
CAKHO,CANADA,KHO,Key Harbour,TRUE
CAKIN,CANADA,KIN,Kingston,TRUE
CAKLY,CANADA,KLY,Killarney,TRUE
CAKOV,CANADA,KOV,Kovik Bay,TRUE
CAKTM,CANADA,KTM,Kitimat,TRUE
CAKVL,CANADA,KVL,Kingsville,TRUE
CAKWI,CANADA,KWI,King William Is,TRUE
CALAC,CANADA,LAC,Lachine/Montreal,TRUE
CALAD,CANADA,LAD,Ladysmith,TRUE
CALAH,CANADA,LAH,Lake Harbour,TRUE
CALAW,CANADA,LAW,Lakeview,TRUE
CALCH,CANADA,LCH,Lachute,TRUE
CALCO,CANADA,LCO,Lacolle,TRUE
CALCP,CANADA,LCP,Lockeport,TRUE
CALCV,CANADA,LCV,Lower Cove,TRUE
CALDN,CANADA,LDN,Ladner,TRUE
CALDS,CANADA,LDS,Lansdowne,TRUE
CALEV,CANADA,LEV,Levis,TRUE
CALGT,CANADA,LGT,Langton,TRUE
CALHA,CANADA,LHA,La Have,TRUE
CALIC,CANADA,LIC,Little Current,TRUE
CALIN,CANADA,LIN,Little Narrows,TRUE
CALIV,CANADA,LIV,Liverpool,TRUE
CALMD,CANADA,LMD,Lomond,TRUE
CALMN,CANADA,LMN,Leamington,TRUE
CALNG,CANADA,LNG,Langley,TRUE
CALOH,CANADA,LOH,Long Harbour,TRUE
CALOP,CANADA,LOP,Long Pond,TRUE
CALOU,CANADA,LOU,Louisbourg,TRUE
CALUN,CANADA,LUN,Lunenburg,TRUE
CALWH,CANADA,LWH,Lower Woods Harbour,TRUE
CALWP,CANADA,LWP,Lewisporte,TRUE
CAMAG,CANADA,MAG,Magog,TRUE
CAMAN,CANADA,MAN,Mansonville,TRUE
CAMAR,CANADA,MAR,Marathon,TRUE
CAMBR,CANADA,MBR,Main Brook,TRUE
CAMDB,CANADA,MDB,Meldrum Bay,TRUE
CAMEB,CANADA,MEB,Menzies Bay,TRUE
CAMET,CANADA,MET,Meteghan,TRUE
CAMGD,CANADA,MGD,Magdalen Is,TRUE
CAMHB,CANADA,MHB,Mahone Bay,TRUE
CAMID,CANADA,MID,Midland,TRUE
CAMIH,CANADA,MIH,Michipicoten,TRUE
CAMIR,CANADA,MIR,Miramichi,TRUE
CAMNE,CANADA,MNE,Matane,TRUE
CAMNT,CANADA,MNT,Moncton,TRUE
CAMOB,CANADA,MOB,Morrisburg,TRUE
CAMOL,CANADA,MOL,Mont-Louis,TRUE
CAMOU,CANADA,MOU,Moosonee,TRUE
CAMRI,CANADA,MRI,Maple Ridge,TRUE
CAMSS,CANADA,MSS,Masset,TRUE
CAMTN,CANADA,MTN,Marystown,TRUE
CAMTR,CANADA,MTR,"Montreal, Canada",TRUE
CAMUL,CANADA,MUL,Mulgrave,TRUE
CANAF,CANADA,NAF,North Arm Fraser,TRUE
CANAI,CANADA,NAI,Nain,TRUE
CANAN,CANADA,NAN,Nanticoke,TRUE
CANBC,CANADA,NBC,Notre-Dame-du-Bon-Conseil,TRUE
CANCT,CANADA,NCT,Newcastle,TRUE
CANEA,CANADA,NEA,New Annan,TRUE
CANGL,CANADA,NGL,New Glasgow,TRUE
CANIA,CANADA,NIA,Niagara Falls,TRUE
CANLS,CANADA,NLS,Nelson,TRUE
CANNE,CANADA,NNE,Nanoose Bay,TRUE
CANNO,CANADA,NNO,Nanaimo,TRUE
CANOL,CANADA,NOL,Niagara-on-the-Lake,TRUE
CANRC,CANADA,NRC,New Richmond,TRUE
CANSY,CANADA,NSY,North Sydney,TRUE
CANVK,CANADA,NVK,Nanisivik,TRUE
CANWE,CANADA,NWE,New Westminster,TRUE
CANWP,CANADA,NWP,Argentia,TRUE
CAOAK,CANADA,OAK,Oakville,TRUE
CAOCH,CANADA,OCH,Locusthill,TRUE
CAOFA,CANADA,OFA,Ocean Falls,TRUE
CAOPE,CANADA,OPE,Port Hope,TRUE
CAOSH,CANADA,OSH,Oshawa,TRUE
CAOTT,CANADA,OTT,Ottawa,TRUE
CAOWS,CANADA,OWS,Owen Sound,TRUE
CAPAB,CANADA,PAB,Port Alberni,TRUE
CAPAC,CANADA,PAC,Port Alice,TRUE
CAPAF,CANADA,PAF,Port-Alfred,TRUE
CAPAP,CANADA,PAP,Port au Port,TRUE
CAPAQ,CANADA,PAQ,Pointe-aux-Basques,TRUE
CAPAR,CANADA,PAR,Parrsboro,TRUE
CAPAS,CANADA,PAS,Paspebiac,TRUE
CAPBQ,CANADA,PBQ,Channel-Port aux Basques,TRUE
CAPCA,CANADA,PCA,Port-Cartier,TRUE
CAPCO,CANADA,PCO,Port Colborne,TRUE
CAPCR,CANADA,PCR,Port Credit,TRUE
CAPDI,CANADA,PDI,Pond Inlet,TRUE
CAPDV,CANADA,PDV,Port Dover,TRUE
CAPEH,CANADA,PEH,Pender Harbour,TRUE
CAPEL,CANADA,PEL,Port Elgin,TRUE
CAPEW,CANADA,PEW,Point Edward,TRUE
CAPHL,CANADA,PHL,Philipsburg,TRUE
CAPHW,CANADA,PHW,Port Hawkesbury,TRUE
CAPHY,CANADA,PHY,Port Hardy,TRUE
CAPIC,CANADA,PIC,Picton,TRUE
CAPLA,CANADA,PLA,Plattsville,TRUE
CAPMA,CANADA,PMA,Port McNeill,TRUE
CAPME,CANADA,PME,Port-Menier,TRUE
CAPML,CANADA,PML,Port Mellon,TRUE
CAPMO,CANADA,PMO,Port Moody/Vancouver,TRUE
CAPMW,CANADA,PMW,Port Medway,TRUE
CAPNE,CANADA,PNE,Port Nelson,TRUE
CAPNT,CANADA,PNT,Pangnirtung,TRUE
CAPOA,CANADA,POA,Port Arthur,TRUE
CAPOI,CANADA,POI,Pointe-Claire,TRUE
CAPOP,CANADA,POP,Pointe-au-Pic,TRUE
CAPOW,CANADA,POW,Powell River,TRUE
CAPPC,CANADA,PPC,Pointe au Pic,TRUE
CAPPT,CANADA,PPT,Prospect,TRUE
CAPRE,CANADA,PRE,Prescott,TRUE
CAPRG,CANADA,PRG,Prince George,TRUE
CAPRP,CANADA,PRP,Port Perry,TRUE
CAPRR,CANADA,PRR,Prince Rupert,TRUE
CAPRS,CANADA,PRS,Parry Sound,TRUE
CAPSI,CANADA,PSI,Port Simpson,TRUE
CAPST,CANADA,PST,Port Stanley,TRUE
CAPTA,CANADA,PTA,Tahsis,TRUE
CAPTB,CANADA,PTB,Patricia Bay,TRUE
CAPTE,CANADA,PTE,Port Edward,TRUE
CAPTM,CANADA,PTM,Port Maitland,TRUE
CAPTN,CANADA,PTN,Portneuf,TRUE
CAPTO,CANADA,PTO,Pictou,TRUE
CAPTU,CANADA,PTU,Point Tupper,TRUE
CAPUG,CANADA,PUG,Pugwash,TRUE
CAPWE,CANADA,PWE,Port Weller,TRUE
CAPXT,CANADA,PXT,Pointe-aux-Trembles,TRUE
CAQTS,CANADA,QTS,Quatsino,TRUE
CAQUE,CANADA,QUE,"Quebec, Canada",TRUE
CARAM,CANADA,RAM,Ramea,TRUE
CARDL,CANADA,RDL,Riviere-du-Loup,TRUE
CAREB,CANADA,REB,Resolute Bay,TRUE
CARIM,CANADA,RIM,Rimouski,TRUE
CAROD,CANADA,ROD,Roddickton,TRUE
CAROU,CANADA,ROU,Rougemont,TRUE
CARQQ,CANADA,RQQ,Rockton,TRUE
CARSV,CANADA,RSV,Robertsonville,TRUE
CARUI,CANADA,RUI,Rupert Inlet,TRUE
CARUS,CANADA,RUS,Ruskin,TRUE
CARUV,CANADA,RUV,Ruthven,TRUE
CASAD,CANADA,SAD,St Andrews,TRUE
CASAT,CANADA,SAT,St Anthony,TRUE
CASAU,CANADA,SAU,St Augustin,TRUE
CASBU,CANADA,SBU,Shelburne,TRUE
CASCA,CANADA,SCA,St Catharines,TRUE
CASDY,CANADA,SDY,Sidney,TRUE
CASEB,CANADA,SEB,Seven Islands Bay,TRUE
CASED,CANADA,SED,Sedgewick,TRUE
CASEI,CANADA,SEI,Sept-Iles,TRUE
CASEL,CANADA,SEL,Selkirk,TRUE
CASEM,CANADA,SEM,Seldom,TRUE
CASEU,CANADA,SEU,St Eustache,TRUE
CASHE,CANADA,SHE,Shediac,TRUE
CASHH,CANADA,SHH,Sheet Harbour,TRUE
CASHK,CANADA,SHK,Sherkston,TRUE
CASHP,CANADA,SHP,Shippegan,TRUE
CASIC,CANADA,SIC,Simcoe,TRUE
CASJB,CANADA,SJB,St John,TRUE
CASJF,CANADA,SJF,"St John'S, Canada",TRUE
CASKI,CANADA,SKI,Charlotte (Skidegate),TRUE
CASLB,CANADA,SLB,Shelburne,TRUE
CASLT,CANADA,SLT,St Lambert,TRUE
CASLW,CANADA,SLW,St Lawrence,TRUE
CASMA,CANADA,SMA,Ste Madeleine,TRUE
CASMS,CANADA,SMS,St Marys,TRUE
CASNI,CANADA,SNI,Sarnia,TRUE
CASOM,CANADA,SOM,Sombra,TRUE
CASOO,CANADA,SOO,Sooke,TRUE
CASOR,CANADA,SOR,Sorel,TRUE
CASOU,CANADA,SOU,Souris,TRUE
CASPA,CANADA,SPA,Saint-Pascal,TRUE
CASPD,CANADA,SPD,Springdale,TRUE
CASPI,CANADA,SPI,Saint-Pierre,TRUE
CASPR,CANADA,SPR,Spragge,TRUE
CASQA,CANADA,SQA,Squamish,TRUE
CASRO,CANADA,SRO,St Romuald-d'Etchemin,TRUE
CASSM,CANADA,SSM,Sault Ste Marie,TRUE
CASSP,CANADA,SSP,Sandspit,TRUE
CASTC,CANADA,STC,Stoney Creek,TRUE
CASTH,CANADA,STH,St Thomas,TRUE
CASTS,CANADA,STS,St Stephen,TRUE
CASTV,CANADA,STV,Stephenville,TRUE
CASTW,CANADA,STW,Stewart,TRUE
CASUD,CANADA,SUD,Sudbury,TRUE
CASUM,CANADA,SUM,Summerside,TRUE
CASUY,CANADA,SUY,Surrey,TRUE
CASYD,CANADA,SYD,Sydney,TRUE
CATAD,CANADA,TAD,Tadoussac,TRUE
CATAS,CANADA,TAS,Tasu,TRUE
CATEX,CANADA,TEX,Texada Island,TRUE
CATHA,CANADA,THA,Thamesford,TRUE
CATHD,CANADA,THD,Thorold,TRUE
CATHH,CANADA,THH,Three Hills,TRUE
CATHL,CANADA,THL,Thornhill,TRUE
CATHU,CANADA,THU,Thunder Bay,TRUE
CATLB,CANADA,TLB,Tilbury Is,TRUE
CATMR,CANADA,TMR,Town Mount Royal,TRUE
CATOQ,CANADA,TOQ,Toquart Bay,TRUE
CATOR,CANADA,TOR,"Toronto, Canada",TRUE
CATRB,CANADA,TRB,Trinity Bay,TRUE
CATRC,CANADA,TRC,Tracy,TRUE
CATRO,CANADA,TRO,Trochu,TRUE
CATRR,CANADA,TRR,Trois-Rivieres (Three Rivers),TRUE
CATTC,CANADA,TTC,Trenton,TRUE
CATUK,CANADA,TUK,Tuktoyaktuk,TRUE
CATWI,CANADA,TWI,Twillingate,TRUE
CAVAN,CANADA,VAN,"Vancouver, Canada",TRUE
CAVCH,CANADA,VCH,Vercheres,TRUE
CAVIC,CANADA,VIC,Victoria,TRUE
CAVLF,CANADA,VLF,Valleyfield,TRUE
CAVND,CANADA,VND,Vananda,TRUE
CAWAI,CANADA,WAI,Watson Is,TRUE
CAWAL,CANADA,WAL,Wallaceburg,TRUE
CAWDR,CANADA,WDR,Windsor,TRUE
CAWEL,CANADA,WEL,Welland,TRUE
CAWEP,CANADA,WEP,Welshpool,TRUE
CAWEY,CANADA,WEY,Weymouth,TRUE
CAWHF,CANADA,WHF,Whitefish,TRUE
CAWHH,CANADA,WHH,Whiffen Head,TRUE
CAWHI,CANADA,WHI,"Whitby, ON Canada",TRUE
CAWND,CANADA,WND,Windsor,TRUE
CAWNP,CANADA,WNP,Winnipeg,TRUE
CAWOO,CANADA,WOO,Woodfibre,TRUE
CAWTN,CANADA,WTN,Walton,TRUE
CAXJH,CANADA,XJH,Saint-Joseph-de-Beauce,TRUE
CAYCB,CANADA,YCB,Cambridge Bay,TRUE
CAYCS,CANADA,YCS,Chesterfield Inlet,TRUE
CAYDH,CANADA,YDH,Daniels Harbour,TRUE
CAYEK,CANADA,YEK,Arviat,TRUE
CAYGZ,CANADA,YGZ,Grise Fiord,TRUE
CAYHK,CANADA,YHK,Gjoa Haven,TRUE
CAYMD,CANADA,YMD,Mould Bay,TRUE
CAYMH,CANADA,YMH,Mary's Harbour,TRUE
CAYRH,CANADA,YRH,"Yarmouth, Canada",TRUE
CAYWM,CANADA,YWM,Williams Harbour,TRUE
CAYXN,CANADA,YXN,Whale Cove,TRUE
CAYZS,CANADA,YZS,Coral Harbour,TRUE
CAZEB,CANADA,ZEB,Zeballos,TRUE
CAZFT,CANADA,ZFT,Forest,TRUE
CAZTI,CANADA,ZTI,Saint Tite,TRUE
CAZYE,CANADA,ZYE,Yamachiche,TRUE
CCCCK,COCOS (KEELING) ISLANDS,CCK,Cocos Islands,TRUE
CDANG,"CONGO, THE DEMOCRATIC REPUBLIC OF THE",ANG,Ango-Ango,TRUE
CDBNW,"CONGO, THE DEMOCRATIC REPUBLIC OF THE",BNW,Banana,TRUE
CDBOA,"CONGO, THE DEMOCRATIC REPUBLIC OF THE",BOA,Boma,TRUE
CDFIH,"CONGO, THE DEMOCRATIC REPUBLIC OF THE",FIH,Kinshasa,TRUE
CDMAT,"CONGO, THE DEMOCRATIC REPUBLIC OF THE",MAT,Matadi,TRUE
CDMKL,"CONGO, THE DEMOCRATIC REPUBLIC OF THE",MKL,Makala,TRUE
CGDJE,CONGO,DJE,Djeno Terminal,TRUE
CGMOS,CONGO,MOS,Mossaka,TRUE
CGNKO,CONGO,NKO,N'Kossa Terminal,TRUE
CGOUE,CONGO,OUE,Ouesso,TRUE
CGOYO,CONGO,OYO,Oyo,TRUE
CGPNR,CONGO,PNR,"Pointe Noire, Congo",TRUE
CHBLE,SWITZERLAND,BLE,Bleienbach,TRUE
CHBSL,SWITZERLAND,BSL,Basel,TRUE
CHKRZ,SWITZERLAND,KRZ,Kreuzlingen,TRUE
CHMEZ,SWITZERLAND,MEZ,Mezzovico,TRUE
CHNTT,SWITZERLAND,NTT,Niederglatt,TRUE
CHOBE,SWITZERLAND,OBE,Oberuzwil,TRUE
CHRMH,SWITZERLAND,RMH,Romanshorn,TRUE
CHSTI,SWITZERLAND,STI,Steinhausen,TRUE
CHTEN,SWITZERLAND,TEN,Tenero,TRUE
CHWLO,SWITZERLAND,WLO,Wurenlos,TRUE
CIABJ,CÔTE D'IVOIRE,ABJ,Abidjan,TRUE
CIASS,CÔTE D'IVOIRE,ASS,Assinie,TRUE
CIDAB,CÔTE D'IVOIRE,DAB,Dabou,TRUE
CIFRE,CÔTE D'IVOIRE,FRE,Fresco,TRUE
CIGBA,CÔTE D'IVOIRE,GBA,Gbabam,TRUE
CIGLU,CÔTE D'IVOIRE,GLU,Grand Lahou,TRUE
CIJAC,CÔTE D'IVOIRE,JAC,Jacqueville,TRUE
CIKOS,CÔTE D'IVOIRE,KOS,Kosagi,TRUE
CIPBT,CÔTE D'IVOIRE,PBT,Port-Bouet,TRUE
CISPY,CÔTE D'IVOIRE,SPY,San-Pedro,TRUE
CIZSS,CÔTE D'IVOIRE,ZSS,Sassandra,TRUE
CKAIT,COOK ISLANDS,AIT,Aitutaki,TRUE
CKAIU,COOK ISLANDS,AIU,Atiu,TRUE
CKARU,COOK ISLANDS,ARU,Arutunga,TRUE
CKMGS,COOK ISLANDS,MGS,Mangaia,TRUE
CKMOI,COOK ISLANDS,MOI,Mitiaro Island,TRUE
CKRAR,COOK ISLANDS,RAR,Rarotonga,TRUE
CLACH,CHILE,ACH,Achao,TRUE
CLANF,CHILE,ANF,"Antofagasta, Chile",TRUE
CLARA,CHILE,ARA,Arauco,TRUE
CLARI,CHILE,ARI,"Arica, Chile",TRUE
CLAYA,CHILE,AYA,Ayacara,TRUE
CLBAG,CHILE,BAG,Bahia San Gregorio,TRUE
CLBAR,CHILE,BAR,Barquito,TRUE
CLCAA,CHILE,CAA,Calderilla,TRUE
CLCAL,CHILE,CAL,Caleta Patillos,TRUE
CLCBC,CHILE,CBC,Calbuco,TRUE
CLCCA,CHILE,CCA,Chacao,TRUE
CLCCP,CHILE,CCP,Concepcion,TRUE
CLCDV,CHILE,CDV,Curaco de Velez,TRUE
CLCGR,CHILE,CGR,Cruz Grande,TRUE
CLCHB,CHILE,CHB,Chacabuco,TRUE
CLCHI,CHILE,CHI,Chiguayante,TRUE
CLCHO,CHILE,CHO,Chonchi,TRUE
CLCHR,CHILE,CHR,Cabo de Hornos,TRUE
CLCIS,CHILE,CIS,Puerto Cisnes,TRUE
CLCLD,CHILE,CLD,Caldera,TRUE
CLCLR,CHILE,CLR,Caleta Clarencia,TRUE
CLCNL,CHILE,CNL,"Coronel, Chile",TRUE
CLCNR,CHILE,CNR,Chanaral,TRUE
CLCNX,CHILE,CNX,Cabo Negro,TRUE
CLCOL,CHILE,COL,Caleta Coloso,TRUE
CLCPO,CHILE,CPO,Copiapo,TRUE
CLCQQ,CHILE,CQQ,Coquimbo,TRUE
CLCRH,CHILE,CRH,Carahue,TRUE
CLCRR,CHILE,CRR,Corral,TRUE
CLCST,CHILE,CST,Constitucion,TRUE
CLDCH,CHILE,DCH,Dalcahue,TRUE
CLGUA,CHILE,GUA,Guaitecas,TRUE
CLGUR,CHILE,GUR,Isla Guarello,TRUE
CLGYC,CHILE,GYC,Guayacan,TRUE
CLHSO,CHILE,HSO,Huasco,TRUE
CLHUH,CHILE,HUH,Hualaihue,TRUE
CLIPC,CHILE,IPC,Isla de Pascua,TRUE
CLIQQ,CHILE,IQQ,"Iquique, Chile",TRUE
CLISG,CHILE,ISG,Isla Guarello,TRUE
CLJFZ,CHILE,JFZ,Juan Fernandez,TRUE
CLKNA,CHILE,KNA,Vina del Mar,TRUE
CLLEB,CHILE,LEB,Lebu,TRUE
CLLIA,CHILE,LIA,Llanquihue,TRUE
CLLLI,CHILE,LLI,Llico,TRUE
CLLOS,CHILE,LOS,Los Vilos,TRUE
CLLQN,CHILE,LQN,Lirquen,TRUE
CLLSC,CHILE,LSC,La Serena,TRUE
CLLTA,CHILE,LTA,Lota,TRUE
CLLVS,CHILE,LVS,Las Ventanos,TRUE
CLLVT,CHILE,LVT,Los Vientos,TRUE
CLMIC,CHILE,MIC,Michilla,TRUE
CLMJS,CHILE,MJS,"Melijjones, Chile",TRUE
CLMLI,CHILE,MLI,Melinka,TRUE
CLMLL,CHILE,MLL,Maullin,TRUE
CLOHI,CHILE,OHI,O'Higgins,TRUE
CLOVL,CHILE,OVL,Ovalle,TRUE
CLPAN,CHILE,PAN,Panguipulli,TRUE
CLPAT,CHILE,PAT,Puerto Patache,TRUE
CLPCH,CHILE,PCH,Puerto Chacabuco,TRUE
CLPEO,CHILE,PEO,Penco,TRUE
CLPGA,CHILE,PGA,Pargua,TRUE
CLPIS,CHILE,PIS,Pisagua,TRUE
CLPMC,CHILE,PMC,"Puerto Montt, Chile",TRUE
CLPNT,CHILE,PNT,Puerto Natales,TRUE
CLPOC,CHILE,POC,Puerto Octay,TRUE
CLPOS,CHILE,POS,Posesion,TRUE
CLPPY,CHILE,PPY,Puerto Percy,TRUE
CLPQD,CHILE,PQD,Puqueldon,TRUE
CLPTC,CHILE,PTC,Punta Chungo,TRUE
CLPTE,CHILE,PTE,Quellon (Puerto Quellon),TRUE
CLPTI,CHILE,PTI,Patillos,TRUE
CLPUQ,CHILE,PUQ,"Punta Arenas, Chile",TRUE
CLPVS,CHILE,PVS,Puerto Varas,TRUE
CLQCO,CHILE,QCO,Quinchao,TRUE
CLQLN,CHILE,QLN,Queilen,TRUE
CLQMC,CHILE,QMC,Quemchi,TRUE
CLQTV,CHILE,QTV,Quintero,TRUE
CLQUV,CHILE,QUV,Quellon Viejo,TRUE
CLRAF,CHILE,RAF,Rauco,TRUE
CLSAA,CHILE,SAA,Saavedra,TRUE
CLSAI,CHILE,SAI,"San Antonio, Chile",TRUE
CLSVE,CHILE,SVE,"San Vicente, Chile",TRUE
CLTAL,CHILE,TAL,"Talcahuano, CL Chile",TRUE
CLTLX,CHILE,TLX,Talca,TRUE
CLTOM,CHILE,TOM,Tome,TRUE
CLTON,CHILE,TON,Tongoy,TRUE
CLTOQ,CHILE,TOQ,Tocopilla,TRUE
CLTOR,CHILE,TOR,Tortel,TRUE
CLTPT,CHILE,TPT,Tres Puentes,TRUE
CLTTC,CHILE,TTC,Taltal,TRUE
CLVAP,CHILE,VAP,"Valparaiso, Chile",TRUE
CLVIL,CHILE,VIL,Villarrica,TRUE
CLVNT,CHILE,VNT,Ventanas,TRUE
CLWCA,CHILE,WCA,Castro,TRUE
CLWCH,CHILE,WCH,Chaiten,TRUE
CLWPA,CHILE,WPA,Puerto Aisen,TRUE
CLWPU,CHILE,WPU,Puerto Williams,TRUE
CLZAL,CHILE,ZAL,Valdivia,TRUE
CLZOS,CHILE,ZOS,Osorno,TRUE
CLZUD,CHILE,ZUD,Ancud,TRUE
CMCMO,CAMEROON,CMO,Campo,TRUE
CMDLA,CAMEROON,DLA,"Douala, Cameroon",TRUE
CMGOU,CAMEROON,GOU,Garoua,TRUE
CMKBI,CAMEROON,KBI,Kribi,TRUE
CMKOL,CAMEROON,KOL,Kole Terminal,TRUE
CMLIM,CAMEROON,LIM,Limbe,TRUE
CMLIT,CAMEROON,LIT,Limboh Terminal,TRUE
CMMOU,CAMEROON,MOU,Moudi Terminal,TRUE
CMTKC,CAMEROON,TKC,Tiko,TRUE
CMVCC,CAMEROON,VCC,Victoria,TRUE
CNAIN,CHINA,AIN,Huaiyin,TRUE
CNAQG,CHINA,AQG,Anqing,TRUE
CNBAO,CHINA,BAO,Baoshanmatou,TRUE
CNBAS,CHINA,BAS,Basuo,TRUE
CNBAY,CHINA,BAY,Bayuquan,TRUE
CNBEI,CHINA,BEI,Beilun,TRUE
CNBHY,CHINA,BHY,"Beihai, China",TRUE
CNBOO,CHINA,BOO,Boluo,TRUE
CNCAN,CHINA,CAN,"Guangzhou, China",TRUE
CNCHE,CHINA,CHE,Chengao,TRUE
CNCHO,CHINA,CHO,Chang on,TRUE
CNCHX,CHINA,CHX,Chengxi,TRUE
CNCIX,CHINA,CIX,Cixi,TRUE
CNCJG,CHINA,CJG,Caojing,TRUE
CNCKG,CHINA,CKG,Chongqing,TRUE
CNCLJ,CHINA,CLJ,Chenglingji,TRUE
CNCMG,CHINA,CMG,Chongming,TRUE
CNCNG,CHINA,CNG,Chengde,TRUE
CNCOZ,CHINA,COZ,Chaozhou,TRUE
CNCWN,CHINA,CWN,"Chiwan,China",TRUE
CNDAA,CHINA,DAA,Dagang,TRUE
CNDAN,CHINA,DAN,Daan,TRUE
CNDDG,CHINA,DDG,Dandong,TRUE
CNDJT,CHINA,DJT,Dongjiaotou,TRUE
CNDLC,CHINA,DLC,"Dalian, China",TRUE
CNDNB,CHINA,DNB,Dianbai,TRUE
CNDNG,CHINA,DNG,Donghai,TRUE
CNDOU,CHINA,DOU,Doumen,TRUE
CNDOX,CHINA,DOX,Dongxing,TRUE
CNDSN,CHINA,DSN,Dongshan,TRUE
CNFAN,CHINA,FAN,"Fan Cheng, China",TRUE
CNFNG,CHINA,FNG,Fuyong,TRUE
CNFOC,CHINA,FOC,"Fuzhou, China",TRUE
CNFOS,CHINA,FOS,Foshan,TRUE
CNFUJ,CHINA,FUJ,Fujin,TRUE
CNFUY,CHINA,FUY,Fuyuan,TRUE
CNGAO,CHINA,GAO,Gaogang,TRUE
CNGAS,CHINA,GAS,Gaosha,TRUE
CNGHI,CHINA,GHI,Guanghai,TRUE
CNGOM,CHINA,GOM,Gaoming,TRUE
CNGUG,CHINA,GUG,Guigang,TRUE
CNHAI,CHINA,HAI,Haian,TRUE
CNHAK,CHINA,HAK,Haikou,TRUE
CNHCN,CHINA,HCN,Huachuan,TRUE
CNHEB,CHINA,HEB,Hebei,TRUE
CNHEK,CHINA,HEK,Heihe,TRUE
CNHEY,CHINA,HEY,Heyuan,TRUE
CNHME,CHINA,HME,"Haimen, China",TRUE
CNHMN,CHINA,HMN,Humen,TRUE
CNHOU,CHINA,HOU,Houjie,TRUE
CNHRB,CHINA,HRB,Harbin,TRUE
CNHSI,CHINA,HSI,Huangshi,TRUE
CNHSN,CHINA,HSN,"Heshan, China",TRUE
CNHST,CHINA,HST,Heishantou,TRUE
CNHUA,CHINA,HUA,"Huangpu, China",TRUE
CNHUD,CHINA,HUD,"Hua Du, China",TRUE
CNHUI,CHINA,HUI,"Huizhou, China",TRUE
CNHUL,CHINA,HUL,Hulin,TRUE
CNHUM,CHINA,HUM,Huma,TRUE
CNHUN,CHINA,HUN,Huangpu New Port,TRUE
CNHYN,CHINA,HYN,Huangyan,TRUE
CNHZH,CHINA,HZH,Huzhou,TRUE
CNHZU,CHINA,HZU,Houzhu,TRUE
CNJAY,CHINA,JAY,Jiayin,TRUE
CNJGU,CHINA,JGU,Jinguzhou,TRUE
CNJHG,CHINA,JHG,Jinghong,TRUE
CNJIA,CHINA,JIA,Jiangyin,TRUE
CNJIN,CHINA,JIN,Jingtang (Tangshan),TRUE
CNJIS,CHINA,JIS,Jiangshan,TRUE
CNJIU,CHINA,JIU,"Jiujiang, China",TRUE
CNJMN,CHINA,JMN,"Jiangmen, China",TRUE
CNJMU,CHINA,JMU,Jiamusi,TRUE
CNJNZ,CHINA,JNZ,Jinzhou,TRUE
CNJXN,CHINA,JXN,Jiao Xin,TRUE
CNJZU,CHINA,JZU,Jiuzhou,TRUE
CNKAI,CHINA,KAI,Kaikou,TRUE
CNKWE,CHINA,KWE,Guiyang,TRUE
CNLIH,CHINA,LIH,Lianhuashan,TRUE
CNLKU,CHINA,LKU,Longkou,TRUE
CNLNH,CHINA,LNH,Linhai,TRUE
CNLSH,CHINA,LSH,Lushun,TRUE
CNLSN,CHINA,LSN,Lanshan,TRUE
CNLUB,CHINA,LUB,Luobei,TRUE
CNLUH,CHINA,LUH,"Lua-Hua Shan, China",TRUE
CNLYG,CHINA,LYG,"Lianyungang, China",TRUE
CNLZH,CHINA,LZH,Liuzhou,TRUE
CNMAA,CHINA,MAA,Maanshan,TRUE
CNMAJ,CHINA,MAJ,Majistan/Zhoushan,TRUE
CNMAW,CHINA,MAW,Mawei,TRUE
CNMJS,CHINA,MJS,Maji Shan,TRUE
CNMOH,CHINA,MOH,Mohe,TRUE
CNMWN,CHINA,MWN,Mawan,TRUE
CNNAH,CHINA,NAH,"Nanhai, China",TRUE
CNNAN,CHINA,NAN,Nanao,TRUE
CNNGB,CHINA,NGB,"Ningbo, China",TRUE
CNNKG,CHINA,NKG,"Nanjing, China",TRUE
CNNSA,CHINA,NSA,"Nansha`, CH China",TRUE
CNNTG,CHINA,NTG,"Nantong, China",TRUE
CNPLA,CHINA,PLA,Penglai,TRUE
CNQAW,CHINA,QAW,Qianwan,TRUE
CNQIN,CHINA,QIN,Qingxi,TRUE
CNQLN,CHINA,QLN,Qinglan,TRUE
CNQSA,CHINA,QSA,Qisha,TRUE
CNQSE,CHINA,QSE,"Qingshuihe, Shenzhen",TRUE
CNQSN,CHINA,QSN,"Qianshan, Zhuhai",TRUE
CNQZH,CHINA,QZH,Qinzhou,TRUE
CNQZJ,CHINA,QZJ,Quanzhou,TRUE
CNRNG,CHINA,RNG,Rongcheng,TRUE
CNROH,CHINA,ROH,Raohe,TRUE
CNROQ,CHINA,ROQ,Rongqi,TRUE
CNRPG,CHINA,RPG,Raoping,TRUE
CNRZH,CHINA,RZH,Rizhao,TRUE
CNSBU,CHINA,SBU,Sanbu,TRUE
CNSDG,CHINA,SDG,Shuidong,TRUE
CNSHA,CHINA,SHA,"Shanghai, China",TRUE
CNSHD,CHINA,SHD,Shidao,TRUE
CNSHG,CHINA,SHG,"San Shan, China",TRUE
CNSHK,CHINA,SHK,"Shekou, China",TRUE
CNSHO,CHINA,SHO,Shajiao,TRUE
CNSHP,CHINA,SHP,Qinhuangdao,TRUE
CNSHT,CHINA,SHT,Shating,TRUE
CNSIH,CHINA,SIH,Sihui,TRUE
CNSON,CHINA,SON,Songxia,TRUE
CNSRG,CHINA,SRG,Sanrong,TRUE
CNSSH,CHINA,SSH,Sanshan (Nanhai),TRUE
CNSTB,CHINA,STB,Shitoubu,TRUE
CNSUD,CHINA,SUD,Shunde,TRUE
CNSUW,CHINA,SUW,Sunwu,TRUE
CNSWA,CHINA,SWA,"Shantou, China",TRUE
CNSWE,CHINA,SWE,Shanwei,TRUE
CNSWI,CHINA,SWI,Shiwei,TRUE
CNSXJ,CHINA,SXJ,Shanshan,TRUE
CNSYM,CHINA,SYM,Simao,TRUE
CNSYX,CHINA,SYX,Sanya,TRUE
CNSZX,CHINA,SZX,Shenzhen,TRUE
CNTAG,CHINA,TAG,"Taichang, China",TRUE
CNTAO,CHINA,TAO,"Qingdao, China",TRUE
CNTAP,CHINA,TAP,Taiping,TRUE
CNTAS,CHINA,TAS,Tangshan,TRUE
CNTGU,CHINA,TGU,Tanggu,TRUE
CNTJG,CHINA,TJG,Taijiang,TRUE
CNTOJ,CHINA,TOJ,Tongjiang,TRUE
CNTOL,CHINA,TOL,"Tongling, China",TRUE
CNTSN,CHINA,TSN,"Tianjin, China",TRUE
CNTXG,CHINA,TXG,"Tianjinxingang,China",TRUE
CNWAI,CHINA,WAI,Waihai,TRUE
CNWAZ,CHINA,WAZ,Wanzai,TRUE
CNWEI,CHINA,WEI,Weihai,TRUE
CNWHI,CHINA,WHI,Wuhu,TRUE
CNWNZ,CHINA,WNZ,"Wenzhou, China",TRUE
CNWUH,CHINA,WUH,Wuhan,TRUE
CNWUS,CHINA,WUS,Wusong,TRUE
CNWUZ,CHINA,WUZ,"Wuzhou, China",TRUE
CNXAB,CHINA,XAB,Xinfeng,TRUE
CNXGD,CHINA,XGD,Xingdong,TRUE
CNXGG,CHINA,XGG,"Xingang, China",TRUE
CNXHO,CHINA,XHO,Xiaohudao,TRUE
CNXIN,CHINA,XIN,"Xinhui, China",TRUE
CNXIT,CHINA,XIT,Xintang,TRUE
CNXIU,CHINA,XIU,Xiuyu,TRUE
CNXMN,CHINA,XMN,"Xiamen, China",TRUE
CNXNA,CHINA,XNA,Xinsha,TRUE
CNXSA,CHINA,XSA,Guangzhou,TRUE
CNXUA,CHINA,XUA,Xia Hua,TRUE
CNXUK,CHINA,XUK,Xunke,TRUE
CNXXN,CHINA,XXN,Xixiang,TRUE
CNXYG,CHINA,XYG,Xiuying,TRUE
CNYAN,CHINA,YAN,Yangshan,TRUE
CNYIK,CHINA,YIK,Yingkou,TRUE
CNYIZ,CHINA,YIZ,Yizheng,TRUE
CNYJI,CHINA,YJI,Yangjiang,TRUE
CNYNJ,CHINA,YNJ,Yanji,TRUE
CNYNT,CHINA,YNT,"Yantai, China",TRUE
CNYON,CHINA,YON,Yongtai,TRUE
CNYPG,CHINA,YPG,Yangpu,TRUE
CNYTN,CHINA,YTN,"Yantian, China",TRUE
CNYZH,CHINA,YZH,"Yangzhou, China",TRUE
CNZAP,CHINA,ZAP,"Zhapu, China",TRUE
CNZHA,CHINA,ZHA,"Zhanjiang, China",TRUE
CNZHE,CHINA,ZHE,"Zhenjiang, China",TRUE
CNZHH,CHINA,ZHH,Zhenhai,TRUE
CNZJG,CHINA,ZJG,"Zhangjiagang, China",TRUE
CNZOS,CHINA,ZOS,Zhoushan,TRUE
CNZQG,CHINA,ZQG,"Zhaoqing, China",TRUE
CNZSN,CHINA,ZSN,"Zhongshan, China",TRUE
CNZUH,CHINA,ZUH,"Zhuhai, CH China",TRUE
CNZZU,CHINA,ZZU,"Zhangzhou, China",TRUE
COBAQ,COLOMBIA,BAQ,"Barranqulla, Columbia",TRUE
COBUN,COLOMBIA,BUN,"Buenaventura, Columbia",TRUE
COCIE,COLOMBIA,CIE,Cienaga,TRUE
COCRC,COLOMBIA,CRC,Cartago,TRUE
COCTG,COLOMBIA,CTG,"Cartegena, Columbia",TRUE
COEBQ,COLOMBIA,EBQ,El Bosque,TRUE
COEJA,COLOMBIA,EJA,Barrancabermeja,TRUE
COLET,COLOMBIA,LET,Leticia,TRUE
COMAM,COLOMBIA,MAM,Mamonal,TRUE
COMAU,COLOMBIA,MAU,Manaure,TRUE
COPBE,COLOMBIA,PBE,Puerto Berrio,TRUE
COPBO,COLOMBIA,PBO,Puerto Bolivar,TRUE
COPCR,COLOMBIA,PCR,Puerto Carreno,TRUE
COPNM,COLOMBIA,PNM,Puerto Limon,TRUE
COPOC,COLOMBIA,POC,Pozos Colorados,TRUE
COPPR,COLOMBIA,PPR,Puerto Prodeco,TRUE
COPUC,COLOMBIA,PUC,Puerto Colombia,TRUE
COPUL,COLOMBIA,PUL,Puerto Limon,TRUE
COPUU,COLOMBIA,PUU,Puerto Asis,TRUE
CORCH,COLOMBIA,RCH,Riohacha,TRUE
COSAV,COLOMBIA,SAV,Savanilla,TRUE
COSMR,COLOMBIA,SMR,"Santa Marta, Columbia",TRUE
COTCO,COLOMBIA,TCO,Tumaco,TRUE
COTLU,COLOMBIA,TLU,Tolu,TRUE
COTRB,COLOMBIA,TRB,"Turbo, Colombia",TRUE
CRCAB,COSTA RICA,CAB,Cabo Blanco,TRUE
CRCAI,COSTA RICA,CAI,Caimital,TRUE
CRCAL,COSTA RICA,CAL,Caldera,TRUE
CRCDN,COSTA RICA,CDN,Ciudad Neily,TRUE
CRCIR,COSTA RICA,CIR,Ciruelas,TRUE
CRCOM,COSTA RICA,COM,Chomes,TRUE
CRCYL,COSTA RICA,CYL,Coyol,TRUE
CRFIL,COSTA RICA,FIL,Filadelfia,TRUE
CRFPN,COSTA RICA,FPN,Fraijanes,TRUE
CRGDA,COSTA RICA,GDA,Guardia,TRUE
CRGDP,COSTA RICA,GDP,Golfo de Papagayo,TRUE
CRGLF,COSTA RICA,GLF,Golfito,TRUE
CRGUA,COSTA RICA,GUA,Guatuso,TRUE
CRJIC,COSTA RICA,JIC,Jicaral,TRUE
CRLAF,COSTA RICA,LAF,La Fortuna,TRUE
CRLIO,COSTA RICA,LIO,"Puerto Limon, Costa Rica",TRUE
CRMOB,COSTA RICA,MOB,"Moin Bay, Costa Rica",TRUE
CRMUE,COSTA RICA,MUE,Muelle de San Carlos,TRUE
CRNAN,COSTA RICA,NAN,Nandayure,TRUE
CRNAR,COSTA RICA,NAR,Naranjo,TRUE
CRORO,COSTA RICA,ORO,Orotina,TRUE
CRPAN,COSTA RICA,PAN,Palmar Norte,TRUE
CRPAR,COSTA RICA,PAR,Parrita,TRUE
CRPAS,COSTA RICA,PAS,Puntarenas,TRUE
CRPIT,COSTA RICA,PIT,Pital,TRUE
CRPUM,COSTA RICA,PUM,Punta Morales,TRUE
CRRCD,COSTA RICA,RCD,Rio Cuarto,TRUE
CRRIO,COSTA RICA,RIO,Rio Frio,TRUE
CRSAM,COSTA RICA,SAM,Samara,TRUE
CRSAN,COSTA RICA,SAN,San Ignacio de Acosta,TRUE
CRSJO,COSTA RICA,SJO,"San Jose, Costa Rica",TRUE
CRSPI,COSTA RICA,SPI,Sarapiqui,TRUE
CRSRI,COSTA RICA,SRI,Sarchi,TRUE
CRSSP,COSTA RICA,SSP,San Pedro de Poas,TRUE
CRTIG,COSTA RICA,TIG,La Tigra,TRUE
CRTRE,COSTA RICA,TRE,Tres Rios,TRUE
CRXQP,COSTA RICA,XQP,Quepos (Puerto Quepos),TRUE
CSBAR,,BAR,Bar,TRUE
CSBIJ,,BIJ,Bijela,TRUE
CSBUD,,BUD,Budva,TRUE
CSDIM,,DIM,Dimitrovgrad,TRUE
CSHNO,,HNO,Hercegnovi,TRUE
CSKOT,,KOT,Kotor,TRUE
CSTIV,,TIV,Tivat,TRUE
CSULC,,ULC,Ulcinj,TRUE
CSVRA,,VRA,Vranje,TRUE
CSZEL,,ZEL,Zelenika,TRUE
CUANT,CUBA,ANT,Antilla,TRUE
CUBAN,CUBA,BAN,Banes,TRUE
CUBCA,CUBA,BCA,Baracoa,TRUE
CUBHO,CUBA,BHO,Bahia Honda,TRUE
CUBOG,CUBA,BOG,Boca Grande,TRUE
CUBOQ,CUBA,BOQ,Boqueron,TRUE
CUBUF,CUBA,BUF,Bufadero,TRUE
CUCAB,CUBA,CAB,Cabanas,TRUE
CUCAI,CUBA,CAI,Caibarien,TRUE
CUCAR,CUBA,CAR,Cardenas,TRUE
CUCAS,CUBA,CAS,Casilda,TRUE
CUCEI,CUBA,CEI,Ceiba Hueca,TRUE
CUCFG,CUBA,CFG,Cienfuegos,TRUE
CUCMW,CUBA,CMW,Camaguey,TRUE
CUGER,CUBA,GER,Nueva Gerona,TRUE
CUGUB,CUBA,GUB,"Guantanamo Bay, Cuba",TRUE
CUGYB,CUBA,GYB,Guayabal,TRUE
CUHAV,CUBA,HAV,"Havana, Cuba",TRUE
CUICR,CUBA,ICR,Nicaro,TRUE
CUIDS,CUBA,IDS,Isabela de Sagua,TRUE
CUJUC,CUBA,JUC,Jucaro,TRUE
CUMAR,CUBA,MAR,Mariel,TRUE
CUMEL,CUBA,MEL,Media Luna,TRUE
CUMNT,CUBA,MNT,Manati,TRUE
CUMZO,CUBA,MZO,"Manzanillo 1, Cuba",TRUE
CUNIQ,CUBA,NIQ,Niquero,TRUE
CUNVT,CUBA,NVT,Nuevitas,TRUE
CUPAL,CUBA,PAL,Palo Alto,TRUE
CUPAS,CUBA,PAS,Pastelillo,TRUE
CUPIL,CUBA,PIL,Pilon,TRUE
CUPPA,CUBA,PPA,Puerto Padre,TRUE
CUPTA,CUBA,PTA,Puerto Tarafa,TRUE
CUQCO,CUBA,QCO,Colon,TRUE
CUQMA,CUBA,QMA,Matanzas,TRUE
CURSL,CUBA,RSL,Rio Sagua la Grande,TRUE
CUSCS,CUBA,SCS,Santa Cruz del Sur,TRUE
CUSCU,CUBA,SCU,"Santiago De Cuba, Cuba",TRUE
CUSDT,CUBA,SDT,Sagua de Tanamo,TRUE
CUSNU,CUBA,SNU,Santa Clara,TRUE
CUTDZ,CUBA,TDZ,Tunas de Zaza,TRUE
CUVIT,CUBA,VIT,Vita,TRUE
CVMIN,CAPE VERDE,MIN,Mindelo,TRUE
CVPAL,CAPE VERDE,PAL,Palmeira,TRUE
CVPLM,CAPE VERDE,PLM,Pedra de Lume,TRUE
CVPON,CAPE VERDE,PON,Porto Novo,TRUE
CVPOP,CAPE VERDE,POP,Porto Preguica,TRUE
CVRAI,CAPE VERDE,RAI,Praia,TRUE
CVSAM,CAPE VERDE,SAM,Santa Maria,TRUE
CVSAR,CAPE VERDE,SAR,Sal Rei,TRUE
CVTAR,CAPE VERDE,TAR,Tarrafal,TRUE
CVVXE,CAPE VERDE,VXE,Sao Vicente,TRUE
CXFFC,CHRISTMAS ISLAND,FFC,Flying Fish Cove,TRUE
CYAKT,CYPRUS,AKT,Akrotiri,TRUE
CYAYI,CYPRUS,AYI,Ayia Napa,TRUE
CYDHK,CYPRUS,DHK,Dhekelia,TRUE
CYFMG,CYPRUS,FMG,Famagusta,TRUE
CYKAL,CYPRUS,KAL,Kalecik,TRUE
CYKAR,CYPRUS,KAR,Karavostassi,TRUE
CYKYR,CYPRUS,KYR,Kyrenia,TRUE
CYLAT,CYPRUS,LAT,Latchi,TRUE
CYLCA,CYPRUS,LCA,Larnaca,TRUE
CYLMS,CYPRUS,LMS,"Limassol, Cyprus",TRUE
CYMOI,CYPRUS,MOI,Moni Anchorage,TRUE
CYMPB,CYPRUS,MPB,Morphou Bay,TRUE
CYNIC,CYPRUS,NIC,Nicosia,TRUE
CYPFO,CYPRUS,PFO,Paphos,TRUE
CYVAS,CYPRUS,VAS,Vasilikos,TRUE
CYZER,CYPRUS,ZER,Xeros,TRUE
CYZYY,CYPRUS,ZYY,Zyyi,TRUE
CZCCN,CZECHIA,CCN,Chocen,TRUE
CZDCB,CZECHIA,DCB,Decin,TRUE
CZDIV,CZECHIA,DIV,Divisov,TRUE
CZHSA,CZECHIA,HSA,Hrensko,TRUE
CZKNV,CZECHIA,KNV,Kralupy nad Vltavou,TRUE
CZKSL,CZECHIA,KSL,Kostelec nad Labem,TRUE
CZLOD,CZECHIA,LOD,Lodenice,TRUE
CZMNV,CZECHIA,MNV,Michnov,TRUE
CZNRT,CZECHIA,NRT,Neratovice,TRUE
CZSKT,CZECHIA,SKT,Skutec,TRUE
CZSTE,CZECHIA,STE,Stechovice,TRUE
CZSTT,CZECHIA,STT,Steti,TRUE
CZULN,CZECHIA,ULN,Usti nad Labem,TRUE
DEAAH,GERMANY,AAH,Aachen,TRUE
DEABF,GERMANY,ABF,Abbenfleth,TRUE
DEABH,GERMANY,ABH,Abbehausen,TRUE
DEAGB,GERMANY,AGB,Augsburg,TRUE
DEAGE,GERMANY,AGE,Wangerooge,TRUE
DEALF,GERMANY,ALF,Alfeld/Leine,TRUE
DEALT,GERMANY,ALT,Altena,TRUE
DEAMB,GERMANY,AMB,Amberg,TRUE
DEAND,GERMANY,AND,Andernach,TRUE
DEANK,GERMANY,ANK,Anklam,TRUE
DEAPE,GERMANY,APE,Apen,TRUE
DEARN,GERMANY,ARN,Arnsberg,TRUE
DEASC,GERMANY,ASC,Aschaffenburg,TRUE
DEASS,GERMANY,ASS,Assel,TRUE
DEAUG,GERMANY,AUG,Augustfehn,TRUE
DEAUL,GERMANY,AUL,Aulendorf,TRUE
DEAUR,GERMANY,AUR,Aurich,TRUE
DEAWR,GERMANY,AWR,Achterwehr,TRUE
DEBAM,GERMANY,BAM,Bamberg,TRUE
DEBAS,GERMANY,BAS,Basbeck,TRUE
DEBBG,GERMANY,BBG,Brandenburg,TRUE
DEBBI,GERMANY,BBI,Bietigheim-Bissingen,TRUE
DEBBV,GERMANY,BBV,Bad Bevensen,TRUE
DEBDF,GERMANY,BDF,Bendorf/Rhein,TRUE
DEBDS,GERMANY,BDS,Bad Schandau,TRUE
DEBEI,GERMANY,BEI,Beidenfleth,TRUE
DEBEK,GERMANY,BEK,Bernkastel-Kues,TRUE
DEBEN,GERMANY,BEN,Bensersiel,TRUE
DEBER,GERMANY,BER,"Berlin, Germany",TRUE
DEBES,GERMANY,BES,Bad Essen,TRUE
DEBEV,GERMANY,BEV,Beverungen,TRUE
DEBFF,GERMANY,BFF,Boffzen,TRUE
DEBFH,GERMANY,BFH,Bad Friedrichshall,TRUE
DEBFL,GERMANY,BFL,Borsfleth,TRUE
DEBGL,GERMANY,BGL,Bergisch Gladbach,TRUE
DEBGO,GERMANY,BGO,Bad Godesberg,TRUE
DEBHE,GERMANY,BHE,Bad Hersfeld,TRUE
DEBIN,GERMANY,BIN,Bingen,TRUE
DEBKE,GERMANY,BKE,Brake,TRUE
DEBKF,GERMANY,BKF,Biedenkopf,TRUE
DEBLM,GERMANY,BLM,Blumenthal,TRUE
DEBMK,GERMANY,BMK,Borkum,TRUE
DEBMR,GERMANY,BMR,Baltrum,TRUE
DEBMV,GERMANY,BMV,Bremervorde,TRUE
DEBOC,GERMANY,BOC,Bockhorst,TRUE
DEBOE,GERMANY,BOE,Boblingen,TRUE
DEBOF,GERMANY,BOF,Berndshof,TRUE
DEBOK,GERMANY,BOK,Bokel,TRUE
DEBON,GERMANY,BON,Bonn,TRUE
DEBOT,GERMANY,BOT,Bottrop,TRUE
DEBOY,GERMANY,BOY,Bad Oeynhausen,TRUE
DEBRA,GERMANY,BRA,Bramel,TRUE
DEBRB,GERMANY,BRB,Brunsbuttel,TRUE
DEBRE,GERMANY,BRE,"Bremen, Germany",TRUE
DEBRG,GERMANY,BRG,Burg/Dithmarschen,TRUE
DEBRI,GERMANY,BRI,Brilon,TRUE
DEBRK,GERMANY,BRK,Barnkrug,TRUE
DEBRM,GERMANY,BRM,Bramsche,TRUE
DEBRN,GERMANY,BRN,Bornsen,TRUE
DEBRO,GERMANY,BRO,Brohl-Lutzing,TRUE
DEBRT,GERMANY,BRT,Breitenberg,TRUE
DEBRV,GERMANY,BRV,"Bremerhaven, Germany",TRUE
DEBSA,GERMANY,BSA,Bad Sackingen,TRUE
DEBSH,GERMANY,BSH,Breisach,TRUE
DEBSK,GERMANY,BSK,Burgstaaken/Fehmarn,TRUE
DEBTF,GERMANY,BTF,Brahlstorf,TRUE
DEBUL,GERMANY,BUL,Buhl,TRUE
DEBUM,GERMANY,BUM,Busum,TRUE
DEBUT,GERMANY,BUT,Butjadingen,TRUE
DEBUX,GERMANY,BUX,Buxtehude,TRUE
DEBUZ,GERMANY,BUZ,Butzfleth,TRUE
DEBWE,GERMANY,BWE,Braunschweig,TRUE
DEBZS,GERMANY,BZS,Beddingen,TRUE
DECAR,GERMANY,CAR,Carolinensiel,TRUE
DECGN,GERMANY,CGN,Koln,TRUE
DECHI,GERMANY,CHI,Chiemsee,TRUE
DECOC,GERMANY,COC,Cochem,TRUE
DECRL,GERMANY,CRL,Castrop-Rauxel,TRUE
DECUX,GERMANY,CUX,Cuxhaven,TRUE
DEDAG,GERMANY,DAG,Dagebull,TRUE
DEDAN,GERMANY,DAN,Dangast,TRUE
DEDAP,GERMANY,DAP,Damp,TRUE
DEDAT,GERMANY,DAT,Datteln,TRUE
DEDEG,GERMANY,DEG,Deggendorf,TRUE
DEDIN,GERMANY,DIN,Dinslaken,TRUE
DEDIT,GERMANY,DIT,Ditzum,TRUE
DEDMG,GERMANY,DMG,Dormagen,TRUE
DEDMN,GERMANY,DMN,Demmin,TRUE
DEDOB,GERMANY,DOB,Dornbusch,TRUE
DEDON,GERMANY,DON,Dorsten,TRUE
DEDOW,GERMANY,DOW,Donauworth,TRUE
DEDRA,GERMANY,DRA,Dranske,TRUE
DEDRO,GERMANY,DRO,Drochtersen,TRUE
DEDRP,GERMANY,DRP,Dorpen,TRUE
DEDRS,GERMANY,DRS,Dresden,TRUE
DEDTM,GERMANY,DTM,Dortmund,TRUE
DEDUI,GERMANY,DUI,Duisburg,TRUE
DEDUS,GERMANY,DUS,"Dusseldorf, Germany",TRUE
DEDYK,GERMANY,DYK,Dyckhausen,TRUE
DEEBB,GERMANY,EBB,Eberbach,TRUE
DEECK,GERMANY,ECK,Eckernforde,TRUE
DEEDD,GERMANY,EDD,Eiderdeich,TRUE
DEEGL,GERMANY,EGL,Eggenstein-Leopoldshafen,TRUE
DEEHF,GERMANY,EHF,Einsiedlerhof,TRUE
DEEHI,GERMANY,EHI,Ehingen,TRUE
DEEHS,GERMANY,EHS,Eisenhuttenstadt,TRUE
DEELB,GERMANY,ELB,Ellerbek,TRUE
DEELF,GERMANY,ELF,Elsenfeld,TRUE
DEELM,GERMANY,ELM,Elmshorn,TRUE
DEELS,GERMANY,ELS,Elsfleth,TRUE
DEEME,GERMANY,EME,Emden,TRUE
DEEMM,GERMANY,EMM,Emmerich,TRUE
DEESF,GERMANY,ESF,Estorf/Weser,TRUE
DEESS,GERMANY,ESS,Essen,TRUE
DEESU,GERMANY,ESU,Emmelsum,TRUE
DEETN,GERMANY,ETN,Elten,TRUE
DEEUT,GERMANY,EUT,Eutin,TRUE
DEFDH,GERMANY,FDH,Friedrichshafen,TRUE
DEFFO,GERMANY,FFO,Frankfurt/Oder,TRUE
DEFLF,GERMANY,FLF,Flensburg,TRUE
DEFRA,GERMANY,FRA,"Frankfurt, Germany",TRUE
DEFRE,GERMANY,FRE,Fresenburg,TRUE
DEFRI,GERMANY,FRI,Friedrichstadt,TRUE
DEFYE,GERMANY,FYE,Friesoythe,TRUE
DEGEK,GERMANY,GEK,Gelsenkirchen,TRUE
DEGEL,GERMANY,GEL,Gelting,TRUE
DEGEM,GERMANY,GEM,Gemunden,TRUE
DEGER,GERMANY,GER,Germersheim,TRUE
DEGEV,GERMANY,GEV,Geversdorf,TRUE
DEGFD,GERMANY,GFD,Gersfeld,TRUE
DEGFF,GERMANY,GFF,Grafschaft,TRUE
DEGHM,GERMANY,GHM,Gernsheim,TRUE
DEGIG,GERMANY,GIG,Ginsheim-Gustavsburg,TRUE
DEGIT,GERMANY,GIT,Gittelde,TRUE
DEGKG,GERMANY,GKG,Gross Krotzenburg,TRUE
DEGLU,GERMANY,GLU,Gluckstadt,TRUE
DEGRD,GERMANY,GRD,Greifswald,TRUE
DEGRE,GERMANY,GRE,Greetsiel,TRUE
DEGRO,GERMANY,GRO,Grossenbrode,TRUE
DEGST,GERMANY,GST,Geeste,TRUE
DEGUG,GERMANY,GUG,Gunzburg,TRUE
DEHAF,GERMANY,HAF,Hafenlohr,TRUE
DEHAJ,GERMANY,HAJ,Hannover,TRUE
DEHAM,GERMANY,HAM,"Hamburg, Germany",TRUE
DEHAN,GERMANY,HAN,Hameln,TRUE
DEHAS,GERMANY,HAS,Hassfurt,TRUE
DEHAU,GERMANY,HAU,Hanau,TRUE
DEHBO,GERMANY,HBO,Homberg,TRUE
DEHBR,GERMANY,HBR,Herbrum,TRUE
DEHBU,GERMANY,HBU,Harburg,TRUE
DEHCS,GERMANY,HCS,Hochst,TRUE
DEHED,GERMANY,HED,Heikendorf,TRUE
DEHEE,GERMANY,HEE,Herne,TRUE
DEHEI,GERMANY,HEI,Heidelberg,TRUE
DEHEN,GERMANY,HEN,Heilbronn,TRUE
DEHGE,GERMANY,HGE,Hooge,TRUE
DEHGL,GERMANY,HGL,Helgoland,TRUE
DEHHF,GERMANY,HHF,Heiligenhafen,TRUE
DEHHS,GERMANY,HHS,Hohenhorn,TRUE
DEHIE,GERMANY,HIE,Hille,TRUE
DEHLH,GERMANY,HLH,Haldensleben,TRUE
DEHMM,GERMANY,HMM,Hamm,TRUE
DEHMO,GERMANY,HMO,Hemmoor,TRUE
DEHOB,GERMANY,HOB,Horb,TRUE
DEHOD,GERMANY,HOD,Hochdonn,TRUE
DEHOO,GERMANY,HOO,Hooksiel,TRUE
DEHOS,GERMANY,HOS,Horumersiel,TRUE
DEHOX,GERMANY,HOX,Hoxter,TRUE
DEHRB,GERMANY,HRB,Horneburg,TRUE
DEHRM,GERMANY,HRM,Hornum/Sylt,TRUE
DEHRN,GERMANY,HRN,Haren/Ems,TRUE
DEHRT,GERMANY,HRT,Herten,TRUE
DEHSA,GERMANY,HSA,Hohensaaten,TRUE
DEHSI,GERMANY,HSI,Heidesheim,TRUE
DEHUS,GERMANY,HUS,Husum,TRUE
DEHZN,GERMANY,HZN,Holzminden,TRUE
DEING,GERMANY,ING,Ingolstadt,TRUE
DEINM,GERMANY,INM,Ingelheim,TRUE
DEITZ,GERMANY,ITZ,Itzehoe,TRUE
DEJEM,GERMANY,JEM,Jemgum,TRUE
DEJUI,GERMANY,JUI,Juist,TRUE
DEKAE,GERMANY,KAE,Karlsruhe,TRUE
DEKAM,GERMANY,KAM,Kahl am Main,TRUE
DEKAP,GERMANY,KAP,Kappeln,TRUE
DEKAR,GERMANY,KAR,Karnin,TRUE
DEKBN,GERMANY,KBN,Karben,TRUE
DEKBR,GERMANY,KBR,Kinderbeuern,TRUE
DEKEB,GERMANY,KEB,Kelsterbach,TRUE
DEKEH,GERMANY,KEH,Kehl,TRUE
DEKEL,GERMANY,KEL,Kiel,TRUE
DEKEM,GERMANY,KEM,Kelheim,TRUE
DEKEZ,GERMANY,KEZ,Kellmunz,TRUE
DEKGM,GERMANY,KGM,Konigsmoor,TRUE
DEKHN,GERMANY,KHN,Kellinghusen,TRUE
DEKIE,GERMANY,KIE,Kietz,TRUE
DEKIT,GERMANY,KIT,Kitzingen,TRUE
DEKOB,GERMANY,KOB,Koblenz am Rhein,TRUE
DEKOL,GERMANY,KOL,Kollmar,TRUE
DEKON,GERMANY,KON,Konstanz,TRUE
DEKOW,GERMANY,KOW,Konigswinter,TRUE
DEKPE,GERMANY,KPE,Kampe,TRUE
DEKRA,GERMANY,KRA,Krautsand,TRUE
DEKRE,GERMANY,KRE,Krefeld,TRUE
DEKRV,GERMANY,KRV,Krov,TRUE
DEKWH,GERMANY,KWH,Konigs Wusterhausen,TRUE
DELAB,GERMANY,LAB,Laboe,TRUE
DELAD,GERMANY,LAD,Landau in der Pfalz,TRUE
DELAE,GERMANY,LAE,Lagerdorf,TRUE
DELAM,GERMANY,LAM,Lampertheim,TRUE
DELAT,GERMANY,LAT,Lathen,TRUE
DELBC,GERMANY,LBC,Lubeck,TRUE
DELDH,GERMANY,LDH,Landshut,TRUE
DELEE,GERMANY,LEE,Leer,TRUE
DELEV,GERMANY,LEV,Leverkusen,TRUE
DELEW,GERMANY,LEW,Lemwerder,TRUE
DELGO,GERMANY,LGO,Langeoog,TRUE
DELIG,GERMANY,LIG,Lingen,TRUE
DELIN,GERMANY,LIN,Lintelermarsch,TRUE
DELIS,GERMANY,LIS,List/Sylt,TRUE
DELIU,GERMANY,LIU,Lindau,TRUE
DELLS,GERMANY,LLS,Lulsdorf,TRUE
DELNU,GERMANY,LNU,Lauenburg/Elbe,TRUE
DELON,GERMANY,LON,Longuich,TRUE
DELRN,GERMANY,LRN,Linz am Rhein,TRUE
DELUH,GERMANY,LUH,Ludwigshafen,TRUE
DEMAG,GERMANY,MAG,Magdeburg,TRUE
DEMAI,GERMANY,MAI,Mainz,TRUE
DEMEI,GERMANY,MEI,Meissen,TRUE
DEMEL,GERMANY,MEL,Meldorf,TRUE
DEMEM,GERMANY,MEM,Memmert,TRUE
DEMHG,GERMANY,MHG,Mannheim,TRUE
DEMHM,GERMANY,MHM,Monheim,TRUE
DEMID,GERMANY,MID,Minden,TRUE
DEMIL,GERMANY,MIL,Miltenberg,TRUE
DEMIN,GERMANY,MIN,Minsen,TRUE
DEMMM,GERMANY,MMM,Mommenheim,TRUE
DEMOE,GERMANY,MOE,Molln,TRUE
DEMRM,GERMANY,MRM,Marcardsmoor,TRUE
DEMRS,GERMANY,MRS,Mariensiel,TRUE
DEMSH,GERMANY,MSH,Mescherin,TRUE
DEMSR,GERMANY,MSR,Munster,TRUE
DEMUH,GERMANY,MUH,Mulheim an der Ruhr,TRUE
DEMUK,GERMANY,MUK,Mukran,TRUE
DEMUN,GERMANY,MUN,Munster,TRUE
DENED,GERMANY,NED,Neuwied,TRUE
DENEF,GERMANY,NEF,Neufeld,TRUE
DENEH,GERMANY,NEH,Neuhaus an der Oste,TRUE
DENEL,GERMANY,NEL,Neuland/Elbe,TRUE
DENES,GERMANY,NES,Nessmersiel,TRUE
DENHA,GERMANY,NHA,Nordenham,TRUE
DENHL,GERMANY,NHL,Niehl/Koln,TRUE
DENHN,GERMANY,NHN,Nordhorn,TRUE
DENHO,GERMANY,NHO,Neustadt in Holstein,TRUE
DENHS,GERMANY,NHS,Neuharlingersiel,TRUE
DENIE,GERMANY,NIE,Nienburg,TRUE
DENOD,GERMANY,NOD,Norden,TRUE
DENOE,GERMANY,NOE,Norddeich,TRUE
DENOR,GERMANY,NOR,Nordstrand,TRUE
DENRD,GERMANY,NRD,Norderney,TRUE
DENSC,GERMANY,NSC,Neuenschleuse,TRUE
DENSS,GERMANY,NSS,Neuss,TRUE
DENST,GERMANY,NST,Neckarsteinach,TRUE
DENUE,GERMANY,NUE,Nurnberg,TRUE
DEOBE,GERMANY,OBE,Oberhausen,TRUE
DEOFF,GERMANY,OFF,Offenbach,TRUE
DEOLB,GERMANY,OLB,Oldenbuttel,TRUE
DEOLO,GERMANY,OLO,Oldenburg,TRUE
DEOLP,GERMANY,OLP,Olpenitz,TRUE
DEOPP,GERMANY,OPP,Oppenheim,TRUE
DEORS,GERMANY,ORS,Orsoy,TRUE
DEORT,GERMANY,ORT,Orth/Fehmarn,TRUE
DEOSN,GERMANY,OSN,Osnabruck,TRUE
DEOSR,GERMANY,OSR,Ostermoor,TRUE
DEOSW,GERMANY,OSW,Oestrich-Winkel,TRUE
DEOTT,GERMANY,OTT,Otterndorf,TRUE
DEPAH,GERMANY,PAH,Pahlhude,TRUE
DEPAP,GERMANY,PAP,Papenburg,TRUE
DEPAS,GERMANY,PAS,Passau,TRUE
DEPEI,GERMANY,PEI,Peine,TRUE
DEPEL,GERMANY,PEL,Pellworm,TRUE
DEPEN,GERMANY,PEN,Pente,TRUE
DEPIN,GERMANY,PIN,Pinneberg,TRUE
DEPOT,GERMANY,POT,Potsdam,TRUE
DEPRA,GERMANY,PRA,Pirna,TRUE
DEPRW,GERMANY,PRW,Prerow,TRUE
DEPSH,GERMANY,PSH,St Peter-Ording,TRUE
DEPSW,GERMANY,PSW,Petershagen/Weser,TRUE
DEPTD,GERMANY,PTD,Petersdorf,TRUE
DEPUT,GERMANY,PUT,Puttgarden,TRUE
DERAD,GERMANY,RAD,Radolfzell,TRUE
DERAR,GERMANY,RAR,Ruhstorf an der Rott,TRUE
DEREE,GERMANY,REE,Reepsholt,TRUE
DEREG,GERMANY,REG,Regensburg,TRUE
DEREM,GERMANY,REM,Remagen,TRUE
DEREN,GERMANY,REN,Rendsburg,TRUE
DERHB,GERMANY,RHB,Rheinberg,TRUE
DERHE,GERMANY,RHE,Rheine,TRUE
DERHL,GERMANY,RHL,Rheinbrohl,TRUE
DEROS,GERMANY,ROS,Rosenheim,TRUE
DERSK,GERMANY,RSK,Rostock,TRUE
DERUE,GERMANY,RUE,Rudesheim,TRUE
DERUM,GERMANY,RUM,Russelsheim,TRUE
DESAA,GERMANY,SAA,Saarlouis,TRUE
DESAG,GERMANY,SAG,Saarburg,TRUE
DESAR,GERMANY,SAR,Salzgitter,TRUE
DESAS,GERMANY,SAS,Sassnitz,TRUE
DESAU,GERMANY,SAU,Schacht-Audorf,TRUE
DESCN,GERMANY,SCN,Saarbrucken,TRUE
DESCW,GERMANY,SCW,Schweinfurt,TRUE
DESDD,GERMANY,SDD,"Steenodde, Amrum",TRUE
DESDE,GERMANY,SDE,"Sande, Friesland",TRUE
DESDT,GERMANY,SDT,Schwedt,TRUE
DESEH,GERMANY,SEH,Sehestedt/Eider,TRUE
DESLS,GERMANY,SLS,Schleswig,TRUE
DESMA,GERMANY,SMA,St Margarethen,TRUE
DESNC,GERMANY,SNC,Sunching,TRUE
DESNE,GERMANY,SNE,Sehnde,TRUE
DESPE,GERMANY,SPE,Speyer,TRUE
DESPI,GERMANY,SPI,Spiekeroog,TRUE
DESPS,GERMANY,SPS,Schulper Neuensiel,TRUE
DESRI,GERMANY,SRI,Schweringen,TRUE
DESTA,GERMANY,STA,Stade,TRUE
DESTB,GERMANY,STB,Straubing,TRUE
DESTD,GERMANY,STD,Strande,TRUE
DESTL,GERMANY,STL,Stralsund,TRUE
DESTS,GERMANY,STS,Stader Sand,TRUE
DESUD,GERMANY,SUD,Suderstapel,TRUE
DETAE,GERMANY,TAE,Tangermunde,TRUE
DETMH,GERMANY,TMH,Torfmoorholle,TRUE
DETOE,GERMANY,TOE,Tonning,TRUE
DETOS,GERMANY,TOS,Tossens,TRUE
DETRI,GERMANY,TRI,Trier,TRUE
DETRT,GERMANY,TRT,Traben-Trarbach,TRUE
DETRV,GERMANY,TRV,Travemunde,TRUE
DEUCK,GERMANY,UCK,Ueckermunde,TRUE
DEUEB,GERMANY,UEB,Uberlingen,TRUE
DEUEL,GERMANY,UEL,Uelzen,TRUE
DEUET,GERMANY,UET,Uetersen,TRUE
DEULM,GERMANY,ULM,Ulm,TRUE
DEUPS,GERMANY,UPS,Upschort,TRUE
DEURN,GERMANY,URN,Uerdingen/Krefeld,TRUE
DEVAR,GERMANY,VAR,Varel,TRUE
DEVBS,GERMANY,VBS,Vilsbiburg,TRUE
DEVEN,GERMANY,VEN,Venne,TRUE
DEVOE,GERMANY,VOE,Volklingen,TRUE
DEVRD,GERMANY,VRD,Voerde,TRUE
DEWAC,GERMANY,WAC,Westeraccumersiel,TRUE
DEWAR,GERMANY,WAR,Warnemunde,TRUE
DEWED,GERMANY,WED,Wedel,TRUE
DEWEE,GERMANY,WEE,Weener,TRUE
DEWES,GERMANY,WES,Wesel,TRUE
DEWEW,GERMANY,WEW,Wewelsfleth,TRUE
DEWIB,GERMANY,WIB,Wiesbaden,TRUE
DEWIE,GERMANY,WIE,Wiesens,TRUE
DEWIF,GERMANY,WIF,Wischhafen,TRUE
DEWIH,GERMANY,WIH,Wisch,TRUE
DEWIK,GERMANY,WIK,Wiek,TRUE
DEWIL,GERMANY,WIL,Wilster,TRUE
DEWIM,GERMANY,WIM,Wimmer,TRUE
DEWIS,GERMANY,WIS,Wismar,TRUE
DEWIT,GERMANY,WIT,Wittlage,TRUE
DEWLM,GERMANY,WLM,Walsum,TRUE
DEWOB,GERMANY,WOB,Wolfsburg,TRUE
DEWOE,GERMANY,WOE,Worth am Rhein,TRUE
DEWOF,GERMANY,WOF,Wolfgang,TRUE
DEWOL,GERMANY,WOL,Wolgast,TRUE
DEWOR,GERMANY,WOR,Worms,TRUE
DEWTG,GERMANY,WTG,Wittenberg,TRUE
DEWTM,GERMANY,WTM,Wertheim,TRUE
DEWTP,GERMANY,WTP,Waltrop,TRUE
DEWUD,GERMANY,WUD,Wulsdorf,TRUE
DEWUE,GERMANY,WUE,Wurzburg,TRUE
DEWVN,GERMANY,WVN,Wilhelmshaven,TRUE
DEWYK,GERMANY,WYK,Wyk auf Fohr,TRUE
DEXFW,GERMANY,XFW,Finkenwerder,TRUE
DEZLT,GERMANY,ZLT,Zeltingen-Rachtig,TRUE
DJJIB,DJIBOUTI,JIB,Djibouti,TRUE
DKAAB,DENMARK,AAB,Aabenraa,TRUE
DKAAL,DENMARK,AAL,Aalborg,TRUE
DKAAR,DENMARK,AAR,"Aarhus, Denmark",TRUE
DKABT,DENMARK,ABT,Albertslund,TRUE
DKAGE,DENMARK,AGE,Allinge,TRUE
DKAGH,DENMARK,AGH,Agger Havn,TRUE
DKAGO,DENMARK,AGO,Agerso,TRUE
DKANH,DENMARK,ANH,Anholt,TRUE
DKARD,DENMARK,ARD,Arosund,TRUE
DKARK,DENMARK,ARK,Aroskobing,TRUE
DKARO,DENMARK,ARO,Aro,TRUE
DKASA,DENMARK,ASA,Asaa,TRUE
DKASH,DENMARK,ASH,Aggersund,TRUE
DKASK,DENMARK,ASK,Asko,TRUE
DKASN,DENMARK,ASN,Assens,TRUE
DKASV,DENMARK,ASV,Asnasvarkets Havn,TRUE
DKAUB,DENMARK,AUB,Augustenborg,TRUE
DKAVE,DENMARK,AVE,Avedorevarkets Havn,TRUE
DKAVK,DENMARK,AVK,Avernak By,TRUE
DKBAG,DENMARK,BAG,Bagenkop,TRUE
DKBDX,DENMARK,BDX,Bandholm,TRUE
DKBDY,DENMARK,BDY,Brody,TRUE
DKBEL,DENMARK,BEL,Bellinge,TRUE
DKBGO,DENMARK,BGO,Baago,TRUE
DKBGS,DENMARK,BGS,Bagsvard,TRUE
DKBGZ,DENMARK,BGZ,Bogense,TRUE
DKBLB,DENMARK,BLB,Ballebro,TRUE
DKBLN,DENMARK,BLN,Blans,TRUE
DKBOG,DENMARK,BOG,Bogo By,TRUE
DKBOS,DENMARK,BOS,Bojden,TRUE
DKBRB,DENMARK,BRB,Brabrand,TRUE
DKBRH,DENMARK,BRH,Branden Havn,TRUE
DKBRY,DENMARK,BRY,Brondby,TRUE
DKBTP,DENMARK,BTP,Bostrup,TRUE
DKCPH,DENMARK,CPH,"Cpenhagen, Denmark",TRUE
DKDAN,DENMARK,DAN,Cementfabriken Dania,TRUE
DKDAS,DENMARK,DAS,Dansk Salts Havn,TRUE
DKDRA,DENMARK,DRA,Dragor,TRUE
DKDRS,DENMARK,DRS,Drosby,TRUE
DKEBJ,DENMARK,EBJ,Esbjerg,TRUE
DKEBT,DENMARK,EBT,Ebeltoft,TRUE
DKEDL,DENMARK,EDL,Endelave,TRUE
DKEGN,DENMARK,EGN,Egense,TRUE
DKEND,DENMARK,END,Egernsund,TRUE
DKENS,DENMARK,ENS,Enstedvarket Havn,TRUE
DKFAA,DENMARK,FAA,Faaborg,TRUE
DKFAK,DENMARK,FAK,Fakse Ladeplads Havn,TRUE
DKFDH,DENMARK,FDH,Frederikshavn,TRUE
DKFDS,DENMARK,FDS,Frederikssund,TRUE
DKFDV,DENMARK,FDV,Frederiksvark,TRUE
DKFEJ,DENMARK,FEJ,Fejo,TRUE
DKFGS,DENMARK,FGS,Feggesund,TRUE
DKFMO,DENMARK,FMO,Femo,TRUE
DKFRC,DENMARK,FRC,"Fredericia, Denmark",TRUE
DKFUH,DENMARK,FUH,Fur,TRUE
DKFYH,DENMARK,FYH,Fynshav,TRUE
DKGBY,DENMARK,GBY,Gamby,TRUE
DKGDM,DENMARK,GDM,Gudhjem,TRUE
DKGED,DENMARK,GED,Gedser,TRUE
DKGFH,DENMARK,GFH,Gulfhavn,TRUE
DKGJS,DENMARK,GJS,Gjessing,TRUE
DKGLB,DENMARK,GLB,Gleibjerg,TRUE
DKGLY,DENMARK,GLY,Glyngore,TRUE
DKGRA,DENMARK,GRA,Grasten,TRUE
DKGRE,DENMARK,GRE,Grenaa,TRUE
DKHAD,DENMARK,HAD,Haderslev,TRUE
DKHAN,DENMARK,HAN,Hanstholm,TRUE
DKHAS,DENMARK,HAS,Hals,TRUE
DKHBG,DENMARK,HBG,Houborg,TRUE
DKHBK,DENMARK,HBK,Holbak,TRUE
DKHBO,DENMARK,HBO,Hobro,TRUE
DKHBY,DENMARK,HBY,Haarby,TRUE
DKHDH,DENMARK,HDH,Hardeshoj,TRUE
DKHER,DENMARK,HER,Herning,TRUE
DKHIR,DENMARK,HIR,Hirtshals,TRUE
DKHJB,DENMARK,HJB,Hojbjerg,TRUE
DKHJT,DENMARK,HJT,Hjerting,TRUE
DKHLS,DENMARK,HLS,Helsingor,TRUE
DKHNB,DENMARK,HNB,Havneby,TRUE
DKHOH,DENMARK,HOH,Hou Havn,TRUE
DKHOR,DENMARK,HOR,Horsens,TRUE
DKHSB,DENMARK,HSB,Holstebro,TRUE
DKHSL,DENMARK,HSL,Hasle,TRUE
DKHSS,DENMARK,HSS,Hasselager,TRUE
DKHSU,DENMARK,HSU,Hadsund,TRUE
DKHUN,DENMARK,HUN,Hundested,TRUE
DKHVA,DENMARK,HVA,Hvalpsund,TRUE
DKHVG,DENMARK,HVG,Havnegade,TRUE
DKHVN,DENMARK,HVN,Havnso,TRUE
DKISJ,DENMARK,ISJ,Ishoj,TRUE
DKJUE,DENMARK,JUE,Juelsminde,TRUE
DKKAL,DENMARK,KAL,Kalundborg,TRUE
DKKAR,DENMARK,KAR,Karlslunde,TRUE
DKKBY,DENMARK,KBY,Kyndbyvaerkets Havn,TRUE
DKKHV,DENMARK,KHV,Knudshoved,TRUE
DKKOG,DENMARK,KOG,Koge,TRUE
DKKOK,DENMARK,KOK,Kolby Kas,TRUE
DKKOL,DENMARK,KOL,Kolding,TRUE
DKKRA,DENMARK,KRA,Kragenas,TRUE
DKKRR,DENMARK,KRR,Korsor,TRUE
DKKTD,DENMARK,KTD,Kerteminde,TRUE
DKKTP,DENMARK,KTP,Kastrup,TRUE
DKKVR,DENMARK,KVR,Kvarndrup,TRUE
DKLGR,DENMARK,LGR,Logstor,TRUE
DKLIN,DENMARK,LIN,Lindo Havn,TRUE
DKLOH,DENMARK,LOH,Lohals,TRUE
DKLVG,DENMARK,LVG,Lemvig,TRUE
DKLYO,DENMARK,LYO,Lyngs Odde Havn,TRUE
DKMAS,DENMARK,MAS,Masnedo,TRUE
DKMID,DENMARK,MID,Middelfart,TRUE
DKMNS,DENMARK,MNS,Masnedsund,TRUE
DKMOM,DENMARK,MOM,Mommark,TRUE
DKMRB,DENMARK,MRB,Marbak Havn,TRUE
DKMRR,DENMARK,MRR,Mariager,TRUE
DKMRS,DENMARK,MRS,Marstal,TRUE
DKNAK,DENMARK,NAK,Nakskov,TRUE
DKNBG,DENMARK,NBG,Nyborg,TRUE
DKNBR,DENMARK,NBR,Nordborg,TRUE
DKNDB,DENMARK,NDB,"Nordby Havn, Fano",TRUE
DKNEX,DENMARK,NEX,Nekso,TRUE
DKNRE,DENMARK,NRE,Norre Aaby,TRUE
DKNRS,DENMARK,NRS,Norresundby,TRUE
DKNSD,DENMARK,NSD,Norre Snede,TRUE
DKNTD,DENMARK,NTD,Nysted,TRUE
DKNUD,DENMARK,NUD,Nassund,TRUE
DKNVD,DENMARK,NVD,Nastved,TRUE
DKNYF,DENMARK,NYF,Nykobing Falster,TRUE
DKNYM,DENMARK,NYM,Nykobing Mors,TRUE
DKODE,DENMARK,ODE,Odense,TRUE
DKOMO,DENMARK,OMO,Omo,TRUE
DKORE,DENMARK,ORE,"Orehoved, Falster",TRUE
DKORO,DENMARK,ORO,Oro,TRUE
DKOTR,DENMARK,OTR,Ovtrup,TRUE
DKOTT,DENMARK,OTT,Otterup,TRUE
DKRAN,DENMARK,RAN,Randers,TRUE
DKRKB,DENMARK,RKB,Rudkobing,TRUE
DKRKE,DENMARK,RKE,Roskilde,TRUE
DKRNN,DENMARK,RNN,Ronne,TRUE
DKROD,DENMARK,ROD,Rodbyhavn,TRUE
DKROF,DENMARK,ROF,Rodby (Fagehavn),TRUE
DKRRV,DENMARK,RRV,Rorvig,TRUE
DKSAE,DENMARK,SAE,Saby,TRUE
DKSAG,DENMARK,SAG,Sandager,TRUE
DKSAX,DENMARK,SAX,Sakskobing,TRUE
DKSBK,DENMARK,SBK,Stubbekobing,TRUE
DKSDO,DENMARK,SDO,Skaro/Drejo,TRUE
DKSEO,DENMARK,SEO,Sejero,TRUE
DKSGD,DENMARK,SGD,Sonderborg,TRUE
DKSJB,DENMARK,SJB,Skejby,TRUE
DKSJO,DENMARK,SJO,Sjallands Odde,TRUE
DKSKA,DENMARK,SKA,Skagen,TRUE
DKSKB,DENMARK,SKB,Skarbak,TRUE
DKSKI,DENMARK,SKI,Stenkilde,TRUE
DKSKR,DENMARK,SKR,Skrydstrup,TRUE
DKSKV,DENMARK,SKV,Skive,TRUE
DKSLB,DENMARK,SLB,Silkeborg,TRUE
DKSLV,DENMARK,SLV,Salvig Havn,TRUE
DKSMO,DENMARK,SMO,Smorum,TRUE
DKSNE,DENMARK,SNE,Snekkersten,TRUE
DKSNO,DENMARK,SNO,Stryno,TRUE
DKSOB,DENMARK,SOB,Soby Havn,TRUE
DKSPB,DENMARK,SPB,Spodsbjerg Havn,TRUE
DKSSK,DENMARK,SSK,Skalskor,TRUE
DKSSV,DENMARK,SSV,Studstrupvarkets Havn,TRUE
DKSTA,DENMARK,STA,Stavning,TRUE
DKSTB,DENMARK,STB,Strib Havn,TRUE
DKSTE,DENMARK,STE,Stege,TRUE
DKSTG,DENMARK,STG,Stignasvarkets Havn,TRUE
DKSTN,DENMARK,STN,Stigsnas,TRUE
DKSTR,DENMARK,STR,Struer,TRUE
DKSTT,DENMARK,STT,Statoil-Havnen,TRUE
DKSUE,DENMARK,SUE,Sundsore,TRUE
DKSVA,DENMARK,SVA,Svaneke,TRUE
DKSVE,DENMARK,SVE,Svendborg,TRUE
DKSVG,DENMARK,SVG,Sandvig,TRUE
DKSVV,DENMARK,SVV,Stalvalsevarket,TRUE
DKSYD,DENMARK,SYD,Sydborg,TRUE
DKTED,DENMARK,TED,Thisted,TRUE
DKTMD,DENMARK,TMD,Thorsminde,TRUE
DKTNO,DENMARK,TNO,Tuno,TRUE
DKTON,DENMARK,TON,Tonder,TRUE
DKTRN,DENMARK,TRN,Tranebjerg,TRUE
DKTRS,DENMARK,TRS,Tars,TRUE
DKTUB,DENMARK,TUB,Tuborg,TRUE
DKTYB,DENMARK,TYB,Tyboron,TRUE
DKUNX,DENMARK,UNX,Masnedsund Godningshamn,TRUE
DKVAL,DENMARK,VAL,Valby,TRUE
DKVEJ,DENMARK,VEJ,Vejle,TRUE
DKVEN,DENMARK,VEN,Veno Havn,TRUE
DKVES,DENMARK,VES,"Vestero Havn, Laso",TRUE
DKVIR,DENMARK,VIR,Virum,TRUE
DKVNG,DENMARK,VNG,Vang Havn,TRUE
DKVOR,DENMARK,VOR,Vordingborg,TRUE
DKVSV,DENMARK,VSV,Norjyllandsvarkets havn,TRUE
DMADM,DOMINICA,ADM,Anse du Mai,TRUE
DMBEL,DOMINICA,BEL,Belfast,TRUE
DMPOR,DOMINICA,POR,Portsmouth,TRUE
DMRSU,DOMINICA,RSU,"Roseau, Dominica",TRUE
DOAZU,DOMINICAN REPUBLIC,AZU,Azua,TRUE
DOBAN,DOMINICAN REPUBLIC,BAN,Bani,TRUE
DOBRX,DOMINICAN REPUBLIC,BRX,Barahona,TRUE
DOCBJ,DOMINICAN REPUBLIC,CBJ,Cabo Rojo,TRUE
DOHAI,DOMINICAN REPUBLIC,HAI,"Rio Haina, Dominica Republic",TRUE
DOLRM,DOMINICAN REPUBLIC,LRM,La Romana,TRUE
DOMAN,DOMINICAN REPUBLIC,MAN,Manzanillo,TRUE
DOPDR,DOMINICAN REPUBLIC,PDR,Pedernales,TRUE
DOPUD,DOMINICAN REPUBLIC,PUD,Puerto Duarte,TRUE
DOPUO,DOMINICAN REPUBLIC,PUO,Puerto Libertador,TRUE
DOPVA,DOMINICAN REPUBLIC,PVA,Puerto Viejo de Azua,TRUE
DOSFN,DOMINICAN REPUBLIC,SFN,San Francisco de Macoris,TRUE
DOSNX,DOMINICAN REPUBLIC,SNX,Sabana de la Mar,TRUE
DOSNZ,DOMINICAN REPUBLIC,SNZ,Sanchez,TRUE
DOSPM,DOMINICAN REPUBLIC,SPM,San Pedro de Macoris,TRUE
DOSTI,DOMINICAN REPUBLIC,STI,Santiago de los Caballeros,TRUE
DOVAL,DOMINICAN REPUBLIC,VAL,Villa Altagracia,TRUE
DZAAE,ALGERIA,AAE,Annaba (ex Bone),TRUE
DZALG,ALGERIA,ALG,Alger (Algiers),TRUE
DZAZW,ALGERIA,AZW,Arzew,TRUE
DZBJA,ALGERIA,BJA,Bejaia (ex Bougie),TRUE
DZBSF,ALGERIA,BSF,Benisaf,TRUE
DZBTA,ALGERIA,BTA,Bethoula,TRUE
DZCHE,ALGERIA,CHE,Cherchell,TRUE
DZCOL,ALGERIA,COL,Collo,TRUE
DZDEL,ALGERIA,DEL,Dellys,TRUE
DZDJE,ALGERIA,DJE,Djen-Djen,TRUE
DZDJI,ALGERIA,DJI,Djidjelli,TRUE
DZGHA,ALGERIA,GHA,Ghardaia,TRUE
DZGHZ,ALGERIA,GHZ,Ghazaouet,TRUE
DZMOS,ALGERIA,MOS,Mostaganem,TRUE
DZORN,ALGERIA,ORN,Oran,TRUE
DZSKI,ALGERIA,SKI,Skikda (ex Philippeville),TRUE
DZTEN,ALGERIA,TEN,Tenes,TRUE
DZTLM,ALGERIA,TLM,Tlemcen,TRUE
ECAYO,ECUADOR,AYO,"Puerto Ayora, Isla Santa Cruz",TRUE
ECBAQ,ECUADOR,BAQ,Puerto Baquerizo Moreno,TRUE
ECBHA,ECUADOR,BHA,Bahia de Caraquez,TRUE
ECCAT,ECUADOR,CAT,Caleta Tagus,TRUE
ECCUE,ECUADOR,CUE,Cuenca,TRUE
ECDUN,ECUADOR,DUN,Duran,TRUE
ECEBL,ECUADOR,EBL,Balao,TRUE
ECESM,ECUADOR,ESM,"Esmeraldas, Ecuador",TRUE
ECGYE,ECUADOR,GYE,"Guayaquil, Ecuador",TRUE
ECLLD,ECUADOR,LLD,La Libertad,TRUE
ECMEC,ECUADOR,MEC,"Manta, Ecuador",TRUE
ECPBO,ECUADOR,PBO,Puerto Bolivar,TRUE
ECPUN,ECUADOR,PUN,Puna,TRUE
ECPVO,ECUADOR,PVO,Portoviejo,TRUE
ECSLR,ECUADOR,SLR,San Lorenzo,TRUE
ECSNC,ECUADOR,SNC,Salinas,TRUE
ECSYM,ECUADOR,SYM,Seymour,TRUE
ECTEP,ECUADOR,TEP,Tepre,TRUE
ECVIL,ECUADOR,VIL,"Puerto Villamil, Isla Isabela",TRUE
EEASE,ESTONIA,ASE,Aseri,TRUE
EEHAA,ESTONIA,HAA,Haapsalu,TRUE
EEKUN,ESTONIA,KUN,Kunda,TRUE
EEMID,ESTONIA,MID,Miiduranna,TRUE
EEMUU,ESTONIA,MUU,Muuga,TRUE
EEPAR,ESTONIA,PAR,Parnu,TRUE
EEPLA,ESTONIA,PLA,Paldiski,TRUE
EEROH,ESTONIA,ROH,Rohukula,TRUE
EEROO,ESTONIA,ROO,Roomassaar,TRUE
EETLL,ESTONIA,TLL,"Tallinn, Estonia",TRUE
EEURE,ESTONIA,URE,Kuressaare,TRUE
EEVEB,ESTONIA,VEB,Vene Balti/Tallinn,TRUE
EGADA,EGYPT,ADA,Adabiya,TRUE
EGAIS,EGYPT,AIS,Ain Sukhna,TRUE
EGAKI,EGYPT,AKI,Abu Kir,TRUE
EGALY,EGYPT,ALY,"Alexandria, Egypt",TRUE
EGAQU,EGYPT,AQU,Al Qusayr,TRUE
EGASW,EGYPT,ASW,Aswan,TRUE
EGAUE,EGYPT,AUE,Abu Rudeis,TRUE
EGAZA,EGYPT,AZA,Abu Zenimah,TRUE
EGCAI,EGYPT,CAI,El Qahira (= Cairo),TRUE
EGDAM,EGYPT,DAM,"Damietta, Egypt",TRUE
EGEDK,EGYPT,EDK,El Dekheila,TRUE
EGFAD,EGYPT,FAD,Fa'id,TRUE
EGFAN,EGYPT,FAN,Fanara,TRUE
EGGEI,EGYPT,GEI,Geisum Terminal,TRUE
EGHAL,EGYPT,HAL,Halaib,TRUE
EGHAM,EGYPT,HAM,Hamrawein,TRUE
EGHRG,EGYPT,HRG,Hurghada,TRUE
EGISM,EGYPT,ISM,Ismailia,TRUE
EGMAH,EGYPT,MAH,Mersa El Hamra,TRUE
EGNUW,EGYPT,NUW,Nuwaiba,TRUE
EGPIB,EGYPT,PIB,Port Ibrahim,TRUE
EGPRA,EGYPT,PRA,Rashid,TRUE
EGPSD,EGYPT,PSD,Port Said,TRUE
EGPTK,EGYPT,PTK,Port Tewfik,TRUE
EGRAG,EGYPT,RAG,Ras Gharib,TRUE
EGRSH,EGYPT,RSH,Ras Shukheir,TRUE
EGSBA,EGYPT,SBA,Sidi Barrani,TRUE
EGSGA,EGYPT,SGA,Safaga,TRUE
EGSOK,EGYPT,SOK,Sokhna Port,TRUE
EGSOS,EGYPT,SOS,Sosdi/6th October,TRUE
EGSSH,EGYPT,SSH,Sharm ash Shaykh,TRUE
EGSUZ,EGYPT,SUZ,El Suweis (= Suez),TRUE
EGWAF,EGYPT,WAF,Wadi Feiran,TRUE
EHEAI,WESTERN SAHARA,EAI,Ejbei Uad el Aabd,TRUE
ERASA,ERITREA,ASA,Assab,TRUE
ERMSW,ERITREA,MSW,Massawa (Mitsiwa),TRUE
ESABR,SPAIN,ABR,Abronigal,TRUE
ESACE,SPAIN,ACE,Lanzarote,TRUE
ESACP,SPAIN,ACP,Aldeanueva Del Campo,TRUE
ESADR,SPAIN,ADR,Adra,TRUE
ESAFU,SPAIN,AFU,Alfahuir,TRUE
ESAGA,SPAIN,AGA,Agaete,TRUE
ESAGC,SPAIN,AGC,Argoncillo,TRUE
ESAGP,SPAIN,AGP,Malaga,TRUE
ESAGT,SPAIN,AGT,Agullent,TRUE
ESAGU,SPAIN,AGU,Aguilas,TRUE
ESAGY,SPAIN,AGY,Alfondeguilla,TRUE
ESAHP,SPAIN,AHP,Alhama,TRUE
ESAIP,SPAIN,AIP,Alacuas,TRUE
ESAJB,SPAIN,AJB,Albal,TRUE
ESALA,SPAIN,ALA,Villarreal de Alava,TRUE
ESALC,SPAIN,ALC,Alicante,TRUE
ESALD,SPAIN,ALD,Alcudia,TRUE
ESALG,SPAIN,ALG,"Algeciras, Estonia",TRUE
ESANX,SPAIN,ANX,Acerinox,TRUE
ESAPM,SPAIN,APM,Almoines,TRUE
ESAQG,SPAIN,AQG,"Algete, Spain",TRUE
ESAQH,SPAIN,AQH,Alborache,TRUE
ESARI,SPAIN,ARI,Arguineguin,TRUE
ESARN,SPAIN,ARN,Arenys de Mar,TRUE
ESARR,SPAIN,ARR,Arrancudiaga,TRUE
ESAVS,SPAIN,AVS,Aviles,TRUE
ESAXC,SPAIN,AXC,Albuixech,TRUE
ESAYA,SPAIN,AYA,Ayamonte,TRUE
ESAZJ,SPAIN,AZJ,Alzira,TRUE
ESBAT,SPAIN,BAT,La Batlloria,TRUE
ESBAZ,SPAIN,BAZ,Bazalote,TRUE
ESBCN,SPAIN,BCN,"Barcelona, Spain",TRUE
ESBDV,SPAIN,BDV,Barbera del Valles,TRUE
ESBEM,SPAIN,BEM,Benidorm,TRUE
ESBEN,SPAIN,BEN,Beniel,TRUE
ESBIO,SPAIN,BIO,"Bilbao, Spain",TRUE
ESBLA,SPAIN,BLA,Blanes,TRUE
ESBLB,SPAIN,BLB,Blanca Abaran,TRUE
ESBLM,SPAIN,BLM,Balmaseda,TRUE
ESBMJ,SPAIN,BMJ,Bormujos,TRUE
ESBNM,SPAIN,BNM,Benimamet,TRUE
ESBNP,SPAIN,BNP,Beniparrell,TRUE
ESBRL,SPAIN,BRL,Burela,TRUE
ESBRR,SPAIN,BRR,Berrioplano,TRUE
ESBRX,SPAIN,BRX,Burriana,TRUE
ESBUC,SPAIN,BUC,Burcena,TRUE
ESCAC,SPAIN,CAC,Cabezo Cortado,TRUE
ESCAD,SPAIN,CAD,"Cadiz, Spain",TRUE
ESCAR,SPAIN,CAR,"Cartagena 1, Spain",TRUE
ESCAS,SPAIN,CAS,Castellon de la Plana,TRUE
ESCBB,SPAIN,CBB,Castilbisbal,TRUE
ESCBD,SPAIN,CBD,Cambados,TRUE
ESCBS,SPAIN,CBS,Cala Sabina,TRUE
ESCBZ,SPAIN,CBZ,Cabezuela,TRUE
ESCCN,SPAIN,CCN,Corcubion,TRUE
ESCDV,SPAIN,CDV,Casayo de Valdeorras,TRUE
ESCEL,SPAIN,CEL,Celeiro,TRUE
ESCEU,SPAIN,CEU,Ceuta,TRUE
ESCGL,SPAIN,CGL,Cantagallo,TRUE
ESCJQ,SPAIN,CJQ,Corcoya,TRUE
ESCLL,SPAIN,CLL,Castellbisbal,TRUE
ESCMA,SPAIN,CMA,Castellv De La Marca (Dupl.),TRUE
ESCNO,SPAIN,CNO,Carino,TRUE
ESCNV,SPAIN,CNV,Canovellas,TRUE
ESCRS,SPAIN,CRS,Carboneras,TRUE
ESCSO,SPAIN,CSO,Castropol,TRUE
ESCUA,SPAIN,CUA,Churra,TRUE
ESCUD,SPAIN,CUD,Cuarte de Huerva,TRUE
ESCUR,SPAIN,CUR,Castro-Urdiales,TRUE
ESDNA,SPAIN,DNA,Denia,TRUE
ESDRI,SPAIN,DRI,Derio,TRUE
ESEAF,SPAIN,EAF,Elavega,TRUE
ESEAO,SPAIN,EAO,El Bonillo,TRUE
ESEAS,SPAIN,EAS,San Sebastian,TRUE
ESECA,SPAIN,ECA,El Carpio,TRUE
ESECV,SPAIN,ECV,El Cuervo,TRUE
ESEEJ,SPAIN,EEJ,El Ejido,TRUE
ESEEV,SPAIN,EEV,Echevarria,TRUE
ESEFQ,SPAIN,EFQ,El Farque,TRUE
ESEGD,SPAIN,EGD,El Gador,TRUE
ESEGI,SPAIN,EGI,El Gordo,TRUE
ESEGR,SPAIN,EGR,Grove,TRUE
ESEMJ,SPAIN,EMJ,El Mojon,TRUE
ESEPB,SPAIN,EPB,El Prat,TRUE
ESEPL,SPAIN,EPL,El Palo,TRUE
ESEPV,SPAIN,EPV,El Provencio,TRUE
ESESC,SPAIN,ESC,Escombreras,TRUE
ESESP,SPAIN,ESP,Espinardo,TRUE
ESFJU,SPAIN,FJU,Funes,TRUE
ESFRO,SPAIN,FRO,Ferrol,TRUE
ESFYO,SPAIN,FYO,Foyos,TRUE
ESGAN,SPAIN,GAN,Gandia,TRUE
ESGAR,SPAIN,GAR,Garrucha,TRUE
ESGIJ,SPAIN,GIJ,"Gijon, Spain",TRUE
ESGRY,SPAIN,GRY,Grao,TRUE
ESHIE,SPAIN,HIE,Hierro,TRUE
ESHUV,SPAIN,HUV,Huelva,TRUE
ESHWV,SPAIN,HWV,Huerto-Vega,TRUE
ESIBZ,SPAIN,IBZ,Ibiza,TRUE
ESIUA,SPAIN,IUA,Iurreta,TRUE
ESJAP,SPAIN,JAP,"Jable, Las Palmas (Dupl. JAE)",TRUE
ESJAV,SPAIN,JAV,Javea,TRUE
ESJUA,SPAIN,JUA,Jedula,TRUE
ESJZB,SPAIN,JZB,Juzbado,TRUE
ESLAQ,SPAIN,LAQ,La Bisbal,TRUE
ESLAR,SPAIN,LAR,Larrondo,TRUE
ESLBT,SPAIN,LBT,La Albatalia,TRUE
ESLCG,SPAIN,LCG,La Coruna,TRUE
ESLCR,SPAIN,LCR,Los Cristianos,TRUE
ESLEC,SPAIN,LEC,Lecumberri,TRUE
ESLEI,SPAIN,LEI,Almeria,TRUE
ESLEK,SPAIN,LEK,Lekeitio,TRUE
ESLES,SPAIN,LES,La Estaca,TRUE
ESLJC,SPAIN,LJC,La Canya,TRUE
ESLJJ,SPAIN,LJJ,La Garriga,TRUE
ESLJN,SPAIN,LJN,La Eliana,TRUE
ESLJO,SPAIN,LJO,La Llagosta,TRUE
ESLJQ,SPAIN,LJQ,Les Presses,TRUE
ESLLE,SPAIN,LLE,Lleida,TRUE
ESLLM,SPAIN,LLM,Las Lomas,TRUE
ESLLU,SPAIN,LLU,La Luisiana,TRUE
ESLOJ,SPAIN,LOJ,La Nora,TRUE
ESLPA,SPAIN,LPA,"Las Palmas, Spain",TRUE
ESLPC,SPAIN,LPC,Puebla del Caraminal,TRUE
ESLQB,SPAIN,LQB,Las Cabezas,TRUE
ESLQL,SPAIN,LQL,La Carlota,TRUE
ESLQR,SPAIN,LQR,La Carolina,TRUE
ESLRJ,SPAIN,LRJ,La Arboleja,TRUE
ESLRZ,SPAIN,LRZ,La Roda De Albacete,TRUE
ESLTA,SPAIN,LTA,La Tallada,TRUE
ESLXF,SPAIN,LXF,La Foya,TRUE
ESLXO,SPAIN,LXO,La Llosa,TRUE
ESLXR,SPAIN,LXR,La Rinconada,TRUE
ESLYJ,SPAIN,LYJ,Liria,TRUE
ESLZJ,SPAIN,LZJ,La Zaida,TRUE
ESMAH,SPAIN,MAH,"Mahon, Menorca",TRUE
ESMBM,SPAIN,MBM,Molla Del Penedes,TRUE
ESMFH,SPAIN,MFH,Menjibar,TRUE
ESMGT,SPAIN,MGT,Montagut,TRUE
ESMIS,SPAIN,MIS,Mislata,TRUE
ESMIX,SPAIN,MIX,Miranda de Ebro,TRUE
ESMJU,SPAIN,MJU,Muelva,TRUE
ESMLN,SPAIN,MLN,Melilla,TRUE
ESMOA,SPAIN,MOA,Moana,TRUE
ESMOT,SPAIN,MOT,Motril,TRUE
ESMPG,SPAIN,MPG,"Marin, Pontevedra",TRUE
ESMRM,SPAIN,MRM,Montcada I Reixac,TRUE
ESMRS,SPAIN,MRS,Muros,TRUE
ESMSN,SPAIN,MSN,Masnou,TRUE
ESMUO,SPAIN,MUO,Museros,TRUE
ESMUS,SPAIN,MUS,Musel-Arnao,TRUE
ESMXH,SPAIN,MXH,Maraleja,TRUE
ESMXX,SPAIN,MXX,Maraleda,TRUE
ESMZJ,SPAIN,MZJ,Manzanilla,TRUE
ESNON,SPAIN,NON,Nonduermas,TRUE
ESNVV,SPAIN,NVV,Navarra,TRUE
ESOND,SPAIN,OND,Ondarroa,TRUE
ESORO,SPAIN,ORO,Ororbia,TRUE
ESPAI,SPAIN,PAI,Patino,TRUE
ESPAL,SPAIN,PAL,Palamos,TRUE
ESPAS,SPAIN,PAS,Pasajes,TRUE
ESPBB,SPAIN,PBB,"Pasito Blanco, Canary Is",TRUE
ESPBN,SPAIN,PBN,Pueblo Nuevo Del Guadian,TRUE
ESPCO,SPAIN,PCO,Puerto Colom,TRUE
ESPDS,SPAIN,PDS,Puerto de Sagunto,TRUE
ESPDV,SPAIN,PDV,Parets Del Valles,TRUE
ESPDZ,SPAIN,PDZ,Pedraneras,TRUE
ESPEV,SPAIN,PEV,Pontevedra,TRUE
ESPFS,SPAIN,PFS,Palomares Del Rio,TRUE
ESPGQ,SPAIN,PGQ,Palau De Plegamans,TRUE
ESPGZ,SPAIN,PGZ,Peligros,TRUE
ESPMI,SPAIN,PMI,Palma de Mallorca,TRUE
ESPNR,SPAIN,PNR,Penarrolla,TRUE
ESPOA,SPAIN,POA,Porullena,TRUE
ESPOR,SPAIN,POR,Portugalete,TRUE
ESPPQ,SPAIN,PPQ,Pacs Del Penedes,TRUE
ESPSM,SPAIN,PSM,Puerto de Santa Maria,TRUE
ESPUD,SPAIN,PUD,Puebla De Tornesa,TRUE
ESPUL,SPAIN,PUL,Pulianas,TRUE
ESPXP,SPAIN,PXP,Paiporta,TRUE
ESPZX,SPAIN,PZX,Palafolls,TRUE
ESQFU,SPAIN,QFU,Corralejo,TRUE
ESQIU,SPAIN,QIU,Ciudadela,TRUE
ESQLY,SPAIN,QLY,Playa Blanca,TRUE
ESQUR,SPAIN,QUR,Quart De Poblet,TRUE
ESRAL,SPAIN,RAL,Sarral,TRUE
ESRAO,SPAIN,RAO,Ribarroja,TRUE
ESRBS,SPAIN,RBS,Ribadesella,TRUE
ESRFL,SPAIN,RFL,Rafal,TRUE
ESRIB,SPAIN,RIB,Ribadeo,TRUE
ESRMN,SPAIN,RMN,Ramoneda,TRUE
ESROS,SPAIN,ROS,Rosas,TRUE
ESROT,SPAIN,ROT,Rota,TRUE
ESRTA,SPAIN,RTA,Renteria,TRUE
ESSAA,SPAIN,SAA,San Antonio,TRUE
ESSAD,SPAIN,SAD,Sada,TRUE
ESSAG,SPAIN,SAG,Sagunto,TRUE
ESSAL,SPAIN,SAL,Salteras,TRUE
ESSAP,SPAIN,SAP,San Pedro Pescador,TRUE
ESSAT,SPAIN,SAT,Salinetas,TRUE
ESSBG,SPAIN,SBG,San Bartolome D/Grau,TRUE
ESSCI,SPAIN,SCI,San Ciprian,TRUE
ESSCR,SPAIN,SCR,San Carlos de la Rapita,TRUE
ESSCT,SPAIN,SCT,Santa Cruz de Tenerife,TRUE
ESSDB,SPAIN,SDB,San Andreas De La Barca,TRUE
ESSDR,SPAIN,SDR,Santander,TRUE
ESSEO,SPAIN,SEO,San Esteban de Pravia,TRUE
ESSES,SPAIN,SES,San Esteve De Sesrovires,TRUE
ESSFO,SPAIN,SFO,San Fernando,TRUE
ESSFU,SPAIN,SFU,San Feliu De Guixols,TRUE
ESSGJ,SPAIN,SGJ,Santa Margarita Monjos,TRUE
ESSIL,SPAIN,SIL,Silla,TRUE
ESSJD,SPAIN,SJD,San Juan Despi (Dupl. SJN),TRUE
ESSJF,SPAIN,SJF,San Juan Le Fonts,TRUE
ESSJM,SPAIN,SJM,San Juan D Moro,TRUE
ESSJN,SPAIN,SJN,"San Jaun De Nivea, Spain",TRUE
ESSJQ,SPAIN,SJQ,San Justo Desvern,TRUE
ESSMT,SPAIN,SMT,San Martin Del Teso,TRUE
ESSNA,SPAIN,SNA,La Salineta,TRUE
ESSNR,SPAIN,SNR,Santurce,TRUE
ESSPD,SPAIN,SPD,San Pedro De Premia,TRUE
ESSPO,SPAIN,SPO,Santa Pola,TRUE
ESSPP,SPAIN,SPP,San Pedro del Pinatar,TRUE
ESSPR,SPAIN,SPR,San Pedro Riudevitlles,TRUE
ESSQU,SPAIN,SQU,San Quirico Del Vall,TRUE
ESSSG,SPAIN,SSG,San Sebastian de la Gomera,TRUE
ESSSR,SPAIN,SSR,San Sebastian D/L Reyes,TRUE
ESSSY,SPAIN,SSY,San Sadurni D Noya,TRUE
ESSTE,SPAIN,STE,Santa Eulalia del Rio,TRUE
ESSVQ,SPAIN,SVQ,Sevilla,TRUE
ESSVT,SPAIN,SVT,Sant Vicenc de Torello,TRUE
ESTAR,SPAIN,TAR,Tarragona,TRUE
ESTJI,SPAIN,TJI,La Tejita,TRUE
ESTMA,SPAIN,TMA,Tomares,TRUE
ESTOR,SPAIN,TOR,Torrevieja,TRUE
ESTOT,SPAIN,TOT,Tortosa,TRUE
ESTOV,SPAIN,TOV,Torrelavid,TRUE
ESTQB,SPAIN,TQB,Tabernes Blanques,TRUE
ESTQE,SPAIN,TQE,Terrassa,TRUE
ESTRE,SPAIN,TRE,Trebujena,TRUE
ESTRF,SPAIN,TRF,Tarifa,TRUE
ESTRR,SPAIN,TRR,Torredembarra,TRUE
ESTRU,SPAIN,TRU,Trubia,TRUE
ESTTO,SPAIN,TTO,Treto,TRUE
ESTXQ,SPAIN,TXQ,Tuitar D/Caudillo,TRUE
ESUTO,SPAIN,UTO,Montornes Del Valles,TRUE
ESVAH,SPAIN,VAH,Valdehornillos,TRUE
ESVAK,SPAIN,VAK,Visos Del Alcor,TRUE
ESVAR,SPAIN,VAR,Valderubio,TRUE
ESVCC,SPAIN,VCC,Vallcarca,TRUE
ESVDC,SPAIN,VDC,Vilar del Caudillo,TRUE
ESVDQ,SPAIN,VDQ,Vara De Quart,TRUE
ESVFR,SPAIN,VFR,Vilafranca del Penedes,TRUE
ESVGC,SPAIN,VGC,Vega De Celin,TRUE
ESVGO,SPAIN,VGO,"Vigo, Spain",TRUE
ESVGR,SPAIN,VGR,Valle Gran Rey,TRUE
ESVGU,SPAIN,VGU,Villafranco Del Guadiana,TRUE
ESVIL,SPAIN,VIL,Villagarcia (de Arousa),TRUE
ESVIT,SPAIN,VIT,Vitoria,TRUE
ESVIV,SPAIN,VIV,Vivero,TRUE
ESVLC,SPAIN,VLC,"Valencia, Spain",TRUE
ESVLG,SPAIN,VLG,Vilanova i la Geltru,TRUE
ESVPS,SPAIN,VPS,Villa Presente,TRUE
ESVZR,SPAIN,VZR,Vinaroz,TRUE
ESZAZ,SPAIN,ZAZ,Zaragoza,TRUE
FIBRA,FINLAND,BRA,Brando,TRUE
FIBRO,FINLAND,BRO,Bromarv,TRUE
FIDEG,FINLAND,DEG,Degerby,TRUE
FIDLS,FINLAND,DLS,Dalsbruk (Taalintehdas),TRUE
FIDRA,FINLAND,DRA,Dragsfjard,TRUE
FIECK,FINLAND,ECK,Eckero,TRUE
FIEJO,FINLAND,EJO,Euraaminne (Eurajoki),TRUE
FIENK,FINLAND,ENK,Enonkoski,TRUE
FIESP,FINLAND,ESP,Esbo (Espoo),TRUE
FIFAR,FINLAND,FAR,Farjsund,TRUE
FIFOG,FINLAND,FOG,Foglo,TRUE
FIFOR,FINLAND,FOR,Forby,TRUE
FIGDB,FINLAND,GDB,Godby,TRUE
FIGUL,FINLAND,GUL,Gullo/Tammisaari (Ekenas),TRUE
FIHAK,FINLAND,HAK,Hakkola,TRUE
FIHAL,FINLAND,HAL,Halosenniemi (Halonen),TRUE
FIHAO,FINLAND,HAO,Hailuoto,TRUE
FIHAU,FINLAND,HAU,Haukipudas,TRUE
FIHEL,FINLAND,HEL,"Helsinki, Finland",TRUE
FIHKO,FINLAND,HKO,Hanko (Hango),TRUE
FIHMN,FINLAND,HMN,Hamina (Fredrikshamn),TRUE
FIHOU,FINLAND,HOU,Houtskar (Houtskari),TRUE
FIIIS,FINLAND,IIS,Iisalmi (Idensalmi),TRUE
FIIMA,FINLAND,IMA,Imatra,TRUE
FIINI,FINLAND,INI,Inio,TRUE
FIINK,FINLAND,INK,Inkoo (Inga),TRUE
FIISN,FINLAND,ISN,Isnas,TRUE
FIJOE,FINLAND,JOE,Joensuu,TRUE
FIJOU,FINLAND,JOU,Joutseno,TRUE
FIJYV,FINLAND,JYV,Jyvaskyla,TRUE
FIKAN,FINLAND,KAN,Kantlax (Kaitalahti),TRUE
FIKAS,FINLAND,KAS,Kasko (Kaskinen),TRUE
FIKEM,FINLAND,KEM,Kemi/Tornea (Kemi/Tornio),TRUE
FIKIM,FINLAND,KIM,Kimito (Kemio),TRUE
FIKJO,FINLAND,KJO,Kalajoki,TRUE
FIKKR,FINLAND,KKR,Kokar,TRUE
FIKLA,FINLAND,KLA,Klamila,TRUE
FIKNT,FINLAND,KNT,Kantvik,TRUE
FIKOK,FINLAND,KOK,Kokkola (Karleby),TRUE
FIKOR,FINLAND,KOR,Korpo (Korppoo),TRUE
FIKRO,FINLAND,KRO,Kronvik,TRUE
FIKTK,FINLAND,KTK,Kotka,TRUE
FIKTQ,FINLAND,KTQ,Kitee,TRUE
FIKUM,FINLAND,KUM,Kumlinge,TRUE
FIKUO,FINLAND,KUO,Kuopio,TRUE
FIKUS,FINLAND,KUS,Kustavi (Gustavs),TRUE
FIKVH,FINLAND,KVH,Koverhar (Koverhaara),TRUE
FILAN,FINLAND,LAN,Langnas,TRUE
FILAP,FINLAND,LAP,Lappohja (Lappvik),TRUE
FILLX,FINLAND,LLX,Lielax,TRUE
FILOV,FINLAND,LOV,Lovisa (Loviisa),TRUE
FILPP,FINLAND,LPP,Lappeenranta (Villmanstrand),TRUE
FILUV,FINLAND,LUV,Luvia,TRUE
FIMAA,FINLAND,MAA,Maaninka,TRUE
FIMER,FINLAND,MER,Merikarvia (Sastmola),TRUE
FIMHQ,FINLAND,MHQ,Mariehamn (Maarianhamina),TRUE
FIMIK,FINLAND,MIK,St Michel (Mikkeli),TRUE
FIMRS,FINLAND,MRS,Marsund,TRUE
FIMTL,FINLAND,MTL,"Mantyluoto, Finland",TRUE
FIMUS,FINLAND,MUS,Mustola,TRUE
FINAU,FINLAND,NAU,Nagu (Nauvo),TRUE
FINLI,FINLAND,NLI,Nadendal (Naantali),TRUE
FINUR,FINLAND,NUR,Nurmes,TRUE
FIOUL,FINLAND,OUL,Uleaborg (Oulu),TRUE
FIPAR,FINLAND,PAR,Pargas (Parainen),TRUE
FIPER,FINLAND,PER,Pernaja (Perna),TRUE
FIPOH,FINLAND,POH,Pohjankuru (Skuru),TRUE
FIPOR,FINLAND,POR,Pori (Bjorneborg),TRUE
FIPRS,FINLAND,PRS,Pietarsaari (Jacobstad),TRUE
FIPRV,FINLAND,PRV,Porvoo (Borga),TRUE
FIPUU,FINLAND,PUU,Puumala,TRUE
FIRAA,FINLAND,RAA,Brahestad (Raahe),TRUE
FIRAU,FINLAND,RAU,Raumo (Rauma),TRUE
FIRIS,FINLAND,RIS,Ristiina,TRUE
FIRTR,FINLAND,RTR,Rautaruukki/Raahe,TRUE
FIRUO,FINLAND,RUO,Ruotsinpyhtaa (Stromfors),TRUE
FIRVN,FINLAND,RVN,Rovaniemi,TRUE
FIRYM,FINLAND,RYM,Rimito (Rymattyla),TRUE
FISAL,FINLAND,SAL,Salo,TRUE
FISAN,FINLAND,SAN,Sando,TRUE
FISAR,FINLAND,SAR,Finby (Sarkisalo),TRUE
FISBG,FINLAND,SBG,Sveaborg (Suomenlinna),TRUE
FISII,FINLAND,SII,Siilinjarvi,TRUE
FISIP,FINLAND,SIP,Sibbo (Sipoo),TRUE
FISKB,FINLAND,SKB,Skogby,TRUE
FISKI,FINLAND,SKI,Skinnarvik,TRUE
FISKV,FINLAND,SKV,Kilpilahti (Skoldvik),TRUE
FISNA,FINLAND,SNA,Snappertuna,TRUE
FISTR,FINLAND,STR,Stromma,TRUE
FISVL,FINLAND,SVL,Savonlinna (Nyslott),TRUE
FITAI,FINLAND,TAI,Ekenas (Tammisaari),TRUE
FITEI,FINLAND,TEI,Teijo,TRUE
FITES,FINLAND,TES,Tessvarr,TRUE
FITKU,FINLAND,TKU,Turku (Abo),TRUE
FITOJ,FINLAND,TOJ,Tojby,TRUE
FITOK,FINLAND,TOK,Tolkkinen (Tolkis),TRUE
FITOR,FINLAND,TOR,Tornio (Tornea),TRUE
FITVA,FINLAND,TVA,Tvarminne,TRUE
FITVS,FINLAND,TVS,Tovsala (Taivassalo),TRUE
FIUIM,FINLAND,UIM,Uimaharju,TRUE
FIUKI,FINLAND,UKI,Uusikaupunki (Nystad),TRUE
FIUKP,FINLAND,UKP,Nykarleby (Uusikaarlepyy),TRUE
FIUSK,FINLAND,USK,Uskela,TRUE
FIVAA,FINLAND,VAA,Vaasa (Vasa),TRUE
FIVAR,FINLAND,VAR,Vartsala,TRUE
FIVAS,FINLAND,VAS,Vastlax,TRUE
FIVEL,FINLAND,VEL,Velkua,TRUE
FIVIR,FINLAND,VIR,Varpuniemi (Kello),TRUE
FIVKO,FINLAND,VKO,Valko (Valkom),TRUE
FIVRK,FINLAND,VRK,Varkaus,TRUE
FJAQS,FIJI,AQS,Saqani,TRUE
FJELL,FIJI,ELL,Ellington,TRUE
FJKAY,FIJI,KAY,Wakaya Island,TRUE
FJKDV,FIJI,KDV,Kandavu,TRUE
FJKVU,FIJI,KVU,Korolevu,TRUE
FJKXF,FIJI,KXF,Koro Island,TRUE
FJLBS,FIJI,LBS,Labasa,TRUE
FJLEV,FIJI,LEV,Bureta,TRUE
FJLKB,FIJI,LKB,Lakeba,TRUE
FJLTK,FIJI,LTK,Lautoka,TRUE
FJLUC,FIJI,LUC,Laucala Is,TRUE
FJMAL,FIJI,MAL,Malau (Labasa),TRUE
FJMFJ,FIJI,MFJ,Moala,TRUE
FJMNF,FIJI,MNF,Mana Island,TRUE
FJMOM,FIJI,MOM,Momi,TRUE
FJNAM,FIJI,NAM,Nambouwalu,TRUE
FJNGI,FIJI,NGI,Ngau Island,TRUE
FJNTA,FIJI,NTA,Natadola,TRUE
FJPHR,FIJI,PHR,Pacific Harbor,TRUE
FJRBI,FIJI,RBI,Rabi,TRUE
FJRTA,FIJI,RTA,Rotuma,TRUE
FJSIN,FIJI,SIN,Singatoka,TRUE
FJSUV,FIJI,SUV,Suva,TRUE
FJSVU,FIJI,SVU,Savusavu,TRUE
FJTTL,FIJI,TTL,Turtle Island,TRUE
FJTVU,FIJI,TVU,Taveuni,TRUE
FJVAT,FIJI,VAT,Vatia,TRUE
FJVAU,FIJI,VAU,Vatukoula,TRUE
FJVTF,FIJI,VTF,Vatulele,TRUE
FJVUD,FIJI,VUD,Vuda,TRUE
FJYAS,FIJI,YAS,Yasawa Island,TRUE
FKFBE,FALKLAND ISLANDS (MALVINAS),FBE,Fox Bay,TRUE
FKPSY,FALKLAND ISLANDS (MALVINAS),PSY,Port Stanley,TRUE
FMFSI,"MICRONESIA, FEDERATED STATES OF",FSI,Faisi,TRUE
FMKSA,"MICRONESIA, FEDERATED STATES OF",KSA,Kosrae (ex Kusaie),TRUE
FMPNI,"MICRONESIA, FEDERATED STATES OF",PNI,Pohnpei (ex Ponape),TRUE
FMTKK,"MICRONESIA, FEDERATED STATES OF",TKK,Chuuk (ex Truk),TRUE
FMULI,"MICRONESIA, FEDERATED STATES OF",ULI,Ulithi,TRUE
FMYAP,"MICRONESIA, FEDERATED STATES OF",YAP,Yap,TRUE
FOFUG,FAROE ISLANDS,FUG,Fuglafirdi (Fuglefjord),TRUE
FOHUS,FAROE ISLANDS,HUS,Husevig,TRUE
FOKOL,FAROE ISLANDS,KOL,Kollafjordur,TRUE
FOKVI,FAROE ISLANDS,KVI,Klaksvik,TRUE
FOLOP,FAROE ISLANDS,LOP,Lopra,TRUE
FONSK,FAROE ISLANDS,NSK,Noryskali,TRUE
FOSMJ,FAROE ISLANDS,SMJ,Solmundefjord,TRUE
FOSRV,FAROE ISLANDS,SRV,Sorvagur,TRUE
FOTHO,FAROE ISLANDS,THO,Thorshavn,TRUE
FOTVO,FAROE ISLANDS,TVO,Tvoroyri,TRUE
FOVAG,FAROE ISLANDS,VAG,Vagur,TRUE
FOVES,FAROE ISLANDS,VES,Vestmanhavn,TRUE
FOVID,FAROE ISLANDS,VID,Vadair,TRUE
FRABB,Saint-Pierre = PM FSP,ABB,Abbeville,TRUE
FRAGF,Saint-Pierre = PM FSP,AGF,Agen,TRUE
FRAJA,Saint-Pierre = PM FSP,AJA,Ajaccio,TRUE
FRALR,Saint-Pierre = PM FSP,ALR,Albert,TRUE
FRAMI,Saint-Pierre = PM FSP,AMI,Amiens,TRUE
FRANT,Saint-Pierre = PM FSP,ANT,Antibes,TRUE
FRARC,Saint-Pierre = PM FSP,ARC,Arcachon,TRUE
FRARD,Saint-Pierre = PM FSP,ARD,Ardres,TRUE
FRARR,Saint-Pierre = PM FSP,ARR,Arras,TRUE
FRASI,Saint-Pierre = PM FSP,ASI,Massiac,TRUE
FRASU,Saint-Pierre = PM FSP,ASU,Arc-sur-Tille,TRUE
FRAUD,Saint-Pierre = PM FSP,AUD,Audierne,TRUE
FRAUF,Saint-Pierre = PM FSP,AUF,Auxerre,TRUE
FRAVN,Saint-Pierre = PM FSP,AVN,Avignon,TRUE
FRAYT,Saint-Pierre = PM FSP,AYT,Aytre,TRUE
FRBAI,Saint-Pierre = PM FSP,BAI,Basse-Indre,TRUE
FRBAS,Saint-Pierre = PM FSP,BAS,"Bassens, France",TRUE
FRBAV,Saint-Pierre = PM FSP,BAV,Bavilliers,TRUE
FRBAY,Saint-Pierre = PM FSP,BAY,Bayonne,TRUE
FRBBL,Saint-Pierre = PM FSP,BBL,La Bourboule,TRUE
FRBCA,Saint-Pierre = PM FSP,BCA,Beaucaire,TRUE
FRBEC,Saint-Pierre = PM FSP,BEC,Bec d'Ambes,TRUE
FRBEE,Saint-Pierre = PM FSP,BEE,Berre,TRUE
FRBEP,Saint-Pierre = PM FSP,BEP,Brazey-en-Plaine,TRUE
FRBEQ,Saint-Pierre = PM FSP,BEQ,Belval,TRUE
FRBES,Saint-Pierre = PM FSP,BES,Brest,TRUE
FRBET,Saint-Pierre = PM FSP,BET,Bethune,TRUE
FRBEV,Saint-Pierre = PM FSP,BEV,Berville-sur-Mer,TRUE
FRBGC,Saint-Pierre = PM FSP,BGC,Bagnac-sur-Cele,TRUE
FRBGF,Saint-Pierre = PM FSP,BGF,Bourganeuf,TRUE
FRBIA,Saint-Pierre = PM FSP,BIA,Bastia,TRUE
FRBIQ,Saint-Pierre = PM FSP,BIQ,Biarritz,TRUE
FRBLD,Saint-Pierre = PM FSP,BLD,Bar-le-Duc,TRUE
FRBMR,Saint-Pierre = PM FSP,BMR,Batz-sur-Mer,TRUE
FRBOD,Saint-Pierre = PM FSP,BOD,Bordeaux,TRUE
FRBOL,Saint-Pierre = PM FSP,BOL,Boulogne-sur-Mer,TRUE
FRBON,Saint-Pierre = PM FSP,BON,Bonifacio,TRUE
FRBPS,Saint-Pierre = PM FSP,BPS,Blenod-les-Pont-a-Mousson,TRUE
FRBSC,Saint-Pierre = PM FSP,BSC,Bonsecours,TRUE
FRBSN,Saint-Pierre = PM FSP,BSN,Besancon,TRUE
FRBYE,Saint-Pierre = PM FSP,BYE,Blaye,TRUE
FRCAM,Saint-Pierre = PM FSP,CAM,Camaret-sur-Mer,TRUE
FRCAU,Saint-Pierre = PM FSP,CAU,Cauderan,TRUE
FRCBT,Saint-Pierre = PM FSP,CBT,Capbreton,TRUE
FRCDR,Saint-Pierre = PM FSP,CDR,Chalindrey,TRUE
FRCEP,Saint-Pierre = PM FSP,CEP,Cergy-Pontoise,TRUE
FRCEQ,Saint-Pierre = PM FSP,CEQ,Cannes,TRUE
FRCER,Saint-Pierre = PM FSP,CER,Cherbourg,TRUE
FRCFR,Saint-Pierre = PM FSP,CFR,"Caen, France",TRUE
FRCHB,Saint-Pierre = PM FSP,CHB,Chabris,TRUE
FRCHM,Saint-Pierre = PM FSP,CHM,Charleville-Mezieres,TRUE
FRCLY,Saint-Pierre = PM FSP,CLY,Calvi,TRUE
FRCMC,Saint-Pierre = PM FSP,CMC,Chamblanc,TRUE
FRCMP,Saint-Pierre = PM FSP,CMP,Compiegne,TRUE
FRCMR,Saint-Pierre = PM FSP,CMR,Colmar,TRUE
FRCMT,Saint-Pierre = PM FSP,CMT,Chaumont,TRUE
FRCNC,Saint-Pierre = PM FSP,CNC,Cantenac,TRUE
FRCNG,Saint-Pierre = PM FSP,CNG,Cognac,TRUE
FRCOC,Saint-Pierre = PM FSP,COC,Concarneau,TRUE
FRCOZ,Saint-Pierre = PM FSP,COZ,Caronte,TRUE
FRCQF,Saint-Pierre = PM FSP,CQF,"Calais, FR France",TRUE
FRCRL,Saint-Pierre = PM FSP,CRL,Creil,TRUE
FRCRT,Saint-Pierre = PM FSP,CRT,Carteret,TRUE
FRCSD,Saint-Pierre = PM FSP,CSD,Creches-sur-Saone,TRUE
FRCSM,Saint-Pierre = PM FSP,CSM,Chalons-en-Champagne,TRUE
FRCSS,Saint-Pierre = PM FSP,CSS,Chalon-sur-Saone,TRUE
FRCUU,Saint-Pierre = PM FSP,CUU,Corvol-l'Orgueilleux,TRUE
FRCXS,Saint-Pierre = PM FSP,CXS,Chatillon-sur-Loire,TRUE
FRCYE,Saint-Pierre = PM FSP,CYE,Crecy-sur-Serre,TRUE
FRDIE,Saint-Pierre = PM FSP,DIE,Die,TRUE
FRDIJ,Saint-Pierre = PM FSP,DIJ,Dijon,TRUE
FRDKK,Saint-Pierre = PM FSP,DKK,"Dunkerque, France",TRUE
FRDMS,Saint-Pierre = PM FSP,DMS,Dormans,TRUE
FRDOL,Saint-Pierre = PM FSP,DOL,Deauville,TRUE
FRDON,Saint-Pierre = PM FSP,DON,Donges,TRUE
FRDPE,Saint-Pierre = PM FSP,DPE,Dieppe,TRUE
FRDRZ,Saint-Pierre = PM FSP,DRZ,Douarnenez,TRUE
FREAY,Saint-Pierre = PM FSP,EAY,Bretteville-sur-Ay,TRUE
FREES,Saint-Pierre = PM FSP,EES,Sees,TRUE
FRELS,Saint-Pierre = PM FSP,ELS,Etaples,TRUE
FRENC,Saint-Pierre = PM FSP,ENC,Nancy,TRUE
FRETB,Saint-Pierre = PM FSP,ETB,Berre-l'Etang,TRUE
FRETM,Saint-Pierre = PM FSP,ETM,Etampes,TRUE
FREVR,Saint-Pierre = PM FSP,EVR,Evry,TRUE
FRFEC,Saint-Pierre = PM FSP,FEC,Fecamp,TRUE
FRFEY,Saint-Pierre = PM FSP,FEY,Feyzin,TRUE
FRFGM,Saint-Pierre = PM FSP,FGM,Freyming-Merlebach,TRUE
FRFLP,Saint-Pierre = PM FSP,FLP,Fresney-le-Puceux,TRUE
FRFNS,Saint-Pierre = PM FSP,FNS,Flins,TRUE
FRFOS,Saint-Pierre = PM FSP,FOS,"Fos Sur Mer, France",TRUE
FRFUR,Saint-Pierre = PM FSP,FUR,Furiani,TRUE
FRGAE,Saint-Pierre = PM FSP,GAE,Gaye,TRUE
FRGDS,Saint-Pierre = PM FSP,GDS,Grande-Synthe,TRUE
FRGFR,Saint-Pierre = PM FSP,GFR,Granville,TRUE
FRGLH,Saint-Pierre = PM FSP,GLH,Graulhet,TRUE
FRGLO,Saint-Pierre = PM FSP,GLO,Gonfreville-l'Orcher,TRUE
FRGNY,Saint-Pierre = PM FSP,GNY,Grigny,TRUE
FRGON,Saint-Pierre = PM FSP,GON,St Gereon,TRUE
FRGRV,Saint-Pierre = PM FSP,GRV,Gravelines,TRUE
FRGUM,Saint-Pierre = PM FSP,GUM,Guimerville,TRUE
FRGVL,Saint-Pierre = PM FSP,GVL,Gennevilliers,TRUE
FRHBV,Saint-Pierre = PM FSP,HBV,Heudebouville,TRUE
FRHET,Saint-Pierre = PM FSP,HET,Hennebont,TRUE
FRHLA,Saint-Pierre = PM FSP,HLA,Chalais,TRUE
FRHON,Saint-Pierre = PM FSP,HON,Honfleur,TRUE
FRHRF,Saint-Pierre = PM FSP,HRF,Harfleur,TRUE
FRHSN,Saint-Pierre = PM FSP,HSN,Le Theil-sur-Huisne,TRUE
FRHUN,Saint-Pierre = PM FSP,HUN,Huningue,TRUE
FRIGS,Saint-Pierre = PM FSP,IGS,Ingrandes-sur-Loire,TRUE
FRILR,Saint-Pierre = PM FSP,ILR,L'Ile-Rousse,TRUE
FRIZO,Saint-Pierre = PM FSP,IZO,Izon,TRUE
FRLAF,Saint-Pierre = PM FSP,LAF,La Farlede,TRUE
FRLAI,Saint-Pierre = PM FSP,LAI,Lannion,TRUE
FRLAO,Saint-Pierre = PM FSP,LAO,Laon,TRUE
FRLAV,Saint-Pierre = PM FSP,LAV,Lavera,TRUE
FRLBO,Saint-Pierre = PM FSP,LBO,La Bocca,TRUE
FRLBQ,Saint-Pierre = PM FSP,LBQ,Le Boucau,TRUE
FRLCE,Saint-Pierre = PM FSP,LCE,La Chataigneraie,TRUE
FRLCR,Saint-Pierre = PM FSP,LCR,Le Creusot,TRUE
FRLCT,Saint-Pierre = PM FSP,LCT,La Ciotat,TRUE
FRLCV,Saint-Pierre = PM FSP,LCV,La Courneuve,TRUE
FRLDM,Saint-Pierre = PM FSP,LDM,La Barre-de-Monts,TRUE
FRLDN,Saint-Pierre = PM FSP,LDN,Landerneau,TRUE
FRLEH,Saint-Pierre = PM FSP,LEH,"Lehavre, France",TRUE
FRLEZ,Saint-Pierre = PM FSP,LEZ,Lezardrieux,TRUE
FRLFA,Saint-Pierre = PM FSP,LFA,La Ferte-Saint-Aubin,TRUE
FRLFR,Saint-Pierre = PM FSP,LFR,Le Fret,TRUE
FRLFS,Saint-Pierre = PM FSP,LFS,La Fossette,TRUE
FRLGO,Saint-Pierre = PM FSP,LGO,Langogne,TRUE
FRLGU,Saint-Pierre = PM FSP,LGU,Le Guildo/Crehen,TRUE
FRLIA,Saint-Pierre = PM FSP,LIA,L'Isle-d'Abeau,TRUE
FRLIB,Saint-Pierre = PM FSP,LIB,Libourne,TRUE
FRLIO,Saint-Pierre = PM FSP,LIO,Lyon,TRUE
FRLLE,Saint-Pierre = PM FSP,LLE,Lille,TRUE
FRLLS,Saint-Pierre = PM FSP,LLS,Lons-le-Saunier,TRUE
FRLMD,Saint-Pierre = PM FSP,LMD,La Mede,TRUE
FRLOA,Saint-Pierre = PM FSP,LOA,Longueau,TRUE
FRLOC,Saint-Pierre = PM FSP,LOC,Loctudy,TRUE
FRLPE,Saint-Pierre = PM FSP,LPE,"La Pallice, France",TRUE
FRLRH,Saint-Pierre = PM FSP,LRH,La Rochelle,TRUE
FRLRT,Saint-Pierre = PM FSP,LRT,Lorient,TRUE
FRLSB,Saint-Pierre = PM FSP,LSB,Les Billaux,TRUE
FRLSO,Saint-Pierre = PM FSP,LSO,Les Sables-d'Olonne,TRUE
FRLTR,Saint-Pierre = PM FSP,LTR,Le Treport,TRUE
FRLZD,Saint-Pierre = PM FSP,LZD,Loue,TRUE
FRMAC,Saint-Pierre = PM FSP,MAC,Macon,TRUE
FRMAU,Saint-Pierre = PM FSP,MAU,Maubeuge,TRUE
FRMCO,Saint-Pierre = PM FSP,MCO,Marconne,TRUE
FRMDA,Saint-Pierre = PM FSP,MDA,Mudaison,TRUE
FRMDG,Saint-Pierre = PM FSP,MDG,Mondelange,TRUE
FRMDH,Saint-Pierre = PM FSP,MDH,Mundolsheim,TRUE
FRMEA,Saint-Pierre = PM FSP,MEA,Meaux,TRUE
FRMEL,Saint-Pierre = PM FSP,MEL,Melun,TRUE
FRMFC,Saint-Pierre = PM FSP,MFC,Martigne-Ferchaud,TRUE
FRMLH,Saint-Pierre = PM FSP,MLH,Mulhouse,TRUE
FRMLV,Saint-Pierre = PM FSP,MLV,Marne-la-Vallee,TRUE
FRMMB,Saint-Pierre = PM FSP,MMB,Montmoreau-Saint-Cybard,TRUE
FRMNM,Saint-Pierre = PM FSP,MNM,Montmorillon,TRUE
FRMOS,Saint-Pierre = PM FSP,MOS,Montargis,TRUE
FRMRN,Saint-Pierre = PM FSP,MRN,Marans,TRUE
FRMRS,Saint-Pierre = PM FSP,MRS,"Marseille, France",TRUE
FRMSD,Saint-Pierre = PM FSP,MSD,Mussidan,TRUE
FRMSG,Saint-Pierre = PM FSP,MSG,Mortagne-sur-Gironde,TRUE
FRMSI,Saint-Pierre = PM FSP,MSI,Mery-sur-Oise,TRUE
FRMSZ,Saint-Pierre = PM FSP,MSZ,Momeres,TRUE
FRMTD,Saint-Pierre = PM FSP,MTD,Montbeliard,TRUE
FRMTX,Saint-Pierre = PM FSP,MTX,"Montoir De Bretagne, France",TRUE
FRMXN,Saint-Pierre = PM FSP,MXN,Morlaix,TRUE
FRMZM,Saint-Pierre = PM FSP,MZM,Metz,TRUE
FRNAC,Saint-Pierre = PM FSP,NAC,Carnac,TRUE
FRNCE,Saint-Pierre = PM FSP,NCE,Nice,TRUE
FRNEF,Saint-Pierre = PM FSP,NEF,Neuf-Brisach,TRUE
FRNEO,Saint-Pierre = PM FSP,NEO,Nevoy,TRUE
FRNMS,Saint-Pierre = PM FSP,NMS,Nemours,TRUE
FRNOI,Saint-Pierre = PM FSP,NOI,Noirmoutier-en-l'Ile,TRUE
FRNOU,Saint-Pierre = PM FSP,NOU,Port-la-Nouvelle,TRUE
FRNTE,Saint-Pierre = PM FSP,NTE,"Nantes, France",TRUE
FRNVS,Saint-Pierre = PM FSP,NVS,Nevers,TRUE
FROBS,Saint-Pierre = PM FSP,OBS,Aubenas,TRUE
FROIO,Saint-Pierre = PM FSP,OIO,Crimolois,TRUE
FROSO,Saint-Pierre = PM FSP,OSO,Oraison,TRUE
FROTM,Saint-Pierre = PM FSP,OTM,Ottmarsheim,TRUE
FROUI,Saint-Pierre = PM FSP,OUI,Ouistreham,TRUE
FRPAB,Saint-Pierre = PM FSP,PAB,Pont l'Abbe,TRUE
FRPAI,Saint-Pierre = PM FSP,PAI,Paimpol,TRUE
FRPAN,Saint-Pierre = PM FSP,PAN,Pouance,TRUE
FRPAP,Saint-Pierre = PM FSP,PAP,Pauillac,TRUE
FRPAR,Saint-Pierre = PM FSP,PAR,Paris,TRUE
FRPBA,Saint-Pierre = PM FSP,PBA,Portbail,TRUE
FRPBF,Saint-Pierre = PM FSP,PBF,Paimboeuf,TRUE
FRPBT,Saint-Pierre = PM FSP,PBT,Port-Brillet,TRUE
FRPCX,Saint-Pierre = PM FSP,PCX,Le Pont-de-Claix,TRUE
FRPDB,Saint-Pierre = PM FSP,PDB,Port-de-Bouc,TRUE
FRPET,Saint-Pierre = PM FSP,PET,Petit Couronne,TRUE
FRPIR,Saint-Pierre = PM FSP,PIR,Piriac-sur-Mer,TRUE
FRPJE,Saint-Pierre = PM FSP,PJE,Port-Jerome,TRUE
FRPNO,Saint-Pierre = PM FSP,PNO,Plancoet,TRUE
FRPOV,Saint-Pierre = PM FSP,POV,Port-Vendres,TRUE
FRPOX,Saint-Pierre = PM FSP,POX,Pontrieux,TRUE
FRPRC,Saint-Pierre = PM FSP,PRC,Pornic,TRUE
FRPRJ,Saint-Pierre = PM FSP,PRJ,Port-Joinville,TRUE
FRPRP,Saint-Pierre = PM FSP,PRP,Propriano,TRUE
FRPSL,Saint-Pierre = PM FSP,PSL,Port-Saint-Louis-du-Rhone,TRUE
FRPUM,Saint-Pierre = PM FSP,PUM,Precy-sur-Marne,TRUE
FRPVO,Saint-Pierre = PM FSP,PVO,Porto Vecchio,TRUE
FRQSN,Saint-Pierre = PM FSP,QSN,Le Quesne,TRUE
FRQUI,Saint-Pierre = PM FSP,QUI,Quiberon,TRUE
FRQYR,Saint-Pierre = PM FSP,QYR,Troyes,TRUE
FRRAD,Saint-Pierre = PM FSP,RAD,Radicatel,TRUE
FRRAI,Saint-Pierre = PM FSP,RAI,Raival,TRUE
FRRAT,Saint-Pierre = PM FSP,RAT,Garat,TRUE
FRRCB,Saint-Pierre = PM FSP,RCB,Rochecorbon,TRUE
FRRCO,Saint-Pierre = PM FSP,RCO,Rochefort,TRUE
FRRDN,Saint-Pierre = PM FSP,RDN,Redon,TRUE
FRREI,Saint-Pierre = PM FSP,REI,Reichstett,TRUE
FRRFI,Saint-Pierre = PM FSP,RFI,Rang-du-Fliers,TRUE
FRRHE,Saint-Pierre = PM FSP,RHE,Reims,TRUE
FRRID,Saint-Pierre = PM FSP,RID,Riedisheim,TRUE
FRRIQ,Saint-Pierre = PM FSP,RIQ,Riquewihr,TRUE
FRROH,Saint-Pierre = PM FSP,ROH,Rohan,TRUE
FRRON,Saint-Pierre = PM FSP,RON,Roncq,TRUE
FRROS,Saint-Pierre = PM FSP,ROS,Roscoff,TRUE
FRROU,Saint-Pierre = PM FSP,ROU,Roubaix,TRUE
FRRTA,Saint-Pierre = PM FSP,RTA,Ribaute-les-Tavernes,TRUE
FRRUN,Saint-Pierre = PM FSP,RUN,Rungis,TRUE
FRRVC,Saint-Pierre = PM FSP,RVC,Rivecourt,TRUE
FRRYN,Saint-Pierre = PM FSP,RYN,Royan,TRUE
FRSBG,Saint-Pierre = PM FSP,SBG,Sarrebourg,TRUE
FRSBK,Saint-Pierre = PM FSP,SBK,St Brieuc,TRUE
FRSDM,Saint-Pierre = PM FSP,SDM,Saint-Amand-Montrond,TRUE
FRSDS,Saint-Pierre = PM FSP,SDS,Saint-Gaudens,TRUE
FRSET,Saint-Pierre = PM FSP,SET,"Sete, France",TRUE
FRSGN,Saint-Pierre = PM FSP,SGN,Salsigne,TRUE
FRSIR,Saint-Pierre = PM FSP,SIR,St Remy,TRUE
FRSIT,Saint-Pierre = PM FSP,SIT,Saint-Vit,TRUE
FRSLT,Saint-Pierre = PM FSP,SLT,Saultain,TRUE
FRSMJ,Saint-Pierre = PM FSP,SMJ,St Mars-la-Jaille,TRUE
FRSML,Saint-Pierre = PM FSP,SML,St Malo,TRUE
FRSNC,Saint-Pierre = PM FSP,SNC,St Cere,TRUE
FRSNM,Saint-Pierre = PM FSP,SNM,Flammerans,TRUE
FRSNR,Saint-Pierre = PM FSP,SNR,St Nazaire,TRUE
FRSNV,Saint-Pierre = PM FSP,SNV,Sandouville,TRUE
FRSOZ,Saint-Pierre = PM FSP,SOZ,Solenzara,TRUE
FRSRL,Saint-Pierre = PM FSP,SRL,Saint-Raphael,TRUE
FRSTA,Saint-Pierre = PM FSP,STA,St Avold,TRUE
FRSTP,Saint-Pierre = PM FSP,STP,St Tropez,TRUE
FRSTQ,Saint-Pierre = PM FSP,STQ,St Quentin,TRUE
FRSUY,Saint-Pierre = PM FSP,SUY,Sury-le-Comtal,TRUE
FRSVS,Saint-Pierre = PM FSP,SVS,St Valery-sur-Somme,TRUE
FRSWD,Saint-Pierre = PM FSP,SWD,St Wandrille-Rancon,TRUE
FRSXB,Saint-Pierre = PM FSP,SXB,Strasbourg,TRUE
FRTIG,Saint-Pierre = PM FSP,TIG,Tigery,TRUE
FRTIN,Saint-Pierre = PM FSP,TIN,Pantin,TRUE
FRTJE,Saint-Pierre = PM FSP,TJE,Trouville-sur-Mer,TRUE
FRTLN,Saint-Pierre = PM FSP,TLN,Toulon,TRUE
FRTON,Saint-Pierre = PM FSP,TON,Tonnay-Charente,TRUE
FRTOV,Saint-Pierre = PM FSP,TOV,Tourlaville,TRUE
FRTOY,Saint-Pierre = PM FSP,TOY,Tournay,TRUE
FRTRE,Saint-Pierre = PM FSP,TRE,Treguier,TRUE
FRTRG,Saint-Pierre = PM FSP,TRG,Tregueux,TRUE
FRTRI,Saint-Pierre = PM FSP,TRI,Trignac,TRUE
FRTTG,Saint-Pierre = PM FSP,TTG,Teteghem,TRUE
FRTVL,Saint-Pierre = PM FSP,TVL,Thionville,TRUE
FRUGS,Saint-Pierre = PM FSP,UGS,Ungersheim,TRUE
FRUIP,Saint-Pierre = PM FSP,UIP,Quimper,TRUE
FRURO,Saint-Pierre = PM FSP,URO,"Rouen, France",TRUE
FRURY,Saint-Pierre = PM FSP,URY,Ury,TRUE
FRVAF,Saint-Pierre = PM FSP,VAF,Valence,TRUE
FRVAL,Saint-Pierre = PM FSP,VAL,Valenciennes,TRUE
FRVAT,Saint-Pierre = PM FSP,VAT,Vatimont,TRUE
FRVDS,Saint-Pierre = PM FSP,VDS,Val de Saane,TRUE
FRVEC,Saint-Pierre = PM FSP,VEC,Vecquemont,TRUE
FRVEO,Saint-Pierre = PM FSP,VEO,Vernaison,TRUE
FRVGX,Saint-Pierre = PM FSP,VGX,Vigneux,TRUE
FRVIY,Saint-Pierre = PM FSP,VIY,Vincey,TRUE
FRVLL,Saint-Pierre = PM FSP,VLL,Villefranche-de-Rouergue,TRUE
FRVLP,Saint-Pierre = PM FSP,VLP,Villerupt,TRUE
FRVMS,Saint-Pierre = PM FSP,VMS,Vimoutiers,TRUE
FRVNE,Saint-Pierre = PM FSP,VNE,Vannes,TRUE
FRVRD,Saint-Pierre = PM FSP,VRD,Verdun,TRUE
FRVSS,Saint-Pierre = PM FSP,VSS,Villefranche-sur-Saone,TRUE
FRVUM,Saint-Pierre = PM FSP,VUM,Villemandeur,TRUE
FRVYG,Saint-Pierre = PM FSP,VYG,Vigny,TRUE
FRVZL,Saint-Pierre = PM FSP,VZL,Venizel,TRUE
FRWAT,Saint-Pierre = PM FSP,WAT,Wattrelos,TRUE
FRWIS,Saint-Pierre = PM FSP,WIS,Wisches,TRUE
FRWSQ,Saint-Pierre = PM FSP,WSQ,Wasquehal,TRUE
FRWSS,Saint-Pierre = PM FSP,WSS,Wissous,TRUE
FRXLT,Saint-Pierre = PM FSP,XLT,Ax-les-Thermes,TRUE
FRYNE,Saint-Pierre = PM FSP,YNE,La Seyne-sur-Mer,TRUE
FRYSO,Saint-Pierre = PM FSP,YSO,Fleurey-sur-Ouche,TRUE
FRZWL,Saint-Pierre = PM FSP,ZWL,Zinswiller,TRUE
GACCB,GABON,CCB,Cocobeach,TRUE
GACLZ,GABON,CLZ,Cap Lopez,TRUE
GAEKU,GABON,EKU,Equata,TRUE
GAGAX,GABON,GAX,Gamba,TRUE
GALBV,GABON,LBV,Libreville,TRUE
GALUC,GABON,LUC,Lucina,TRUE
GAMBY,GABON,MBY,M'bya Terminal,TRUE
GANYA,GABON,NYA,Nyanga,TRUE
GAOWE,GABON,OWE,Owendo,TRUE
GAPOG,GABON,POG,"Port Gentil, Gabon",TRUE
GBABA,UNITED KINGDOM,ABA,Aberaeron,TRUE
GBABD,UNITED KINGDOM,ABD,"Aberdeen, United Kingdom",TRUE
GBACI,UNITED KINGDOM,ACI,Alderney,TRUE
GBACT,UNITED KINGDOM,ACT,Acton Grange,TRUE
GBALB,UNITED KINGDOM,ALB,Aldeburgh,TRUE
GBALM,UNITED KINGDOM,ALM,Alnmouth,TRUE
GBAMB,UNITED KINGDOM,AMB,Amble,TRUE
GBAML,UNITED KINGDOM,AML,Ambleside,TRUE
GBANA,UNITED KINGDOM,ANA,Anasuria,TRUE
GBAPP,UNITED KINGDOM,APP,Appledore,TRUE
GBARB,UNITED KINGDOM,ARB,Arbroath,TRUE
GBARD,UNITED KINGDOM,ARD,Ardrossan,TRUE
GBARR,UNITED KINGDOM,ARR,Arrington,TRUE
GBASG,UNITED KINGDOM,ASG,Ardrishaig,TRUE
GBASW,UNITED KINGDOM,ASW,Ashwell,TRUE
GBAVL,UNITED KINGDOM,AVL,Alveley,TRUE
GBAVO,UNITED KINGDOM,AVO,Avonmouth,TRUE
GBAYF,UNITED KINGDOM,AYF,Aycliffe,TRUE
GBAYR,UNITED KINGDOM,AYR,Ayr,TRUE
GBBAB,UNITED KINGDOM,BAB,Banbury,TRUE
GBBAD,UNITED KINGDOM,BAD,Barry Dock,TRUE
GBBAN,UNITED KINGDOM,BAN,Bangor,TRUE
GBBAT,UNITED KINGDOM,BAT,Battlesbridge,TRUE
GBBAW,UNITED KINGDOM,BAW,Baltic Wharf,TRUE
GBBBP,UNITED KINGDOM,BBP,Bembridge,TRUE
GBBEC,UNITED KINGDOM,BEC,Beckingham,TRUE
GBBEE,UNITED KINGDOM,BEE,Beeston,TRUE
GBBEH,UNITED KINGDOM,BEH,Berry Head,TRUE
GBBEL,UNITED KINGDOM,BEL,"Belfast, United Kingdon",TRUE
GBBFB,UNITED KINGDOM,BFB,Braefoot Bay,TRUE
GBBFE,UNITED KINGDOM,BFE,Brierfield,TRUE
GBBFF,UNITED KINGDOM,BFF,Banff,TRUE
GBBFY,UNITED KINGDOM,BFY,Briton Ferry,TRUE
GBBGY,UNITED KINGDOM,BGY,Bingley,TRUE
GBBHK,UNITED KINGDOM,BHK,Bromborough,TRUE
GBBHR,UNITED KINGDOM,BHR,Barrow-upon-Humber,TRUE
GBBHW,UNITED KINGDOM,BHW,Billingham,TRUE
GBBID,UNITED KINGDOM,BID,Bideford,TRUE
GBBIF,UNITED KINGDOM,BIF,Barrow in Furness,TRUE
GBBIP,UNITED KINGDOM,BIP,Bishop Auckland,TRUE
GBBKD,UNITED KINGDOM,BKD,Buckden,TRUE
GBBKG,UNITED KINGDOM,BKG,Barking/London,TRUE
GBBLB,UNITED KINGDOM,BLB,Blackburn,TRUE
GBBLK,UNITED KINGDOM,BLK,Blackpool,TRUE
GBBLR,UNITED KINGDOM,BLR,Ballylumford,TRUE
GBBLS,UNITED KINGDOM,BLS,Brightlingsea,TRUE
GBBLT,UNITED KINGDOM,BLT,Bolton,TRUE
GBBLY,UNITED KINGDOM,BLY,Blyth,TRUE
GBBMR,UNITED KINGDOM,BMR,Beaumaris,TRUE
GBBNG,UNITED KINGDOM,BNG,Bangor,TRUE
GBBNH,UNITED KINGDOM,BNH,Barton upon Humber,TRUE
GBBNM,UNITED KINGDOM,BNM,Barton,TRUE
GBBOC,UNITED KINGDOM,BOC,Burnham on Crouch,TRUE
GBBOE,UNITED KINGDOM,BOE,Bootle,TRUE
GBBOL,UNITED KINGDOM,BOL,Botley,TRUE
GBBON,UNITED KINGDOM,BON,Bo'ness,TRUE
GBBOS,UNITED KINGDOM,BOS,Boston,TRUE
GBBOW,UNITED KINGDOM,BOW,Bowling,TRUE
GBBRF,UNITED KINGDOM,BRF,Bradford,TRUE
GBBRK,UNITED KINGDOM,BRK,Birkenhead,TRUE
GBBRN,UNITED KINGDOM,BRN,Burnley,TRUE
GBBRP,UNITED KINGDOM,BRP,Bridport,TRUE
GBBRR,UNITED KINGDOM,BRR,Barra,TRUE
GBBRS,UNITED KINGDOM,BRS,Bristol,TRUE
GBBRT,UNITED KINGDOM,BRT,Bridlington,TRUE
GBBRW,UNITED KINGDOM,BRW,Bridgwater,TRUE
GBBRX,UNITED KINGDOM,BRX,Brixham,TRUE
GBBSH,UNITED KINGDOM,BSH,Brighton,TRUE
GBBSL,UNITED KINGDOM,BSL,Bosley,TRUE
GBBSN,UNITED KINGDOM,BSN,Baltasound,TRUE
GBBSO,UNITED KINGDOM,BSO,Bolsover,TRUE
GBBSY,UNITED KINGDOM,BSY,Barnsley,TRUE
GBBTL,UNITED KINGDOM,BTL,Burntisland,TRUE
GBBTR,UNITED KINGDOM,BTR,Burton upon Trent,TRUE
GBBUA,UNITED KINGDOM,BUA,Budleigh Salterton,TRUE
GBBUC,UNITED KINGDOM,BUC,Buckie,TRUE
GBBUH,UNITED KINGDOM,BUH,Burghead,TRUE
GBBUS,UNITED KINGDOM,BUS,Burton upon Stather,TRUE
GBBUY,UNITED KINGDOM,BUY,Bury,TRUE
GBBWK,UNITED KINGDOM,BWK,Berwick-upon-Tweed,TRUE
GBBWR,UNITED KINGDOM,BWR,Burrow,TRUE
GBBYC,UNITED KINGDOM,BYC,Ballycastle,TRUE
GBCAN,UNITED KINGDOM,CAN,Canvey Island,TRUE
GBCAX,UNITED KINGDOM,CAX,Carlisle,TRUE
GBCBA,UNITED KINGDOM,CBA,Castlebay,TRUE
GBCBT,UNITED KINGDOM,CBT,Campbeltown,TRUE
GBCDF,UNITED KINGDOM,CDF,Cardiff,TRUE
GBCEG,UNITED KINGDOM,CEG,Chester,TRUE
GBCFG,UNITED KINGDOM,CFG,Carrickfergus,TRUE
GBCHD,UNITED KINGDOM,CHD,Charleston,TRUE
GBCHE,UNITED KINGDOM,CHE,Mostyn,TRUE
GBCHF,UNITED KINGDOM,CHF,Charlestown,TRUE
GBCHR,UNITED KINGDOM,CHR,Chorley,TRUE
GBCHT,UNITED KINGDOM,CHT,Chepstow,TRUE
GBCHZ,UNITED KINGDOM,CHZ,Chelford,TRUE
GBCIS,UNITED KINGDOM,CIS,Coniston,TRUE
GBCKM,UNITED KINGDOM,CKM,Cockermouth,TRUE
GBCLF,UNITED KINGDOM,CLF,Cliffe,TRUE
GBCLR,UNITED KINGDOM,CLR,Coleraine,TRUE
GBCNU,UNITED KINGDOM,CNU,Craignure,TRUE
GBCNV,UNITED KINGDOM,CNV,Caernarfon,TRUE
GBCNZ,UNITED KINGDOM,CNZ,Cockenzie,TRUE
GBCOL,UNITED KINGDOM,COL,Colchester,TRUE
GBCOQ,UNITED KINGDOM,COQ,Connah's Quay,TRUE
GBCOR,UNITED KINGDOM,COR,Corpach,TRUE
GBCOV,UNITED KINGDOM,COV,Coverack,TRUE
GBCOW,UNITED KINGDOM,COW,Cowes,TRUE
GBCOY,UNITED KINGDOM,COY,Coryton,TRUE
GBCRH,UNITED KINGDOM,CRH,Cradley Heath,TRUE
GBCRN,UNITED KINGDOM,CRN,Cromarty,TRUE
GBCRT,UNITED KINGDOM,CRT,Carrington,TRUE
GBCSN,UNITED KINGDOM,CSN,Garston,TRUE
GBCTF,UNITED KINGDOM,CTF,Castleford,TRUE
GBCTM,UNITED KINGDOM,CTM,Chatham,TRUE
GBCUR,UNITED KINGDOM,CUR,Curlew,TRUE
GBCVT,UNITED KINGDOM,CVT,Coventry,TRUE
GBCYN,UNITED KINGDOM,CYN,Cairnryan,TRUE
GBCYP,UNITED KINGDOM,CYP,Clydeport,TRUE
GBDAG,UNITED KINGDOM,DAG,Dagenham,TRUE
GBDAL,UNITED KINGDOM,DAL,Dalton in Furness,TRUE
GBDCP,UNITED KINGDOM,DCP,Drumchapel,TRUE
GBDDT,UNITED KINGDOM,DDT,Durward Dauntless,TRUE
GBDER,UNITED KINGDOM,DER,Dereham,TRUE
GBDEX,UNITED KINGDOM,DEX,Deal,TRUE
GBDGS,UNITED KINGDOM,DGS,Douglas,TRUE
GBDHG,UNITED KINGDOM,DHG,Deanshanger,TRUE
GBDIN,UNITED KINGDOM,DIN,Dingle,TRUE
GBDNQ,UNITED KINGDOM,DNQ,Dean Quarry,TRUE
GBDNU,UNITED KINGDOM,DNU,Dunoon,TRUE
GBDRH,UNITED KINGDOM,DRH,Durham,TRUE
GBDRL,UNITED KINGDOM,DRL,Darlington,TRUE
GBDTE,UNITED KINGDOM,DTE,Dunstable,TRUE
GBDTM,UNITED KINGDOM,DTM,Dartmouth,TRUE
GBDTN,UNITED KINGDOM,DTN,Dunston,TRUE
GBDUM,UNITED KINGDOM,DUM,Dumfries,TRUE
GBDUN,UNITED KINGDOM,DUN,Dundee,TRUE
GBDVP,UNITED KINGDOM,DVP,Devonport,TRUE
GBDVR,UNITED KINGDOM,DVR,"Dover, United Kingdom",TRUE
GBDWY,UNITED KINGDOM,DWY,Dewsbury,TRUE
GBDXY,UNITED KINGDOM,DXY,Derby,TRUE
GBEAM,UNITED KINGDOM,EAM,Eastham,TRUE
GBECS,UNITED KINGDOM,ECS,Eccles,TRUE
GBEDI,UNITED KINGDOM,EDI,Edinburgh,TRUE
GBELL,UNITED KINGDOM,ELL,Ellesmere Port,TRUE
GBERR,UNITED KINGDOM,ERR,Berriedale,TRUE
GBESW,UNITED KINGDOM,ESW,East Wellow,TRUE
GBEXE,UNITED KINGDOM,EXE,Exeter,TRUE
GBEXM,UNITED KINGDOM,EXM,Exmouth,TRUE
GBFAL,UNITED KINGDOM,FAL,Falmouth,TRUE
GBFAS,UNITED KINGDOM,FAS,Faslane,TRUE
GBFAV,UNITED KINGDOM,FAV,Faversham,TRUE
GBFAW,UNITED KINGDOM,FAW,Fawley,TRUE
GBFDK,UNITED KINGDOM,FDK,Fosdyke,TRUE
GBFIS,UNITED KINGDOM,FIS,Fishguard,TRUE
GBFLE,UNITED KINGDOM,FLE,Fleetwood,TRUE
GBFLH,UNITED KINGDOM,FLH,Flotta,TRUE
GBFLW,UNITED KINGDOM,FLW,Flixborough,TRUE
GBFNT,UNITED KINGDOM,FNT,Finnart,TRUE
GBFNV,UNITED KINGDOM,FNV,Foinaven,TRUE
GBFOL,UNITED KINGDOM,FOL,Folkestone,TRUE
GBFOR,UNITED KINGDOM,FOR,Forth,TRUE
GBFOW,UNITED KINGDOM,FOW,Frisby on the Wreake,TRUE
GBFOY,UNITED KINGDOM,FOY,Fowey,TRUE
GBFRB,UNITED KINGDOM,FRB,Fraserburgh,TRUE
GBFRD,UNITED KINGDOM,FRD,Ferndale,TRUE
GBFRH,UNITED KINGDOM,FRH,Fingringhoe,TRUE
GBFRM,UNITED KINGDOM,FRM,Formby,TRUE
GBFTI,UNITED KINGDOM,FTI,The Forties,TRUE
GBFXT,UNITED KINGDOM,FXT,"Felixstowe, United Kingdom",TRUE
GBGAE,UNITED KINGDOM,GAE,Graemsay,TRUE
GBGAI,UNITED KINGDOM,GAI,Gainsborough,TRUE
GBGAT,UNITED KINGDOM,GAT,Gateshead,TRUE
GBGAW,UNITED KINGDOM,GAW,Gaerwen,TRUE
GBGCI,UNITED KINGDOM,GCI,Guernsey,TRUE
GBGDB,UNITED KINGDOM,GDB,Guardbridge,TRUE
GBGDN,UNITED KINGDOM,GDN,Gardenstown,TRUE
GBGIR,UNITED KINGDOM,GIR,Girvan,TRUE
GBGIS,UNITED KINGDOM,GIS,Garlieston,TRUE
GBGLD,UNITED KINGDOM,GLD,Glasson Dock,TRUE
GBGLO,UNITED KINGDOM,GLO,Gloucester,TRUE
GBGLW,UNITED KINGDOM,GLW,Glasgow,TRUE
GBGOO,UNITED KINGDOM,GOO,Goole,TRUE
GBGOS,UNITED KINGDOM,GOS,Gosport,TRUE
GBGRA,UNITED KINGDOM,GRA,Gransden,TRUE
GBGRG,UNITED KINGDOM,GRG,"Grangemouth, Great Britian",TRUE
GBGRH,UNITED KINGDOM,GRH,Great Harwood,TRUE
GBGRK,UNITED KINGDOM,GRK,Greenock,TRUE
GBGRN,UNITED KINGDOM,GRN,Granton,TRUE
GBGRW,UNITED KINGDOM,GRW,Grove Wharves,TRUE
GBGSA,UNITED KINGDOM,GSA,Glensanda,TRUE
GBGSU,UNITED KINGDOM,GSU,Great Sutton,TRUE
GBGSY,UNITED KINGDOM,GSY,Grimsby,TRUE
GBGTN,UNITED KINGDOM,GTN,Garston,TRUE
GBGTY,UNITED KINGDOM,GTY,Great Yarmouth,TRUE
GBGUR,UNITED KINGDOM,GUR,Gourock,TRUE
GBGUW,UNITED KINGDOM,GUW,Gunness Wharf,TRUE
GBGVS,UNITED KINGDOM,GVS,Gravesend,TRUE
GBGYS,UNITED KINGDOM,GYS,Grays,TRUE
GBHAD,UNITED KINGDOM,HAD,Haddington,TRUE
GBHAM,UNITED KINGDOM,HAM,Hamble,TRUE
GBHAY,UNITED KINGDOM,HAY,Hayle,TRUE
GBHBY,UNITED KINGDOM,HBY,Hellaby,TRUE
GBHDD,UNITED KINGDOM,HDD,Howdendyke,TRUE
GBHDF,UNITED KINGDOM,HDF,Huddersfield,TRUE
GBHDN,UNITED KINGDOM,HDN,Haslingden,TRUE
GBHEB,UNITED KINGDOM,HEB,Hebburn,TRUE
GBHEO,UNITED KINGDOM,HEO,Headley Down,TRUE
GBHGW,UNITED KINGDOM,HGW,Hightown,TRUE
GBHHN,UNITED KINGDOM,HHN,Holehaven,TRUE
GBHLY,UNITED KINGDOM,HLY,Holyhead,TRUE
GBHNT,UNITED KINGDOM,HNT,Hunstanton,TRUE
GBHNU,UNITED KINGDOM,HNU,Hainault,TRUE
GBHPT,UNITED KINGDOM,HPT,Hound Point,TRUE
GBHRD,UNITED KINGDOM,HRD,Harlesden,TRUE
GBHRF,UNITED KINGDOM,HRF,Harefield,TRUE
GBHRL,UNITED KINGDOM,HRL,Harlow,TRUE
GBHRN,UNITED KINGDOM,HRN,Herne Bay,TRUE
GBHRW,UNITED KINGDOM,HRW,Harwich,TRUE
GBHST,UNITED KINGDOM,HST,Hunterston,TRUE
GBHTG,UNITED KINGDOM,HTG,Hastings,TRUE
GBHTP,UNITED KINGDOM,HTP,Hartlepool,TRUE
GBHTT,UNITED KINGDOM,HTT,Hetton,TRUE
GBHUL,UNITED KINGDOM,HUL,Hull,TRUE
GBHYM,UNITED KINGDOM,HYM,Heysham,TRUE
GBILF,UNITED KINGDOM,ILF,Ilfracombe,TRUE
GBILL,UNITED KINGDOM,ILL,Gills,TRUE
GBIMM,UNITED KINGDOM,IMM,Immingham,TRUE
GBING,UNITED KINGDOM,ING,Ingham,TRUE
GBINK,UNITED KINGDOM,INK,Inverkeithing,TRUE
GBINV,UNITED KINGDOM,INV,Inverness,TRUE
GBIOG,UNITED KINGDOM,IOG,Isle of Grain,TRUE
GBIOM,UNITED KINGDOM,IOM,Isle of Man,TRUE
GBIPS,UNITED KINGDOM,IPS,Ipswich,TRUE
GBIRV,UNITED KINGDOM,IRV,Irvine,TRUE
GBITC,UNITED KINGDOM,ITC,Itchenor,TRUE
GBIVG,UNITED KINGDOM,IVG,Invergordon,TRUE
GBJAR,UNITED KINGDOM,JAR,Jarrow,TRUE
GBJER,UNITED KINGDOM,JER,Jersey,TRUE
GBJTB,UNITED KINGDOM,JTB,Johnstonebridge,TRUE
GBKBE,UNITED KINGDOM,KBE,Kinlochbervie,TRUE
GBKCG,UNITED KINGDOM,KCG,Kennacraig,TRUE
GBKEA,UNITED KINGDOM,KEA,Keadby,TRUE
GBKEI,UNITED KINGDOM,KEI,Keighley,TRUE
GBKGH,UNITED KINGDOM,KGH,Killingholme,TRUE
GBKIH,UNITED KINGDOM,KIH,Kirkham,TRUE
GBKKD,UNITED KINGDOM,KKD,Kirkcaldy,TRUE
GBKKL,UNITED KINGDOM,KKL,Kirkby Lonsdale,TRUE
GBKLN,UNITED KINGDOM,KLN,King's Lynn,TRUE
GBKLR,UNITED KINGDOM,KLR,Kilroot,TRUE
GBKNK,UNITED KINGDOM,KNK,Kingsnorth,TRUE
GBKOA,UNITED KINGDOM,KOA,Kilchoan,TRUE
GBKSF,UNITED KINGDOM,KSF,Knutsford,TRUE
GBKTG,UNITED KINGDOM,KTG,Kitt Green,TRUE
GBKWL,UNITED KINGDOM,KWL,Kirkwall,TRUE
GBLAH,UNITED KINGDOM,LAH,Lamlash,TRUE
GBLAN,UNITED KINGDOM,LAN,Lancaster,TRUE
GBLAR,UNITED KINGDOM,LAR,Larne,TRUE
GBLAX,UNITED KINGDOM,LAX,Laxo,TRUE
GBLCN,UNITED KINGDOM,LCN,Lincoln,TRUE
GBLCS,UNITED KINGDOM,LCS,Leicester,TRUE
GBLDO,UNITED KINGDOM,LDO,Llandudno,TRUE
GBLDW,UNITED KINGDOM,LDW,Llandrindod Wells,TRUE
GBLDY,UNITED KINGDOM,LDY,Londonderry,TRUE
GBLEA,UNITED KINGDOM,LEA,Long Eaton,TRUE
GBLEI,UNITED KINGDOM,LEI,Leith,TRUE
GBLEQ,UNITED KINGDOM,LEQ,Land's End,TRUE
GBLER,UNITED KINGDOM,LER,Lerwick,TRUE
GBLGS,UNITED KINGDOM,LGS,Largs,TRUE
GBLHP,UNITED KINGDOM,LHP,Longhope,TRUE
GBLHS,UNITED KINGDOM,LHS,Loch Striven,TRUE
GBLIT,UNITED KINGDOM,LIT,Littlehampton,TRUE
GBLIV,UNITED KINGDOM,LIV,Liverpool,TRUE
GBLLD,UNITED KINGDOM,LLD,Llanddulas,TRUE
GBLLN,UNITED KINGDOM,LLN,Llanelli,TRUE
GBLMA,UNITED KINGDOM,LMA,Lochmaddy,TRUE
GBLNM,UNITED KINGDOM,LNM,Lynmouth,TRUE
GBLOL,UNITED KINGDOM,LOL,Lochaline,TRUE
GBLON,UNITED KINGDOM,LON,"London, United Kingdom",TRUE
GBLOS,UNITED KINGDOM,LOS,Leigh-on-Sea,TRUE
GBLOU,UNITED KINGDOM,LOU,Loughborough,TRUE
GBLOV,UNITED KINGDOM,LOV,Lochinver,TRUE
GBLOW,UNITED KINGDOM,LOW,Lowestoft,TRUE
GBLSS,UNITED KINGDOM,LSS,Lossiemouth,TRUE
GBLTL,UNITED KINGDOM,LTL,Littlebrook,TRUE
GBLYL,UNITED KINGDOM,LYL,Leyland,TRUE
GBLYM,UNITED KINGDOM,LYM,Lymington,TRUE
GBLYS,UNITED KINGDOM,LYS,Lyness,TRUE
GBMAL,UNITED KINGDOM,MAL,Maldon,TRUE
GBMAW,UNITED KINGDOM,MAW,Marchwood,TRUE
GBMCD,UNITED KINGDOM,MCD,Macduff,TRUE
GBMCL,UNITED KINGDOM,MCL,Macclesfield,TRUE
GBMCN,UNITED KINGDOM,MCN,Machen,TRUE
GBMDN,UNITED KINGDOM,MDN,Middleton,TRUE
GBMDW,UNITED KINGDOM,MDW,Middlewich,TRUE
GBMEB,UNITED KINGDOM,MEB,Menai Bridge,TRUE
GBMGH,UNITED KINGDOM,MGH,Maghera,TRUE
GBMGO,UNITED KINGDOM,MGO,Magheramorne,TRUE
GBMGT,UNITED KINGDOM,MGT,Margate,TRUE
GBMID,UNITED KINGDOM,MID,Middlesbrough,TRUE
GBMIS,UNITED KINGDOM,MIS,Mistley,TRUE
GBMLB,UNITED KINGDOM,MLB,Millbrook,TRUE
GBMLF,UNITED KINGDOM,MLF,Milford Haven,TRUE
GBMLG,UNITED KINGDOM,MLG,Mallaig,TRUE
GBMLK,UNITED KINGDOM,MLK,Mallusk,TRUE
GBMLM,UNITED KINGDOM,MLM,Millom,TRUE
GBMMR,UNITED KINGDOM,MMR,Mossmoran,TRUE
GBMNC,UNITED KINGDOM,MNC,Manchester,TRUE
GBMON,UNITED KINGDOM,MON,Montrose,TRUE
GBMRY,UNITED KINGDOM,MRY,Maryport,TRUE
GBMTH,UNITED KINGDOM,MTH,Methil,TRUE
GBMUK,UNITED KINGDOM,MUK,Muckamore,TRUE
GBNBU,UNITED KINGDOM,NBU,Newburgh,TRUE
GBNBW,UNITED KINGDOM,NBW,North Berwick,TRUE
GBNCL,UNITED KINGDOM,NCL,Newcastle upon Tyne,TRUE
GBNDY,UNITED KINGDOM,NDY,Sanday,TRUE
GBNEA,UNITED KINGDOM,NEA,Neath Abbey,TRUE
GBNEH,UNITED KINGDOM,NEH,Neap House,TRUE
GBNFT,UNITED KINGDOM,NFT,Northfleet,TRUE
GBNGG,UNITED KINGDOM,NGG,Nigg,TRUE
GBNHA,UNITED KINGDOM,NHA,North Hayling,TRUE
GBNHO,UNITED KINGDOM,NHO,New Holland,TRUE
GBNHV,UNITED KINGDOM,NHV,Newhaven,TRUE
GBNLN,UNITED KINGDOM,NLN,Nelson,TRUE
GBNPO,UNITED KINGDOM,NPO,Newport,TRUE
GBNPT,UNITED KINGDOM,NPT,Newport,TRUE
GBNRF,UNITED KINGDOM,NRF,North Ferriby,TRUE
GBNRM,UNITED KINGDOM,NRM,North Walsham,TRUE
GBNRO,UNITED KINGDOM,NRO,North Ronaldsay,TRUE
GBNRW,UNITED KINGDOM,NRW,Norwich,TRUE
GBNRY,UNITED KINGDOM,NRY,Newry,TRUE
GBNSH,UNITED KINGDOM,NSH,North Shields,TRUE
GBNTG,UNITED KINGDOM,NTG,Nottingham,TRUE
GBNTH,UNITED KINGDOM,NTH,Northwich,TRUE
GBNTW,UNITED KINGDOM,NTW,Nantwich,TRUE
GBNWK,UNITED KINGDOM,NWK,Newark,TRUE
GBNYL,UNITED KINGDOM,NYL,Newlyn,TRUE
GBOAK,UNITED KINGDOM,OAK,Oakhamness,TRUE
GBOBA,UNITED KINGDOM,OBA,Oban,TRUE
GBODH,UNITED KINGDOM,ODH,Oldham,TRUE
GBOKK,UNITED KINGDOM,OKK,Old Kilpatrick,TRUE
GBOLY,UNITED KINGDOM,OLY,Holywood,TRUE
GBPAD,UNITED KINGDOM,PAD,Padstow,TRUE
GBPAK,UNITED KINGDOM,PAK,Port Askaig,TRUE
GBPAL,UNITED KINGDOM,PAL,Palnackie,TRUE
GBPAR,UNITED KINGDOM,PAR,Par,TRUE
GBPCW,UNITED KINGDOM,PCW,Porthcawl,TRUE
GBPDI,UNITED KINGDOM,PDI,Port Dinorwic,TRUE
GBPED,UNITED KINGDOM,PED,Pembroke Dock,TRUE
GBPEL,UNITED KINGDOM,PEL,Peel,TRUE
GBPEM,UNITED KINGDOM,PEM,Pembroke,TRUE
GBPEN,UNITED KINGDOM,PEN,Penzance,TRUE
GBPER,UNITED KINGDOM,PER,Perth,TRUE
GBPFT,UNITED KINGDOM,PFT,Purfleet,TRUE
GBPGR,UNITED KINGDOM,PGR,Pamber Green,TRUE
GBPHD,UNITED KINGDOM,PHD,Peterhead,TRUE
GBPKL,UNITED KINGDOM,PKL,Pocklington,TRUE
GBPLN,UNITED KINGDOM,PLN,Port Ellen,TRUE
GBPLY,UNITED KINGDOM,PLY,Plymouth,TRUE
GBPMD,UNITED KINGDOM,PMD,Portmadoc,TRUE
GBPME,UNITED KINGDOM,PME,"Portsmouth, United Kingdom",TRUE
GBPMM,UNITED KINGDOM,PMM,Penmaenmawr,TRUE
GBPOC,UNITED KINGDOM,POC,Port Clarence,TRUE
GBPOH,UNITED KINGDOM,POH,Porthoustock,TRUE
GBPOO,UNITED KINGDOM,POO,Poole,TRUE
GBPPE,UNITED KINGDOM,PPE,Port Penrhyn,TRUE
GBPRE,UNITED KINGDOM,PRE,Preston,TRUE
GBPRT,UNITED KINGDOM,PRT,Portree,TRUE
GBPRU,UNITED KINGDOM,PRU,"Portbury, Great Britain",TRUE
GBPRV,UNITED KINGDOM,PRV,Perivale,TRUE
GBPRY,UNITED KINGDOM,PRY,Penryn,TRUE
GBPSB,UNITED KINGDOM,PSB,Sutton Bridge,TRUE
GBPST,UNITED KINGDOM,PST,Parkeston Quay,TRUE
GBPSU,UNITED KINGDOM,PSU,Port Sunlight,TRUE
GBPTA,UNITED KINGDOM,PTA,Point of Ayre,TRUE
GBPTB,UNITED KINGDOM,PTB,Port Talbot,TRUE
GBPTH,UNITED KINGDOM,PTH,Portishead,TRUE
GBPTL,UNITED KINGDOM,PTL,Portland,TRUE
GBPTR,UNITED KINGDOM,PTR,Portrush,TRUE
GBPTS,UNITED KINGDOM,PTS,"Portslade, United Kingdom",TRUE
GBPTT,UNITED KINGDOM,PTT,Partington,TRUE
GBQUB,UNITED KINGDOM,QUB,Queenborough,TRUE
GBRAY,UNITED KINGDOM,RAY,Rothesay,TRUE
GBRCS,UNITED KINGDOM,RCS,Rochester,TRUE
GBRDN,UNITED KINGDOM,RDN,Reading,TRUE
GBREB,UNITED KINGDOM,REB,Redcliff Bay,TRUE
GBRER,UNITED KINGDOM,RER,Redcar,TRUE
GBRFD,UNITED KINGDOM,RFD,Rochford,TRUE
GBRFO,UNITED KINGDOM,RFO,Retford,TRUE
GBRHY,UNITED KINGDOM,RHY,Rhyl,TRUE
GBRID,UNITED KINGDOM,RID,Ridham Dock,TRUE
GBRMB,UNITED KINGDOM,RMB,Ramsbottom,TRUE
GBRMG,UNITED KINGDOM,RMG,Ramsgate,TRUE
GBROW,UNITED KINGDOM,ROW,Rowhedge,TRUE
GBROY,UNITED KINGDOM,ROY,Rosyth,TRUE
GBRSY,UNITED KINGDOM,RSY,Ramsey,TRUE
GBRTH,UNITED KINGDOM,RTH,Rotherham,TRUE
GBRUN,UNITED KINGDOM,RUN,Runcorn,TRUE
GBRYD,UNITED KINGDOM,RYD,Ryde,TRUE
GBRYE,UNITED KINGDOM,RYE,Rye,TRUE
GBSAX,UNITED KINGDOM,SAX,Saxham,TRUE
GBSCA,UNITED KINGDOM,SCA,Scarborough,TRUE
GBSCP,UNITED KINGDOM,SCP,Scunthorpe,TRUE
GBSCR,UNITED KINGDOM,SCR,Scrabster,TRUE
GBSCT,UNITED KINGDOM,SCT,Stockton,TRUE
GBSDL,UNITED KINGDOM,SDL,Snodland,TRUE
GBSDM,UNITED KINGDOM,SDM,Sidmouth,TRUE
GBSDN,UNITED KINGDOM,SDN,Shildon,TRUE
GBSEA,UNITED KINGDOM,SEA,Seaham,TRUE
GBSED,UNITED KINGDOM,SED,Salt End,TRUE
GBSEF,UNITED KINGDOM,SEF,Seaforth,TRUE
GBSFW,UNITED KINGDOM,SFW,Scapa Flow,TRUE
GBSFY,UNITED KINGDOM,SFY,Salford,TRUE
GBSHE,UNITED KINGDOM,SHE,"Sheffield, United Kingdom",TRUE
GBSHG,UNITED KINGDOM,SHG,South Hayling,TRUE
GBSHO,UNITED KINGDOM,SHO,Shoreham,TRUE
GBSHS,UNITED KINGDOM,SHS,Sheerness,TRUE
GBSHT,UNITED KINGDOM,SHT,Shotton,TRUE
GBSHV,UNITED KINGDOM,SHV,Shell Haven,TRUE
GBSHY,UNITED KINGDOM,SHY,St Helens,TRUE
GBSIL,UNITED KINGDOM,SIL,Silloth,TRUE
GBSLC,UNITED KINGDOM,SLC,Saltcoats,TRUE
GBSMW,UNITED KINGDOM,SMW,Simonswood,TRUE
GBSND,UNITED KINGDOM,SND,Southend,TRUE
GBSNS,UNITED KINGDOM,SNS,Stromness,TRUE
GBSNW,UNITED KINGDOM,SNW,St Andrews,TRUE
GBSOQ,UNITED KINGDOM,SOQ,South Queensferry,TRUE
GBSOT,UNITED KINGDOM,SOT,Stoke on Trent,TRUE
GBSOU,UNITED KINGDOM,SOU,Southampton,TRUE
GBSOW,UNITED KINGDOM,SOW,Stanlow,TRUE
GBSPT,UNITED KINGDOM,SPT,St Peter Port,TRUE
GBSPY,UNITED KINGDOM,SPY,Shapinsay,TRUE
GBSSH,UNITED KINGDOM,SSH,South Shields,TRUE
GBSSS,UNITED KINGDOM,SSS,Sharpness,TRUE
GBSTD,UNITED KINGDOM,STD,Strood,TRUE
GBSTH,UNITED KINGDOM,STH,St Helier,TRUE
GBSTO,UNITED KINGDOM,STO,Stornoway,TRUE
GBSTQ,UNITED KINGDOM,STQ,St Quivox,TRUE
GBSTR,UNITED KINGDOM,STR,Stranraer,TRUE
GBSUH,UNITED KINGDOM,SUH,Spurn Head,TRUE
GBSUL,UNITED KINGDOM,SUL,Sullom Voe,TRUE
GBSUN,UNITED KINGDOM,SUN,Sunderland,TRUE
GBSUT,UNITED KINGDOM,SUT,South Arne,TRUE
GBSVT,UNITED KINGDOM,SVT,Silvertown,TRUE
GBSWA,UNITED KINGDOM,SWA,Swansea,TRUE
GBSWD,UNITED KINGDOM,SWD,Southwold,TRUE
GBSWN,UNITED KINGDOM,SWN,Swinton,TRUE
GBSWY,UNITED KINGDOM,SWY,Scalloway,TRUE
GBSYM,UNITED KINGDOM,SYM,Symbister,TRUE
GBTAB,UNITED KINGDOM,TAB,Tarbert,TRUE
GBTAY,UNITED KINGDOM,TAY,Tayport,TRUE
GBTEE,UNITED KINGDOM,TEE,"Teesport, Great Britain",TRUE
GBTHB,UNITED KINGDOM,THB,Thornbridge,TRUE
GBTHM,UNITED KINGDOM,THM,Topsham,TRUE
GBTHP,UNITED KINGDOM,THP,"Thamesport, United Kingdom",TRUE
GBTHS,UNITED KINGDOM,THS,Thames Haven,TRUE
GBTIL,UNITED KINGDOM,TIL,"Tilbury, United Kingdom",TRUE
GBTNM,UNITED KINGDOM,TNM,Teignmouth,TRUE
GBTOB,UNITED KINGDOM,TOB,Tobermory,TRUE
GBTOL,UNITED KINGDOM,TOL,Tollesbury,TRUE
GBTOR,UNITED KINGDOM,TOR,Torquay,TRUE
GBTRA,UNITED KINGDOM,TRA,Tranmere,TRUE
GBTRU,UNITED KINGDOM,TRU,Truro,TRUE
GBTSO,UNITED KINGDOM,TSO,Tresco,TRUE
GBTTL,UNITED KINGDOM,TTL,Tetney Terminal,TRUE
GBTWL,UNITED KINGDOM,TWL,Tingwall,TRUE
GBTYM,UNITED KINGDOM,TYM,Tynemouth,TRUE
GBUIG,UNITED KINGDOM,UIG,Uig,TRUE
GBULL,UNITED KINGDOM,ULL,Ullapool,TRUE
GBVGI,UNITED KINGDOM,VGI,Varg field,TRUE
GBWAF,UNITED KINGDOM,WAF,Watford,TRUE
GBWAT,UNITED KINGDOM,WAT,Watchet,TRUE
GBWAV,UNITED KINGDOM,WAV,Watford Village,TRUE
GBWBY,UNITED KINGDOM,WBY,Wembley,TRUE
GBWDN,UNITED KINGDOM,WDN,Widnes,TRUE
GBWEY,UNITED KINGDOM,WEY,Weymouth,TRUE
GBWFD,UNITED KINGDOM,WFD,Wakefield,TRUE
GBWGN,UNITED KINGDOM,WGN,Wigan,TRUE
GBWHB,UNITED KINGDOM,WHB,Whitebooth Roads,TRUE
GBWHE,UNITED KINGDOM,WHE,Whitehead,TRUE
GBWHV,UNITED KINGDOM,WHV,Whitehaven,TRUE
GBWIC,UNITED KINGDOM,WIC,Wick,TRUE
GBWIG,UNITED KINGDOM,WIG,Wigtown,TRUE
GBWIS,UNITED KINGDOM,WIS,Wisbech,TRUE
GBWIV,UNITED KINGDOM,WIV,Wivenhoe,TRUE
GBWKI,UNITED KINGDOM,WKI,West Kirby,TRUE
GBWLA,UNITED KINGDOM,WLA,Wallasea,TRUE
GBWLS,UNITED KINGDOM,WLS,Wells,TRUE
GBWLY,UNITED KINGDOM,WLY,Warley,TRUE
GBWMB,UNITED KINGDOM,WMB,Wemyss Bay,TRUE
GBWMF,UNITED KINGDOM,WMF,Walmer,TRUE
GBWOL,UNITED KINGDOM,WOL,North Woolwich,TRUE
GBWOR,UNITED KINGDOM,WOR,Workington,TRUE
GBWPT,UNITED KINGDOM,WPT,Warrenpoint,TRUE
GBWRN,UNITED KINGDOM,WRN,Warrington,TRUE
GBWRY,UNITED KINGDOM,WRY,Westray,TRUE
GBWSM,UNITED KINGDOM,WSM,Weston-Super-Mare,TRUE
GBWSP,UNITED KINGDOM,WSP,Weston Point,TRUE
GBWTB,UNITED KINGDOM,WTB,Whitby,TRUE
GBWTS,UNITED KINGDOM,WTS,Whitstable,TRUE
GBYDN,UNITED KINGDOM,YDN,Yeadon,TRUE
GBYLL,UNITED KINGDOM,YLL,Yelland,TRUE
GBYMO,UNITED KINGDOM,YMO,Yarmouth,TRUE
GBYRK,UNITED KINGDOM,YRK,York,TRUE
GBYVZ,UNITED KINGDOM,YVZ,Stonehouse,TRUE
GDGRE,GRENADA,GRE,Grenville,TRUE
GDHIL,GRENADA,HIL,"Hillsborough, Carriacou Is",TRUE
GDSTG,GRENADA,STG,"St Georges, Grenada",TRUE
GEBUS,GEORGIA,BUS,Batumi,TRUE
GEPTI,GEORGIA,PTI,"Poti, Georgia",TRUE
GFCAY,FRENCH GUIANA,CAY,"Cayenne, French Guiana",TRUE
GFLVT,FRENCH GUIANA,LVT,Le Larivot,TRUE
GFQKR,FRENCH GUIANA,QKR,Kourou,TRUE
GHADA,GHANA,ADA,Ada,TRUE
GHAUR,GHANA,AUR,Aura,TRUE
GHAXI,GHANA,AXI,Axim,TRUE
GHCCT,GHANA,CCT,"Cape Coast, Ghana",TRUE
GHKIT,GHANA,KIT,Keta,TRUE
GHSEK,GHANA,SEK,Sekondi,TRUE
GHSHA,GHANA,SHA,Shama,TRUE
GHSPD,GHANA,SPD,Saltpond,TRUE
GHTEM,GHANA,TEM,"Tema, Ghana",TRUE
GHTKD,GHANA,TKD,Takoradi,TRUE
GHWEA,GHANA,WEA,Winneba,TRUE
GIGIB,GIBRALTAR,GIB,Gibraltar,TRUE
GLDAN,GREENLAND,DAN,Daneborg,TRUE
GLGOH,GREENLAND,GOH,Nuuk (Godthaab),TRUE
GLIUT,GREENLAND,IUT,Ivigtut,TRUE
GLJAV,GREENLAND,JAV,Ilulissat (Jakobshavn),TRUE
GLJEG,GREENLAND,JEG,Aasiaat (Egedesminde),TRUE
GLJFR,GREENLAND,JFR,Paamiut (Fredrikshaab),TRUE
GLJGO,GREENLAND,JGO,Qeqertarsuaq (Godhavn),TRUE
GLJGR,GREENLAND,JGR,Kangilinguit (Gronnedal),TRUE
GLJHS,GREENLAND,JHS,Sisimiut (Holsteinsborg),TRUE
GLJJU,GREENLAND,JJU,Qaqortoq (Julianehaab),TRUE
GLJNN,GREENLAND,JNN,Nanortalik,TRUE
GLJSU,GREENLAND,JSU,Maniitsoq (Sukkertoppen),TRUE
GLKUN,GREENLAND,KUN,Kuummiut,TRUE
GLKUS,GREENLAND,KUS,Kulusuk,TRUE
GLMRG,GREENLAND,MRG,Mesters Vig,TRUE
GLNAQ,GREENLAND,NAQ,Qaanaaq,TRUE
GLTHU,GREENLAND,THU,Pituffik,TRUE
GLTOV,GREENLAND,TOV,Toqqusaq,TRUE
GLUAK,GREENLAND,UAK,Narsarsuaq,TRUE
GLUMD,GREENLAND,UMD,Uummannaq,TRUE
GMBJL,GAMBIA,BJL,"Banjul, Gambia",TRUE
GNBTY,GUINEA,BTY,Benty,TRUE
GNCKY,GUINEA,CKY,Conakry,TRUE
GNKMR,GUINEA,KMR,Port-Kamsar,TRUE
GPBBR,GUADELOUPE,BBR,Basse-Terre,TRUE
GPGRB,GUADELOUPE,GRB,Grand-Bourg,TRUE
GPGUS,GUADELOUPE,GUS,"Gustavia, Guadeloupe",TRUE
GPJAR,GUADELOUPE,JAR,Jarry,TRUE
GPPTP,GUADELOUPE,PTP,"Point A Pitre, Guadeloupe",TRUE
GPSBH,GUADELOUPE,SBH,St Barthelemy,TRUE
GQBSG,EQUATORIAL GUINEA,BSG,"Bata, Equatorial Guinea",TRUE
GQBUL,EQUATORIAL GUINEA,BUL,Butuku-Luba,TRUE
GQCOG,EQUATORIAL GUINEA,COG,Cogo,TRUE
GQLUB,EQUATORIAL GUINEA,LUB,Luba,TRUE
GRACH,GREECE,ACH,Akharnai,TRUE
GRACL,GREECE,ACL,Achladi,TRUE
GRAEF,GREECE,AEF,Agia Efimia,TRUE
GRAGG,GREECE,AGG,Agistri Aiginas,TRUE
GRAGK,GREECE,AGK,Agiokampos Larissas,TRUE
GRAGM,GREECE,AGM,Agia Marina,TRUE
GRAGN,GREECE,AGN,Agathonisi,TRUE
GRAGO,GREECE,AGO,Agios Efstratios,TRUE
GRAGS,GREECE,AGS,Agios Stefanos,TRUE
GRAGT,GREECE,AGT,Agio Theodoroi,TRUE
GRAKI,GREECE,AKI,Agios Kirykos,TRUE
GRAKO,GREECE,AKO,Agios Konstantinos,TRUE
GRALO,GREECE,ALO,Alonnisos,TRUE
GRAMF,GREECE,AMF,Amfilochia,TRUE
GRAMI,GREECE,AMI,Amoliani,TRUE
GRANA,GREECE,ANA,Anafi,TRUE
GRAND,GREECE,AND,Andros,TRUE
GRANI,GREECE,ANI,"Agios Nikolaos, Kriti",TRUE
GRANP,GREECE,ANP,Antiparos,TRUE
GRANT,GREECE,ANT,Andirrion,TRUE
GRAOS,GREECE,AOS,Agios Athanasios,TRUE
GRAPE,GREECE,APE,Agia Pelagia,TRUE
GRARG,GREECE,ARG,Argos (Argolis),TRUE
GRARK,GREECE,ARK,Arkitsa,TRUE
GRARM,GREECE,ARM,Argostolion,TRUE
GRAST,GREECE,AST,Astakos,TRUE
GRATH,GREECE,ATH,"Athens, Greece",TRUE
GRATK,GREECE,ATK,Antikyra,TRUE
GRCFU,GREECE,CFU,Kerkira (Corfu),TRUE
GRCLK,GREECE,CLK,Chalkis,TRUE
GRCRG,GREECE,CRG,Corinth,TRUE
GRCSF,GREECE,CSF,Khora Sfakion,TRUE
GRDAF,GREECE,DAF,Dafni,TRUE
GRDIA,GREECE,DIA,Diafanion,TRUE
GRDOM,GREECE,DOM,Domokos,TRUE
GRDOS,GREECE,DOS,Delos,TRUE
GRDPA,GREECE,DPA,Drapetzona,TRUE
GREDI,GREECE,EDI,Edipsos,TRUE
GRELE,GREECE,ELE,Elefsis (Elevsis),TRUE
GRELL,GREECE,ELL,Ellasona,TRUE
GRELT,GREECE,ELT,Eleftheres,TRUE
GREPI,GREECE,EPI,Epidavros,TRUE
GRERE,GREECE,ERE,Eretria,TRUE
GRERM,GREECE,ERM,Ermioni,TRUE
GRETL,GREECE,ETL,Etolikon,TRUE
GREYD,GREECE,EYD,Eydilos,TRUE
GRFIS,GREECE,FIS,Fiskardo,TRUE
GRFOL,GREECE,FOL,Folegandros,TRUE
GRFOU,GREECE,FOU,Fournoi,TRUE
GRGAV,GREECE,GAV,Gavrion,TRUE
GRGLO,GREECE,GLO,Glossa,TRUE
GRGLY,GREECE,GLY,Glyfa Fthiotidas,TRUE
GRGPA,GREECE,GPA,Patras,TRUE
GRGRA,GREECE,GRA,Agios Ioannis Rentis,TRUE
GRGYT,GREECE,GYT,Gythion,TRUE
GRHAL,GREECE,HAL,Halki Dodekanison,TRUE
GRHER,GREECE,HER,Iraklion (Heraklion),TRUE
GRHYD,GREECE,HYD,Hydra (Idhra),TRUE
GRIER,GREECE,IER,Ierapetra,TRUE
GRIGO,GREECE,IGO,Igoumenitsa,TRUE
GRIKN,GREECE,IKN,Ikonian,TRUE
GRINF,GREECE,INF,Inofyta,TRUE
GRINO,GREECE,INO,Inousses,TRUE
GRIOA,GREECE,IOA,Ioannina,TRUE
GRIOS,GREECE,IOS,Ios,TRUE
GRITA,GREECE,ITA,Itea,TRUE
GRITH,GREECE,ITH,Ithaki (Ithaca),TRUE
GRITM,GREECE,ITM,Isthmia,TRUE
GRJKH,GREECE,JKH,Chios,TRUE
GRJMK,GREECE,JMK,Mykonos,TRUE
GRJNX,GREECE,JNX,Naxos,TRUE
GRJSH,GREECE,JSH,Siteia,TRUE
GRJSI,GREECE,JSI,Skiathos,TRUE
GRJSY,GREECE,JSY,Syra (Syros),TRUE
GRJTR,GREECE,JTR,Thira,TRUE
GRJTY,GREECE,JTY,Astypalaia,TRUE
GRKAK,GREECE,KAK,Katakolon,TRUE
GRKAP,GREECE,KAP,Kapsalion,TRUE
GRKAR,GREECE,KAR,Neon Karlovasion,TRUE
GRKAS,GREECE,KAS,Kastellorizou (ex Megisti),TRUE
GRKAT,GREECE,KAT,Katokhi,TRUE
GRKDM,GREECE,KDM,Kardamyla,TRUE
GRKEA,GREECE,KEA,Kea,TRUE
GRKER,GREECE,KER,Keramoti,TRUE
GRKGS,GREECE,KGS,Kos,TRUE
GRKIL,GREECE,KIL,Killini,TRUE
GRKIS,GREECE,KIS,Kastelli Kissamou,TRUE
GRKIT,GREECE,KIT,Kythira,TRUE
GRKLL,GREECE,KLL,Kalilimenes,TRUE
GRKLM,GREECE,KLM,Kalamaki,TRUE
GRKLX,GREECE,KLX,Kalamata,TRUE
GRKLY,GREECE,KLY,Kalyvia,TRUE
GRKMI,GREECE,KMI,Kalymnos,TRUE
GRKMS,GREECE,KMS,Kimolos,TRUE
GRKOR,GREECE,KOR,Koropion,TRUE
GRKSJ,GREECE,KSJ,Kassos,TRUE
GRKST,GREECE,KST,Karystos,TRUE
GRKVA,GREECE,KVA,Kavala,TRUE
GRKYL,GREECE,KYL,Kyllini,TRUE
GRKYM,GREECE,KYM,Kimasi,TRUE
GRKYP,GREECE,KYP,Kyparissia,TRUE
GRKYT,GREECE,KYT,Kythnos,TRUE
GRKZI,GREECE,KZI,Kozani,TRUE
GRLAV,GREECE,LAV,Laurium (Lavrion),TRUE
GRLEF,GREECE,LEF,Lefkandi,TRUE
GRLEV,GREECE,LEV,Lefkada,TRUE
GRLFK,GREECE,LFK,Lefkimmi,TRUE
GRLII,GREECE,LII,Limni,TRUE
GRLIP,GREECE,LIP,Lipsoi,TRUE
GRLIX,GREECE,LIX,Lixuri,TRUE
GRLND,GREECE,LND,Leonidion,TRUE
GRLRA,GREECE,LRA,Larisa,TRUE
GRLRM,GREECE,LRM,Larmes,TRUE
GRLRS,GREECE,LRS,Leros,TRUE
GRLRY,GREECE,LRY,Larymna,TRUE
GRLVR,GREECE,LVR,Aliverio,TRUE
GRMAL,GREECE,MAL,Malaoi,TRUE
GRMAZ,GREECE,MAZ,Marina Zeas,TRUE
GRMDR,GREECE,MDR,Moudhros,TRUE
GRMEG,GREECE,MEG,Megalivadi,TRUE
GRMEL,GREECE,MEL,Mesolongion,TRUE
GRMEN,GREECE,MEN,Menidi,TRUE
GRMES,GREECE,MES,Messogia,TRUE
GRMET,GREECE,MET,Methoni,TRUE
GRMGN,GREECE,MGN,Meganisi,TRUE
GRMGR,GREECE,MGR,Megara,TRUE
GRMHI,GREECE,MHI,Mesta Hiou,TRUE
GRMIS,GREECE,MIS,Missimi,TRUE
GRMJT,GREECE,MJT,Mytilene,TRUE
GRMLO,GREECE,MLO,Milos,TRUE
GRMMS,GREECE,MMS,Metamorfosis,TRUE
GRMON,GREECE,MON,Monemvasia,TRUE
GRMOS,GREECE,MOS,Moschaton,TRUE
GRMOU,GREECE,MOU,Moutsouna,TRUE
GRMRM,GREECE,MRM,Marmari,TRUE
GRMYL,GREECE,MYL,Mylaki,TRUE
GRMYR,GREECE,MYR,Mirina,TRUE
GRNAF,GREECE,NAF,Nafplion,TRUE
GRNAI,GREECE,NAI,Iraklion,TRUE
GRNAL,GREECE,NAL,Nea Alikarnassos,TRUE
GRNAV,GREECE,NAV,Navarino,TRUE
GRNEA,GREECE,NEA,Neapolis,TRUE
GRNID,GREECE,NID,Nidhrion,TRUE
GRNIS,GREECE,NIS,Nisiros,TRUE
GRNKA,GREECE,NKA,Nea Kallikratia,TRUE
GRNKL,GREECE,NKL,Neohorion Kyllinis,TRUE
GRNKV,GREECE,NKV,Nea Karvali,TRUE
GRNMA,GREECE,NMA,Nea Moudhania,TRUE
GRNPK,GREECE,NPK,Navpaktos,TRUE
GRNPY,GREECE,NPY,Nea Playia,TRUE
GRNST,GREECE,NST,Nea Stira,TRUE
GRORE,GREECE,ORE,Orei,TRUE
GRORO,GREECE,ORO,Oropos,TRUE
GROUR,GREECE,OUR,Ouranopolis,TRUE
GRPAA,GREECE,PAA,Palaia Psara,TRUE
GRPAN,GREECE,PAN,Panoi,TRUE
GRPAO,GREECE,PAO,Paloukia,TRUE
GRPAR,GREECE,PAR,Parga,TRUE
GRPAS,GREECE,PAS,Paros,TRUE
GRPAT,GREECE,PAT,Panetolion,TRUE
GRPAX,GREECE,PAX,Paxi,TRUE
GRPEP,GREECE,PEP,Palaia Epidavros,TRUE
GRPER,GREECE,PER,Perama,TRUE
GRPHE,GREECE,PHE,Porto Heli,TRUE
GRPIR,GREECE,PIR,"Pireaus, Greece",TRUE
GRPKE,GREECE,PKE,Poros Kefallinias,TRUE
GRPLI,GREECE,PLI,Pyli,TRUE
GRPLT,GREECE,PLT,Plati,TRUE
GRPMS,GREECE,PMS,Patmos,TRUE
GRPSA,GREECE,PSA,Psakhna,TRUE
GRPSF,GREECE,PSF,Paleohora Sfakion,TRUE
GRPTK,GREECE,PTK,Politika,TRUE
GRPTL,GREECE,PTL,Porto Lagos,TRUE
GRPTR,GREECE,PTR,Poros Trizinias,TRUE
GRPVK,GREECE,PVK,Preveza/Lefkas,TRUE
GRPYL,GREECE,PYL,Pylos,TRUE
GRPYR,GREECE,PYR,Pyrgos,TRUE
GRPYT,GREECE,PYT,Pythagoreion,TRUE
GRRAF,GREECE,RAF,Rafina,TRUE
GRREN,GREECE,REN,Rentis,TRUE
GRRET,GREECE,RET,Rethymnon,TRUE
GRREV,GREECE,REV,Revithoussa,TRUE
GRRHO,GREECE,RHO,Rhodes,TRUE
GRRIO,GREECE,RIO,Rio,TRUE
GRSAI,GREECE,SAI,Sami,TRUE
GRSAL,GREECE,SAL,Salamis,TRUE
GRSAM,GREECE,SAM,Samothraki,TRUE
GRSER,GREECE,SER,Seriphos,TRUE
GRSGB,GREECE,SGB,St George,TRUE
GRSHA,GREECE,SHA,Stavros Halkidikis,TRUE
GRSID,GREECE,SID,Sidirokastro,TRUE
GRSIF,GREECE,SIF,Apollonia,TRUE
GRSII,GREECE,SII,Sikinos,TRUE
GRSIK,GREECE,SIK,Sikionia,TRUE
GRSKA,GREECE,SKA,Skaramangas,TRUE
GRSKG,GREECE,SKG,"Thessaloniki, GR Greece",TRUE
GRSKO,GREECE,SKO,Skopelos,TRUE
GRSKU,GREECE,SKU,Skiros,TRUE
GRSKY,GREECE,SKY,Skydra,TRUE
GRSMI,GREECE,SMI,Samos,TRUE
GRSOU,GREECE,SOU,Soussaki,TRUE
GRSPE,GREECE,SPE,Spetsai,TRUE
GRSRS,GREECE,SRS,Serres,TRUE
GRSTE,GREECE,STE,Steni Evvias,TRUE
GRSTI,GREECE,STI,Stratoni,TRUE
GRSTY,GREECE,STY,Stylinda,TRUE
GRSUD,GREECE,SUD,Suda Bay,TRUE
GRSYM,GREECE,SYM,Symi,TRUE
GRSYS,GREECE,SYS,Stylis,TRUE
GRTIL,GREECE,TIL,Tilos,TRUE
GRTIN,GREECE,TIN,Tinos,TRUE
GRTRI,GREECE,TRI,Trikala,TRUE
GRTRS,GREECE,TRS,Thirasia,TRUE
GRTSI,GREECE,TSI,Tsingeli,TRUE
GRTSO,GREECE,TSO,Thasos,TRUE
GRVAR,GREECE,VAR,Varibobi,TRUE
GRVEL,GREECE,VEL,Velo,TRUE
GRVER,GREECE,VER,Veria,TRUE
GRVOL,GREECE,VOL,Volos,TRUE
GRVOT,GREECE,VOT,Votanikos,TRUE
GRVRI,GREECE,VRI,Vrisakia,TRUE
GRVTH,GREECE,VTH,Vathy,TRUE
GRYER,GREECE,YER,Yerakini,TRUE
GRYLI,GREECE,YLI,Yali Island,TRUE
GRZEA,GREECE,ZEA,Zea Island,TRUE
GRZTH,GREECE,ZTH,Zakynthos,TRUE
GSGRV,SOUTH GEORGIA AND THE SOUTH SANDWICH ISLANDS,GRV,Grytviken,TRUE
GSLEH,SOUTH GEORGIA AND THE SOUTH SANDWICH ISLANDS,LEH,Leith Harbour,TRUE
GTADU,GUATEMALA,ADU,Aduana,TRUE
GTANT,GUATEMALA,ANT,Antigua,TRUE
GTCHR,GUATEMALA,CHR,Champerico,TRUE
GTERH,GUATEMALA,ERH,El Rancho,TRUE
GTFRA,GUATEMALA,FRA,Fraijanes,TRUE
GTLAA,GUATEMALA,LAA,La Aurora,TRUE
GTLAF,GUATEMALA,LAF,La Fragua,TRUE
GTLIV,GUATEMALA,LIV,Livingston,TRUE
GTPAL,GUATEMALA,PAL,Palin,TRUE
GTPBR,GUATEMALA,PBR,Puerto Barrios,TRUE
GTPRQ,GUATEMALA,PRQ,"Puerto Quetzal, Guatemala",TRUE
GTRIH,GUATEMALA,RIH,Rio Hondo,TRUE
GTSNJ,GUATEMALA,SNJ,San Jose,TRUE
GTVIN,GUATEMALA,VIN,Villa Nueva,TRUE
GUAPR,GUAM,APR,Apra (Agana),TRUE
GUGUM,GUAM,GUM,Guam,TRUE
GWBOL,GUINEA-BISSAU,BOL,Bolama,TRUE
GWBQE,GUINEA-BISSAU,BQE,Bubaque,TRUE
GWCAC,GUINEA-BISSAU,CAC,Cacheu,TRUE
GWOXB,GUINEA-BISSAU,OXB,Bissau,TRUE
GYGEO,GUYANA,GEO,"Georgetown, Guyana",TRUE
GYGFO,GUYANA,GFO,Bartica,TRUE
GYLDN,GUYANA,LDN,Linden,TRUE
GYNAM,GUYANA,NAM,New Amsterdam,TRUE
HKCWB,HONG KONG,CWB,Causeway Bay,TRUE
HKHKC,HONG KONG,HKC,Ha Kwai Chung,TRUE
HKHKG,HONG KONG,HKG,"Hong Kong,China",TRUE
HKKWN,HONG KONG,KWN,"Kow Loon, Hong Kong",TRUE
HKTOL,HONG KONG,TOL,Tolo Harbour,TRUE
HKVIC,HONG KONG,VIC,Victoria,TRUE
HMHEA,HEARD ISLAND AND MCDONALD ISLANDS,HEA,Heard Island,TRUE
HMMCD,HEARD ISLAND AND MCDONALD ISLANDS,MCD,McDonald Island,TRUE
HNAMP,HONDURAS,AMP,Amapala,TRUE
HNGJA,HONDURAS,GJA,Guanaja,TRUE
HNHNN,HONDURAS,HNN,Henecan,TRUE
HNLCE,HONDURAS,LCE,"La Cieba, Honduras",TRUE
HNPCA,HONDURAS,PCA,Puerto Castilla,TRUE
HNPCR,HONDURAS,PCR,"Puerto Cortes, Honduras",TRUE
HNRTB,HONDURAS,RTB,Roatan,TRUE
HNSAP,HONDURAS,SAP,"San Pedro Sula, Honduras",TRUE
HNSLM,HONDURAS,SLM,Salamar,TRUE
HNSLO,HONDURAS,SLO,San Lorenzo,TRUE
HNTEA,HONDURAS,TEA,Tela,TRUE
HNTGU,HONDURAS,TGU,"Tegucialpa, Honduras",TRUE
HNTJI,HONDURAS,TJI,Trujillo,TRUE
HNVLN,HONDURAS,VLN,Villa Nueva,TRUE
HRBAK,CROATIA,BAK,Bakar,TRUE
HRBOL,CROATIA,BOL,Bol,TRUE
HRBRI,CROATIA,BRI,Brioni,TRUE
HRCRS,CROATIA,CRS,Cres,TRUE
HRCVT,CROATIA,CVT,Cavtat,TRUE
HRDBV,CROATIA,DBV,Dubrovnik,TRUE
HRDUR,CROATIA,DUR,Dugi Rat,TRUE
HRHVA,CROATIA,HVA,Hvar,TRUE
HRKMZ,CROATIA,KMZ,Komiza,TRUE
HRKOR,CROATIA,KOR,Korcula,TRUE
HRKRA,CROATIA,KRA,Kraljevica,TRUE
HRKRM,CROATIA,KRM,Koromacno,TRUE
HRLAM,CROATIA,LAM,Lamjane,TRUE
HRLKE,CROATIA,LKE,Lokve,TRUE
HRLSZ,CROATIA,LSZ,Mali Losinj,TRUE
HRMAS,CROATIA,MAS,Maslenica,TRUE
HRMAV,CROATIA,MAV,Martinska Ves Desna,TRUE
HRMET,CROATIA,MET,Metkovic,TRUE
HRMIL,CROATIA,MIL,Milna,TRUE
HRNVG,CROATIA,NVG,Novigrad,TRUE
HROMI,CROATIA,OMI,Omisalj,TRUE
HROPA,CROATIA,OPA,Opatija,TRUE
HROSI,CROATIA,OSI,Osijek,TRUE
HROVA,CROATIA,OVA,Orahovica,TRUE
HRPAG,CROATIA,PAG,Pag,TRUE
HRPLE,CROATIA,PLE,Ploce,TRUE
HRPLM,CROATIA,PLM,Plomin,TRUE
HRPOR,CROATIA,POR,Porec,TRUE
HRPRE,CROATIA,PRE,Preko,TRUE
HRPUY,CROATIA,PUY,Pula,TRUE
HRRAB,CROATIA,RAB,Rab,TRUE
HRRAS,CROATIA,RAS,Rasa,TRUE
HRRJK,CROATIA,RJK,"Rijeka, Croatia",TRUE
HRROV,CROATIA,ROV,Rovinj,TRUE
HRRSA,CROATIA,RSA,Rasinja,TRUE
HRSBC,CROATIA,SBC,Stobrec,TRUE
HRSBD,CROATIA,SBD,Slavonski Brod,TRUE
HRSEN,CROATIA,SEN,Senj,TRUE
HRSIB,CROATIA,SIB,Sibenik,TRUE
HRSIS,CROATIA,SIS,Sisak,TRUE
HRSJO,CROATIA,SJO,Skrljevo,TRUE
HRSLN,CROATIA,SLN,Solin,TRUE
HRSPU,CROATIA,SPU,Split,TRUE
HRSUC,CROATIA,SUC,Sucuraj,TRUE
HRSUR,CROATIA,SUR,Sucurac,TRUE
HRSUS,CROATIA,SUS,Rijeka Susak,TRUE
HRSVK,CROATIA,SVK,Sveti Kajo,TRUE
HRTRO,CROATIA,TRO,Trogir,TRUE
HRUMG,CROATIA,UMG,Umag,TRUE
HRVIR,CROATIA,VIR,Vir,TRUE
HRVIS,CROATIA,VIS,Vis,TRUE
HRVKV,CROATIA,VKV,Viskovo,TRUE
HRVLK,CROATIA,VLK,Vela Luka,TRUE
HRVRA,CROATIA,VRA,Vranjic,TRUE
HRVUK,CROATIA,VUK,Vukovar,TRUE
HRZAD,CROATIA,ZAD,Zadar,TRUE
HRZBK,CROATIA,ZBK,Zabok,TRUE
HTACA,HAITI,ACA,Les Cayes,TRUE
HTCAP,HAITI,CAP,Cap-Haitien,TRUE
HTFLI,HAITI,FLI,Fort Liberte,TRUE
HTFOM,HAITI,FOM,Fond Mombin,TRUE
HTGVS,HAITI,GVS,Gonaives,TRUE
HTJAK,HAITI,JAK,Jacmel,TRUE
HTJEE,HAITI,JEE,Jeremie,TRUE
HTLFF,HAITI,LFF,Laffiteau,TRUE
HTMIR,HAITI,MIR,Miragoane,TRUE
HTPAP,HAITI,PAP,"Port Au Prince, Haiti",TRUE
HTPEG,HAITI,PEG,Petit Goave,TRUE
HTSMC,HAITI,SMC,St Marc,TRUE
HUADY,HUNGARY,ADY,Adony,TRUE
HUAFU,HUNGARY,AFU,Almasfuzito,TRUE
HUBUD,HUNGARY,BUD,Budapest,TRUE
HUCMR,HUNGARY,CMR,Csomor,TRUE
HUCPE,HUNGARY,CPE,Csepel,TRUE
HUDEB,HUNGARY,DEB,Debrecen,TRUE
HUDKZ,HUNGARY,DKZ,Dunakeszi,TRUE
HUDPA,HUNGARY,DPA,Dunapataj,TRUE
HUDRE,HUNGARY,DRE,Dunaremete,TRUE
HUDSZ,HUNGARY,DSZ,Dunaharaszti,TRUE
HUDVE,HUNGARY,DVE,Dunavecse,TRUE
HUEGR,HUNGARY,EGR,Eger,TRUE
HUEST,HUNGARY,EST,Esztergom,TRUE
HUGDL,HUNGARY,GDL,Godollo,TRUE
HUGNY,HUNGARY,GNY,Gonyu,TRUE
HUGYO,HUNGARY,GYO,Gyor,TRUE
HUHAL,HUNGARY,HAL,Halasztelek,TRUE
HUHAT,HUNGARY,HAT,Hatvan,TRUE
HUKAR,HUNGARY,KAR,Karcag,TRUE
HUKCO,HUNGARY,KCO,Kalocsa,TRUE
HUKCS,HUNGARY,KCS,Kecskemet,TRUE
HUKIA,HUNGARY,KIA,Kisvarda,TRUE
HUKOM,HUNGARY,KOM,Komarom,TRUE
HUKOR,HUNGARY,KOR,Kormend,TRUE
HUKSK,HUNGARY,KSK,Kiskunhalas,TRUE
HUMCQ,HUNGARY,MCQ,Miskolc,TRUE
HUMIR,HUNGARY,MIR,Mirelite,TRUE
HUMOH,HUNGARY,MOH,Mohacs,TRUE
HUSZD,HUNGARY,SZD,Szentendre,TRUE
HUSZE,HUNGARY,SZE,Szeged,TRUE
HUSZL,HUNGARY,SZL,Szolnok,TRUE
HUSZM,HUNGARY,SZM,Szigetszentmiklos,TRUE
HUVIG,HUNGARY,VIG,Visegrad,TRUE
IDADB,INDONESIA,ADB,Adang Bay,TRUE
IDAJN,INDONESIA,AJN,"Arjuna, Java",TRUE
IDAMA,INDONESIA,AMA,"Amamapare, Ij",TRUE
IDAMP,INDONESIA,AMP,"Ampenan, Bali",TRUE
IDAMQ,INDONESIA,AMQ,"Ambon, Molucas",TRUE
IDANR,INDONESIA,ANR,Anyer Kidul,TRUE
IDAPI,INDONESIA,API,Api Api,TRUE
IDARB,INDONESIA,ARB,Aroe Bay,TRUE
IDAUN,INDONESIA,AUN,Arun,TRUE
IDBAK,INDONESIA,BAK,Batu Kilat,TRUE
IDBAL,INDONESIA,BAL,Balongan Terminal,TRUE
IDBDJ,INDONESIA,BDJ,Banjarmasin,TRUE
IDBEK,INDONESIA,BEK,Bekapai Terminal,TRUE
IDBEN,INDONESIA,BEN,Benete,TRUE
IDBGG,INDONESIA,BGG,Banggai,TRUE
IDBIK,INDONESIA,BIK,"Biak, Irian Jaya",TRUE
IDBIR,INDONESIA,BIR,Biringkassi,TRUE
IDBIT,INDONESIA,BIT,"Bitung, Sulawesi",TRUE
IDBJU,INDONESIA,BJU,"Banjuwangi, Java",TRUE
IDBKI,INDONESIA,BKI,"Bengkalis, Sumatra",TRUE
IDBKS,INDONESIA,BKS,"Bengkulu, Sumatra",TRUE
IDBLI,INDONESIA,BLI,"Blinju, Banka",TRUE
IDBLL,INDONESIA,BLL,"Blang Lancang, St",TRUE
IDBLT,INDONESIA,BLT,Belitung,TRUE
IDBLV,INDONESIA,BLV,Beliling,TRUE
IDBLW,INDONESIA,BLW,"Belawan Sumatra, Indonesia",TRUE
IDBMT,INDONESIA,BMT,"Bima Terminal, Jv",TRUE
IDBMU,INDONESIA,BMU,"Bima, Sb",TRUE
IDBNG,INDONESIA,BNG,Bonggala,TRUE
IDBOA,INDONESIA,BOA,"Benoa, Bali",TRUE
IDBPN,INDONESIA,BPN,"Balikpapan, Kalimantan",TRUE
IDBTN,INDONESIA,BTN,Banten,TRUE
IDBTW,INDONESIA,BTW,Batulicin,TRUE
IDBUA,INDONESIA,BUA,Bula,TRUE
IDBUG,INDONESIA,BUG,"Buleleng, Bali",TRUE
IDBUN,INDONESIA,BUN,Buatan,TRUE
IDBUR,INDONESIA,BUR,Batu Ampal,TRUE
IDBXT,INDONESIA,BXT,"Bontang, Kl",TRUE
IDCBN,INDONESIA,CBN,Cirebon (Tjeribon),TRUE
IDCEB,INDONESIA,CEB,"Celukan Bawang, Bl",TRUE
IDCIG,INDONESIA,CIG,Cigading,TRUE
IDCIN,INDONESIA,CIN,"Cinta, Java",TRUE
IDCIW,INDONESIA,CIW,Ciwandan,TRUE
IDCSA,INDONESIA,CSA,Cape Sago,TRUE
IDCXP,INDONESIA,CXP,Cilacap (Tjilatjap),TRUE
IDDAS,INDONESIA,DAS,"Dabo, Singkep Isl",TRUE
IDDIV,INDONESIA,DIV,Diviematra,TRUE
IDDJA,INDONESIA,DJA,Djankar,TRUE
IDDJB,INDONESIA,DJB,"Jambi, Sumatra",TRUE
IDDJJ,INDONESIA,DJJ,"Jayapura, Irian Jaya",TRUE
IDDMA,INDONESIA,DMA,Demta,TRUE
IDDOB,INDONESIA,DOB,Dobo,TRUE
IDDOG,INDONESIA,DOG,Donggi,TRUE
IDDUM,INDONESIA,DUM,"Dumai, Sumatra",TRUE
IDENO,INDONESIA,ENO,Kuala Enok,TRUE
IDFKQ,INDONESIA,FKQ,"Fak Fak, Irian Jaya",TRUE
IDGIL,INDONESIA,GIL,"Gilimanuk, Bali",TRUE
IDGNS,INDONESIA,GNS,"Gunung Sitoli, St",TRUE
IDGRE,INDONESIA,GRE,"Gresik, Java",TRUE
IDGTO,INDONESIA,GTO,"Gorontalo, Sulawesi",TRUE
IDJKT,INDONESIA,JKT,"Djakarta, Indonesia",TRUE
IDKAH,INDONESIA,KAH,Kahayan Bay,TRUE
IDKAM,INDONESIA,KAM,"Kambunong, Celebes",TRUE
IDKAR,INDONESIA,KAR,"Karosa, Sulawesi",TRUE
IDKAS,INDONESIA,KAS,"Kasim, Ij",TRUE
IDKAT,INDONESIA,KAT,Kalianget,TRUE
IDKBH,INDONESIA,KBH,Kalabahi,TRUE
IDKDI,INDONESIA,KDI,"Kendari, Sulawesi",TRUE
IDKEM,INDONESIA,KEM,"Kempo, Sb",TRUE
IDKID,INDONESIA,KID,"Kidjang, Bintan",TRUE
IDKKA,INDONESIA,KKA,"Kuala Kapuas, Kl",TRUE
IDKKB,INDONESIA,KKB,"Kunak, Borneo",TRUE
IDKLT,INDONESIA,KLT,Kaltim,TRUE
IDKMA,INDONESIA,KMA,"Kuala Mandah, Sumatra",TRUE
IDKOE,INDONESIA,KOE,"Kupang, Timor",TRUE
IDKOJ,INDONESIA,KOJ,Koja,TRUE
IDKPN,INDONESIA,KPN,"Kotapinang, Baru",TRUE
IDKRG,INDONESIA,KRG,Kariangau,TRUE
IDKSE,INDONESIA,KSE,Kassue,TRUE
IDKSO,INDONESIA,KSO,Kalbut Situbondo,TRUE
IDKTG,INDONESIA,KTG,"Ketapang, Kl",TRUE
IDKTJ,INDONESIA,KTJ,Kualatanjung,TRUE
IDKUA,INDONESIA,KUA,Kualalangsa,TRUE
IDKUM,INDONESIA,KUM,Kumai,TRUE
IDLAH,INDONESIA,LAH,"Labuha, Molucas",TRUE
IDLAS,INDONESIA,LAS,"Langsa, Sumatra",TRUE
IDLAT,INDONESIA,LAT,"Lalang Terminal, St",TRUE
IDLIF,INDONESIA,LIF,Lifamatola,TRUE
IDLLA,INDONESIA,LLA,"Lawe-Lawe, Kl",TRUE
IDLMB,INDONESIA,LMB,Lombok Strait,TRUE
IDLSW,INDONESIA,LSW,Lhokseumawe,TRUE
IDLUW,INDONESIA,LUW,Luwuk,TRUE
IDMAJ,INDONESIA,MAJ,"Majene, Sv",TRUE
IDMAK,INDONESIA,MAK,Makassar,TRUE
IDMAL,INDONESIA,MAL,Mangole,TRUE
IDMAN,INDONESIA,MAN,Manggar,TRUE
IDMDC,INDONESIA,MDC,Manado,TRUE
IDMDR,INDONESIA,MDR,Madura Terminal,TRUE
IDMEQ,INDONESIA,MEQ,"Meulaboh, Sumatra",TRUE
IDMES,INDONESIA,MES,"Medan, Sumatra",TRUE
IDMGB,INDONESIA,MGB,Manggis,TRUE
IDMJU,INDONESIA,MJU,Mamuju,TRUE
IDMKJ,INDONESIA,MKJ,Mangkajang,TRUE
IDMKQ,INDONESIA,MKQ,"Merauke, Irian Jaya",TRUE
IDMKW,INDONESIA,MKW,"Manokwari, Irian Jaya",TRUE
IDMLI,INDONESIA,MLI,"Malili, Sulawesi",TRUE
IDMNT,INDONESIA,MNT,"Mantang, Riau",TRUE
IDMOF,INDONESIA,MOF,"Maumere, Flores",TRUE
IDMRB,INDONESIA,MRB,"Merantibunting, Sumatra",TRUE
IDMRI,INDONESIA,MRI,"Musi River, Sumatra",TRUE
IDMRK,INDONESIA,MRK,"Merak, Java",TRUE
IDMTU,INDONESIA,MTU,Muturi,TRUE
IDMUB,INDONESIA,MUB,Muara Berau,TRUE
IDMUD,INDONESIA,MUD,Muara Djawa,TRUE
IDMUO,INDONESIA,MUO,"Muntok, Banka",TRUE
IDMUP,INDONESIA,MUP,Muara Pegah,TRUE
IDNNX,INDONESIA,NNX,Nunukan,TRUE
IDNPL,INDONESIA,NPL,North Pulau Laut,TRUE
IDOBI,INDONESIA,OBI,Obi Island,TRUE
IDOJA,INDONESIA,OJA,Olah Jasa Andal/Jakarta,TRUE
IDOLO,INDONESIA,OLO,Olee Lheue,TRUE
IDPAG,INDONESIA,PAG,"Pagatan, Kalimantan",TRUE
IDPAL,INDONESIA,PAL,Palu,TRUE
IDPAP,INDONESIA,PAP,Pare Pare,TRUE
IDPAS,INDONESIA,PAS,Pasir Panjang,TRUE
IDPAZ,INDONESIA,PAZ,"Pasuruan, Java",TRUE
IDPBJ,INDONESIA,PBJ,Pulau Bunyu,TRUE
IDPDG,INDONESIA,PDG,Padang,TRUE
IDPDJ,INDONESIA,PDJ,Tandjang,TRUE
IDPEM,INDONESIA,PEM,"Pemangkat, Kl",TRUE
IDPER,INDONESIA,PER,Perawang,TRUE
IDPEX,INDONESIA,PEX,"Pekalongan, Java",TRUE
IDPGA,INDONESIA,PGA,Pagerungan,TRUE
IDPGK,INDONESIA,PGK,"Pangkalpinang, Banka",TRUE
IDPGX,INDONESIA,PGX,"Pangkal Balam, Banka",TRUE
IDPJM,INDONESIA,PJM,Pandjung Mani,TRUE
IDPKN,INDONESIA,PKN,Pangkalanbuun,TRUE
IDPKR,INDONESIA,PKR,"Pangkalan Brandan, Sumatra",TRUE
IDPKS,INDONESIA,PKS,"Pangkalan Susu, Sumatra",TRUE
IDPLA,INDONESIA,PLA,"Plaju, Sumatra",TRUE
IDPLM,INDONESIA,PLM,"Palembang, Sumatra",TRUE
IDPMG,INDONESIA,PMG,Port Meneng,TRUE
IDPNG,INDONESIA,PNG,Penuba,TRUE
IDPNJ,INDONESIA,PNJ,Panjang,TRUE
IDPNK,INDONESIA,PNK,"Pontianak, Kalimantan",TRUE
IDPNN,INDONESIA,PNN,"Pamanukan, Java",TRUE
IDPNT,INDONESIA,PNT,"Prointal, Jv",TRUE
IDPPO,INDONESIA,PPO,"Palapo, Sulawesi",TRUE
IDPPS,INDONESIA,PPS,Pulangpisau,TRUE
IDPRN,INDONESIA,PRN,"Panarukan, Java",TRUE
IDPRO,INDONESIA,PRO,"Probolinggo, Java",TRUE
IDPSJ,INDONESIA,PSJ,"Poso, Sulawesi",TRUE
IDPSS,INDONESIA,PSS,"Pulau Sambu, Riau",TRUE
IDPTL,INDONESIA,PTL,"Pantoloan, Sv",TRUE
IDPTO,INDONESIA,PTO,Port Okha,TRUE
IDPUM,INDONESIA,PUM,"Pomalaa, Sulawesi",TRUE
IDPUT,INDONESIA,PUT,Pulau Laut,TRUE
IDPWG,INDONESIA,PWG,"Perawang, Sumatra",TRUE
IDREM,INDONESIA,REM,Rembang,TRUE
IDRGT,INDONESIA,RGT,"Rengat, Sumatra",TRUE
IDRNI,INDONESIA,RNI,Ranai,TRUE
IDSAD,INDONESIA,SAD,"Sadau, Borneo",TRUE
IDSAN,INDONESIA,SAN,"Sanang, Celebes",TRUE
IDSAS,INDONESIA,SAS,Sasayap,TRUE
IDSAT,INDONESIA,SAT,"Santan Terminal, Kl",TRUE
IDSBG,INDONESIA,SBG,"Sabang, Sumatra",TRUE
IDSBS,INDONESIA,SBS,"Sambas, Kalimantan",TRUE
IDSEB,INDONESIA,SEB,"Sebangan Bay, Kalimantan",TRUE
IDSEG,INDONESIA,SEG,"Segama, Borneo",TRUE
IDSEQ,INDONESIA,SEQ,"Sungai Pakning, Sumatra",TRUE
IDSIA,INDONESIA,SIA,"Siak Yechil, Riau",TRUE
IDSID,INDONESIA,SID,Sidangoli,TRUE
IDSKI,INDONESIA,SKI,"Sangkulirang, Kalimantan",TRUE
IDSKK,INDONESIA,SKK,Soengei Kolak,TRUE
IDSKP,INDONESIA,SKP,Sekupang,TRUE
IDSKW,INDONESIA,SKW,"Singkawang, Kalimantan",TRUE
IDSLG,INDONESIA,SLG,"Sibolga, Sumatra",TRUE
IDSMB,INDONESIA,SMB,"Semangka Bay, St",TRUE
IDSMQ,INDONESIA,SMQ,"Sampit, Kalimantan",TRUE
IDSNG,INDONESIA,SNG,Sinabang,TRUE
IDSOQ,INDONESIA,SOQ,Sorong,TRUE
IDSPA,INDONESIA,SPA,"Selat Pandjang, Sumatra",TRUE
IDSPH,INDONESIA,SPH,Senipah Terminal,TRUE
IDSRG,INDONESIA,SRG,"Seemarang, Indonesia",TRUE
IDSRI,INDONESIA,SRI,"Samarinda, Kalimantan",TRUE
IDSSO,INDONESIA,SSO,Susu,TRUE
IDSTU,INDONESIA,STU,Satui,TRUE
IDSUB,INDONESIA,SUB,"Surabaya, Indonesia",TRUE
IDSUG,INDONESIA,SUG,"Sungai Gerong, Sumatra",TRUE
IDSUP,INDONESIA,SUP,"Sumenep, Madura",TRUE
IDSUQ,INDONESIA,SUQ,"Sungai Guntung, Sumatra",TRUE
IDSUS,INDONESIA,SUS,"Susoh, Sumatra",TRUE
IDSVP,INDONESIA,SVP,Sevivara Point,TRUE
IDSWQ,INDONESIA,SWQ,Sumbawa,TRUE
IDSZH,INDONESIA,SZH,Senipah,TRUE
IDTAB,INDONESIA,TAB,Taboneo,TRUE
IDTAN,INDONESIA,TAN,Tanjunguban,TRUE
IDTAR,INDONESIA,TAR,Tarjun,TRUE
IDTAX,INDONESIA,TAX,"Taliabu Island Apt, Moluccas",TRUE
IDTBA,INDONESIA,TBA,"Tanjung Bara, Kl",TRUE
IDTBG,INDONESIA,TBG,"Teluk Betung, Sumatra",TRUE
IDTBN,INDONESIA,TBN,"Tuban, Jv",TRUE
IDTBO,INDONESIA,TBO,Tobelo,TRUE
IDTBR,INDONESIA,TBR,Telukbayur,TRUE
IDTBT,INDONESIA,TBT,"Tandjung Batu, Riau",TRUE
IDTEG,INDONESIA,TEG,"Tegal, Java",TRUE
IDTJB,INDONESIA,TJB,Tanjung Balai,TRUE
IDTJQ,INDONESIA,TJQ,"Tanjung Pandan, Belitung",TRUE
IDTKA,INDONESIA,TKA,"Telok Ayer, Kalimantan",TRUE
IDTLI,INDONESIA,TLI,Tolitoli,TRUE
IDTMO,INDONESIA,TMO,Telok Melano,TRUE
IDTNJ,INDONESIA,TNJ,"Tanjung Pinang, Riau",TRUE
IDTPN,INDONESIA,TPN,Tanjung Pemancingan,TRUE
IDTPP,INDONESIA,TPP,Tanjung Priok,TRUE
IDTRH,INDONESIA,TRH,Tarahan,TRUE
IDTRK,INDONESIA,TRK,"Tarakan, Kalimantan",TRUE
IDTSE,INDONESIA,TSE,"Tanjung Sekong, Jv",TRUE
IDTTE,INDONESIA,TTE,"Ternate, Halmahera",TRUE
IDUPG,INDONESIA,UPG,"Ujung Pandang, Sulawesi",TRUE
IDWGP,INDONESIA,WGP,"Waingapu, Sumba",TRUE
IEALQ,IRELAND,ALQ,Alexandra Quay,TRUE
IEANN,IRELAND,ANN,Annagassan,TRUE
IEARD,IRELAND,ARD,Ardmore,TRUE
IEARK,IRELAND,ARK,Arklow,TRUE
IEARO,IRELAND,ARO,Alexandra Road Oil,TRUE
IEAUG,IRELAND,AUG,Aughinish Island,TRUE
IEBBG,IRELAND,BBG,Balbriggan,TRUE
IEBIF,IRELAND,BIF,B & I Ferryport,TRUE
IEBIT,IRELAND,BIT,B & I Terminal,TRUE
IEBLL,IRELAND,BLL,Ballina,TRUE
IEBTM,IRELAND,BTM,Baltimore,TRUE
IEBUC,IRELAND,BUC,Buncrana,TRUE
IEBUR,IRELAND,BUR,Burtonport,TRUE
IEBYT,IRELAND,BYT,Bantry,TRUE
IECAR,IRELAND,CAR,Carlingford,TRUE
IECCT,IRELAND,CCT,Coastal Control Terminal,TRUE
IECFN,IRELAND,CFN,Donegal,TRUE
IECHE,IRELAND,CHE,Cahirciveen,TRUE
IECLC,IRELAND,CLC,Clarecastle,TRUE
IECLI,IRELAND,CLI,Clifden,TRUE
IECOB,IRELAND,COB,Cobh,TRUE
IECRO,IRELAND,CRO,Crookhaven,TRUE
IECTB,IRELAND,CTB,Castletown Bearhaven,TRUE
IEDCN,IRELAND,DCN,Duncannon,TRUE
IEDDK,IRELAND,DDK,Dundalk,TRUE
IEDER,IRELAND,DER,Derryveagh,TRUE
IEDGV,IRELAND,DGV,Dungarvan,TRUE
IEDIN,IRELAND,DIN,Dingle,TRUE
IEDLG,IRELAND,DLG,Dun Laoghaire,TRUE
IEDNL,IRELAND,DNL,Dunleer,TRUE
IEDNM,IRELAND,DNM,Dunmore East,TRUE
IEDRO,IRELAND,DRO,Drogheda,TRUE
IEDUB,IRELAND,DUB,"Dublin, Ireland",TRUE
IEFCW,IRELAND,FCW,Frank Cassin Wharf,TRUE
IEFEN,IRELAND,FEN,Fenit,TRUE
IEFID,IRELAND,FID,Fiddown,TRUE
IEFOV,IRELAND,FOV,"Foynes, Ireland",TRUE
IEGRN,IRELAND,GRN,Greenore,TRUE
IEGWY,IRELAND,GWY,Galway,TRUE
IEHAU,IRELAND,HAU,Haulbowline,TRUE
IEHOW,IRELAND,HOW,Howth,TRUE
IEKBS,IRELAND,KBS,Killybegs,TRUE
IEKCL,IRELAND,KCL,Kilclare,TRUE
IEKKA,IRELAND,KKA,Kilmokea,TRUE
IEKLA,IRELAND,KLA,Killala,TRUE
IEKLL,IRELAND,KLL,Kells,TRUE
IEKLN,IRELAND,KLN,Kinsale,TRUE
IEKLR,IRELAND,KLR,Kilrush,TRUE
IELMK,IRELAND,LMK,Limerick,TRUE
IEMAG,IRELAND,MAG,Maghera,TRUE
IEMAP,IRELAND,MAP,Marino Point,TRUE
IEMOT,IRELAND,MOT,Moneypoint,TRUE
IEMOV,IRELAND,MOV,Moville,TRUE
IENRS,IRELAND,NRS,New Ross,TRUE
IEORK,IRELAND,ORK,"Cork, Ireland",TRUE
IEPAP,IRELAND,PAP,Parnell Place,TRUE
IEPAT,IRELAND,PAT,Pandoro Terminal,TRUE
IERAT,IRELAND,RAT,Rathmullan,TRUE
IERAV,IRELAND,RAV,Rossaveel,TRUE
IERIN,IRELAND,RIN,Ringaskiddy,TRUE
IEROE,IRELAND,ROE,Rosslare,TRUE
IEROS,IRELAND,ROS,Rosslare Harbour,TRUE
IERTN,IRELAND,RTN,Ramelton,TRUE
IERUS,IRELAND,RUS,Rushbrooke,TRUE
IERVM,IRELAND,RVM,River Moy,TRUE
IESKL,IRELAND,SKL,Skull,TRUE
IESLI,IRELAND,SLI,Sligo,TRUE
IETAR,IRELAND,TAR,Tarbert,TRUE
IETIV,IRELAND,TIV,Tivoli,TRUE
IETME,IRELAND,TME,Tramore,TRUE
IETRA,IRELAND,TRA,Tralee,TRUE
IEWAL,IRELAND,WAL,Walkinstown,TRUE
IEWAT,IRELAND,WAT,"Waterford, Ireland",TRUE
IEWES,IRELAND,WES,Westport,TRUE
IEWEX,IRELAND,WEX,Wexford,TRUE
IEWHI,IRELAND,WHI,Whitegate,TRUE
IEWIC,IRELAND,WIC,Wicklow,TRUE
IEYOU,IRELAND,YOU,Youghal,TRUE
ILACR,ISRAEL,ACR,Acre,TRUE
ILAKL,ISRAEL,AKL,Ashkelon,TRUE
ILASH,ISRAEL,ASH,"Ashdod, Israel",TRUE
ILETH,ISRAEL,ETH,Elat (Eilath),TRUE
ILHAD,ISRAEL,HAD,Hadera,TRUE
ILHFA,ISRAEL,HFA,"Haifa, Israel",TRUE
ILNAT,ISRAEL,NAT,Netanya,TRUE
ILRAH,ISRAEL,RAH,Rafah,TRUE
ILSUK,ISRAEL,SUK,Sukrier,TRUE
INABG,INDIA,ABG,Alibag,TRUE
INACH,INDIA,ACH,Achra,TRUE
INADI,INDIA,ADI,Androth Is,TRUE
INALA,INDIA,ALA,Alang SBY,TRUE
INALF,INDIA,ALF,Alleppey,TRUE
INAMI,INDIA,AMI,Andorth Is,TRUE
INANG,INDIA,ANG,Anijengo,TRUE
INANL,INDIA,ANL,Arnala,TRUE
INAZK,INDIA,AZK,Azhikkal,TRUE
INBBP,INDIA,BBP,Bahabal Pur,TRUE
INBDA,INDIA,BDA,Bandra,TRUE
INBDG,INDIA,BDG,Badagara,TRUE
INBDQ,INDIA,BDQ,Vadodara,TRUE
INBDR,INDIA,BDR,Baindur,TRUE
INBED,INDIA,BED,Bedi,TRUE
INBET,INDIA,BET,Betul,TRUE
INBEY,INDIA,BEY,Beypore,TRUE
INBGW,INDIA,BGW,Bhagwa,TRUE
INBHM,INDIA,BHM,Bheemunipatnam,TRUE
INBHU,INDIA,BHU,Bhavnagar,TRUE
INBKT,INDIA,BKT,Bankot,TRUE
INBLK,INDIA,BLK,Belekeri,TRUE
INBLM,INDIA,BLM,Bilimora,TRUE
INBLP,INDIA,BLP,Belapur,TRUE
INBND,INDIA,BND,Banddar,TRUE
INBOM,INDIA,BOM,"Bombay, India",TRUE
INBRH,INDIA,BRH,Broach,TRUE
INBRM,INDIA,BRM,Borliai-Mandla,TRUE
INBRU,INDIA,BRU,Bharoch,TRUE
INBRY,INDIA,BRY,Borya,TRUE
INBSN,INDIA,BSN,Bassain,TRUE
INBSR,INDIA,BSR,Bulsar,TRUE
INBTK,INDIA,BTK,Bhatkal,TRUE
INBTR,INDIA,BTR,Bitra Is,TRUE
INBUD,INDIA,BUD,Budge-Budge,TRUE
INBWN,INDIA,BWN,Bhiwandi,TRUE
INBYT,INDIA,BYT,Beyt,TRUE
INCAM,INDIA,CAM,Cambay,TRUE
INCAP,INDIA,CAP,Calingapatam,TRUE
INCAR,INDIA,CAR,Carijam,TRUE
INCBL,INDIA,CBL,Chandbali,TRUE
INCCJ,INDIA,CCJ,Kozhikode (ex Calicut),TRUE
INCCU,INDIA,CCU,"Kolkata, India",TRUE
INCDL,INDIA,CDL,Cuddalore,TRUE
INCHR,INDIA,CHR,Chapora,TRUE
INCNN,INDIA,CNN,Cannanore,TRUE
INCOK,INDIA,COK,"Cochin, India",TRUE
INCOL,INDIA,COL,Colochel,TRUE
INCOO,INDIA,COO,Coondapur (Ganguly),TRUE
INCRN,INDIA,CRN,Cornwallis,TRUE
INCTI,INDIA,CTI,Chetlat Is,TRUE
INDAH,INDIA,DAH,Dahej,TRUE
INDAM,INDIA,DAM,Daman,TRUE
INDEG,INDIA,DEG,Deogad,TRUE
INDHP,INDIA,DHP,Dabhol Port,TRUE
INDHR,INDIA,DHR,Dholera,TRUE
INDHU,INDIA,DHU,Dahanu,TRUE
INDIG,INDIA,DIG,Dighi (Pune),TRUE
INDIU,INDIA,DIU,Diu,TRUE
INDIV,INDIA,DIV,Div,TRUE
INDMT,INDIA,DMT,Dharamtar,TRUE
INDRK,INDIA,DRK,Dwarka (Rupen),TRUE
INDRL,INDIA,DRL,Dabolim,TRUE
INDSK,INDIA,DSK,Dhanu-shkodi,TRUE
INDTW,INDIA,DTW,Dantiwara,TRUE
INDWA,INDIA,DWA,Dwarka,TRUE
INENR,INDIA,ENR,Ennore,TRUE
INESH,INDIA,ESH,Elphinstone Harbour,TRUE
INGAN,INDIA,GAN,Gandhar,TRUE
INGAU,INDIA,GAU,Gauhati (Panidi),TRUE
INGGA,INDIA,GGA,Gogha,TRUE
INGHA,INDIA,GHA,Ghogha,TRUE
INGPR,INDIA,GPR,Gopalpur,TRUE
INHAL,INDIA,HAL,Haldia,TRUE
INHGT,INDIA,HGT,Hangarkatta,TRUE
INHON,INDIA,HON,Honavar,TRUE
INHRN,INDIA,HRN,Harnai,TRUE
INHWR,INDIA,HWR,Honawar,TRUE
INICD,INDIA,ICD,"New Delhi, India",TRUE
INIXE,INDIA,IXE,Mangalore,TRUE
INIXY,INDIA,IXY,"Kandla, India",TRUE
INIXZ,INDIA,IXZ,Port Blair,TRUE
INJAK,INDIA,JAK,Jakhau,TRUE
INJBD,INDIA,JBD,Jafarabad,TRUE
INJDA,INDIA,JDA,Jodia,TRUE
INJGD,INDIA,JGD,Jaigad,TRUE
INJNP,INDIA,JNP,Port Jawaharlal Nehru,TRUE
INJTP,INDIA,JTP,Jaitapur,TRUE
INKAK,INDIA,KAK,Kakinada,TRUE
INKAL,INDIA,KAL,Kallai,TRUE
INKAR,INDIA,KAR,Karur,TRUE
INKBT,INDIA,KBT,Khambhat,TRUE
INKDI,INDIA,KDI,Kadmat Is,TRUE
INKDP,INDIA,KDP,Kondiapetnam,TRUE
INKIW,INDIA,KIW,Kelwa,TRUE
INKKR,INDIA,KKR,Kilakari,TRUE
INKKU,INDIA,KKU,Jaipur-Kanakpura,TRUE
INKLY,INDIA,KLY,Kalyan,TRUE
INKMB,INDIA,KMB,Kumbharu,TRUE
INKND,INDIA,KND,Kankudy,TRUE
INKOD,INDIA,KOD,Kodinar,TRUE
INKOI,INDIA,KOI,Koilthottum,TRUE
INKOK,INDIA,KOK,Koka,TRUE
INKON,INDIA,KON,Konarak,TRUE
INKRI,INDIA,KRI,Krishnapatnam,TRUE
INKRK,INDIA,KRK,Karaikal,TRUE
INKRN,INDIA,KRN,Karanja,TRUE
INKRP,INDIA,KRP,Kiranpani,TRUE
INKRW,INDIA,KRW,Karwar,TRUE
INKSG,INDIA,KSG,Kasargod,TRUE
INKSH,INDIA,KSH,Kelshi,TRUE
INKSP,INDIA,KSP,Kulasekarapanam,TRUE
INKTD,INDIA,KTD,Kotda,TRUE
INKTI,INDIA,KTI,Kiltan Is,TRUE
INKTW,INDIA,KTW,Koheshwar,TRUE
INKVI,INDIA,KVI,Kavi,TRUE
INKVL,INDIA,KVL,Kovalam,TRUE
INKVT,INDIA,KVT,Kavaram Is,TRUE
INLPR,INDIA,LPR,Leapuram,TRUE
INMAA,INDIA,MAA,"Madras, India",TRUE
INMAH,INDIA,MAH,Mahe,TRUE
INMAL,INDIA,MAL,Malpe,TRUE
INMAP,INDIA,MAP,Masulipatnam,TRUE
INMCI,INDIA,MCI,Minicoi I,TRUE
INMDA,INDIA,MDA,Magdalla,TRUE
INMDK,INDIA,MDK,Mul Dwarka,TRUE
INMDP,INDIA,MDP,Mandapam,TRUE
INMDV,INDIA,MDV,Mandvi,TRUE
INMDW,INDIA,MDW,Meadows,TRUE
INMGR,INDIA,MGR,Mangrol,TRUE
INMHA,INDIA,MHA,Mahuva,TRUE
INMLI,INDIA,MLI,Maroli,TRUE
INMLP,INDIA,MLP,Mallipuram,TRUE
INMLW,INDIA,MLW,Malwan,TRUE
INMNR,INDIA,MNR,Manori,TRUE
INMNW,INDIA,MNW,Mandwa,TRUE
INMRA,INDIA,MRA,Mora,TRUE
INMRI,INDIA,MRI,Mithivirdi,TRUE
INMRM,INDIA,MRM,Marmagao (Marmugao),TRUE
INMTW,INDIA,MTW,Metwad,TRUE
INMUN,INDIA,MUN,"Mundra, India",TRUE
INMUR,INDIA,MUR,Murad,TRUE
INMYB,INDIA,MYB,Mayabandar,TRUE
INNAN,INDIA,NAN,Nancowrie,TRUE
INNAV,INDIA,NAV,Navlakhi,TRUE
INNDG,INDIA,NDG,Nandgaon,TRUE
INNEE,INDIA,NEE,Nindakara,TRUE
INNEL,INDIA,NEL,Nellore,TRUE
INNHV,INDIA,NHV,Nhave,TRUE
INNML,INDIA,NML,New Mangalore,TRUE
INNPT,INDIA,NPT,Nagappattinam,TRUE
INNSA,INDIA,NSA,"Nhava Sheva, India",TRUE
INNVB,INDIA,NVB,Navabunder,TRUE
INNVP,INDIA,NVP,Navaspur,TRUE
INNVT,INDIA,NVT,Nivti,TRUE
INNWP,INDIA,NWP,Newapur,TRUE
INOKH,INDIA,OKH,Okha,TRUE
INONJ,INDIA,ONJ,Onjal,TRUE
INPAN,INDIA,PAN,Panaji Port,TRUE
INPAV,INDIA,PAV,Pipavav (Victor) Port,TRUE
INPBD,INDIA,PBD,Porbandar,TRUE
INPDD,INDIA,PDD,Padubidri,TRUE
INPID,INDIA,PID,Port Indai,TRUE
INPIN,INDIA,PIN,Pindhara,TRUE
INPMB,INDIA,PMB,Pamban,TRUE
INPNJ,INDIA,PNJ,Panjim,TRUE
INPNM,INDIA,PNM,"Panambur, Va Mangalore",TRUE
INPNN,INDIA,PNN,Ponnani,TRUE
INPNY,INDIA,PNY,Pondicherry,TRUE
INPPJ,INDIA,PPJ,Pellet Plant Jetty/Shiroda,TRUE
INPRG,INDIA,PRG,Purangad,TRUE
INPRN,INDIA,PRN,Portonovo,TRUE
INPRT,INDIA,PRT,Paradip Garh,TRUE
INPSH,INDIA,PSH,Palshet,TRUE
INPST,INDIA,PST,Positra,TRUE
INPUL,INDIA,PUL,Pulicat,TRUE
INPUR,INDIA,PUR,Puri,TRUE
INQUI,INDIA,QUI,Quilon,TRUE
INRAM,INDIA,RAM,Rameshwaram,TRUE
INRED,INDIA,RED,Redi,TRUE
INRGT,INDIA,RGT,Ranghat Bay,TRUE
INRJP,INDIA,RJP,Rajpara/Navabunder,TRUE
INRJR,INDIA,RJR,Rajpuri,TRUE
INRKG,INDIA,RKG,Rajakkamangalam,TRUE
INRNR,INDIA,RNR,Ranpar,TRUE
INRRI,INDIA,RRI,Raili,TRUE
INRTC,INDIA,RTC,Ratnagiri,TRUE
INRVD,INDIA,RVD,Revdanda,TRUE
INSAL,INDIA,SAL,Salaya,TRUE
INSBH,INDIA,SBH,Sinbhour,TRUE
INSHI,INDIA,SHI,Shirola,TRUE
INSHP,INDIA,SHP,Simbhour Port,TRUE
INSIK,INDIA,SIK,Sika,TRUE
INSIM,INDIA,SIM,Sima/Navabunder,TRUE
INSMR,INDIA,SMR,Simor,TRUE
INSRV,INDIA,SRV,Surasani-Yanam,TRUE
INSTP,INDIA,STP,Satpati,TRUE
INSTV,INDIA,STV,Surat,TRUE
INSWD,INDIA,SWD,Shriwardhan,TRUE
INTAD,INDIA,TAD,Tadri,TRUE
INTEL,INDIA,TEL,Tellicherry,TRUE
INTHL,INDIA,THL,Thal,TRUE
INTIV,INDIA,TIV,Tiviri,TRUE
INTJA,INDIA,TJA,Talaja,TRUE
INTMP,INDIA,TMP,Trombay,TRUE
INTNA,INDIA,TNA,Thana,TRUE
INTND,INDIA,TND,Tondi,TRUE
INTNK,INDIA,TNK,Tankari,TRUE
INTPH,INDIA,TPH,Thopputhurai,TRUE
INTPN,INDIA,TPN,Talpona,TRUE
INTRA,INDIA,TRA,Tranquebar,TRUE
INTRP,INDIA,TRP,Tarapur,TRUE
INTUN,INDIA,TUN,Tuna,TRUE
INTUT,INDIA,TUT,"Tuticorin, India",TRUE
INTYR,INDIA,TYR,Tirukkadayyur,TRUE
INULW,INDIA,ULW,Ulwa,TRUE
INUMB,INDIA,UMB,Umbergoan,TRUE
INUMR,INDIA,UMR,Umarsadi,TRUE
INUTN,INDIA,UTN,Uttan,TRUE
INVAD,INDIA,VAD,Vadinar,TRUE
INVEN,INDIA,VEN,Vengurla,TRUE
INVEP,INDIA,VEP,Veppalodai,TRUE
INVKM,INDIA,VKM,Valinokkam,TRUE
INVNG,INDIA,VNG,Vemgira,TRUE
INVRD,INDIA,VRD,Varavda,TRUE
INVRU,INDIA,VRU,Vadarevu,TRUE
INVSI,INDIA,VSI,Vansi-Borsi,TRUE
INVSV,INDIA,VSV,Varsova,TRUE
INVTZ,INDIA,VTZ,"Visakhupatnam, India",TRUE
INVVA,INDIA,VVA,Veraval,TRUE
INVYD,INDIA,VYD,Vijaydurg,TRUE
INVZJ,INDIA,VZJ,Vazhinjam,TRUE
IQABL,IRAQ,ABL,Arbil,TRUE
IQALF,IRAQ,ALF,Abu Al Fulus,TRUE
IQAMA,IRAQ,AMA,Amara (Al-Amarah),TRUE
IQARK,IRAQ,ARK,Arak,TRUE
IQBAI,IRAQ,BAI,Baigi,TRUE
IQBGW,IRAQ,BGW,Baghdad,TRUE
IQBSR,IRAQ,BSR,Basra,TRUE
IQDIW,IRAQ,DIW,Diwaniyah,TRUE
IQDOK,IRAQ,DOK,Dohuk,TRUE
IQFAL,IRAQ,FAL,Falluja,TRUE
IQFAO,IRAQ,FAO,Fao,TRUE
IQHIL,IRAQ,HIL,Al Hillah,TRUE
IQHIT,IRAQ,HIT,Hit,TRUE
IQHND,IRAQ,HND,Hindiya,TRUE
IQIKD,IRAQ,IKD,Iskandariyha,TRUE
IQKAR,IRAQ,KAR,Karbala,TRUE
IQKAZ,IRAQ,KAZ,Khor al Zubair,TRUE
IQKFA,IRAQ,KFA,Kufa,TRUE
IQKHA,IRAQ,KHA,Khor Al Amaya,TRUE
IQKIK,IRAQ,KIK,Kirkuk,TRUE
IQKUT,IRAQ,KUT,Al Kut,TRUE
IQMAB,IRAQ,MAB,Mina' al Bakr,TRUE
IQMAN,IRAQ,MAN,Mandali,TRUE
IQNAS,IRAQ,NAS,Najat,TRUE
IQOSM,IRAQ,OSM,Mosul (Ak Mawsil),TRUE
IQRMD,IRAQ,RMD,Ramadi,TRUE
IQRTM,IRAQ,RTM,Ratawi,TRUE
IQSAM,IRAQ,SAM,Samarra',TRUE
IQSMW,IRAQ,SMW,Samawa (As-Samawah),TRUE
IQTKT,IRAQ,TKT,Tikrit,TRUE
IQUQR,IRAQ,UQR,Umm Qasr,TRUE
IRABD,"IRAN, ISLAMIC REPUBLIC OF",ABD,Abadan,TRUE
IRAMR,"IRAN, ISLAMIC REPUBLIC OF",AMR,Amara,TRUE
IRASA,"IRAN, ISLAMIC REPUBLIC OF",ASA,Asaluyeh,TRUE
IRASR,"IRAN, ISLAMIC REPUBLIC OF",ASR,Astara,TRUE
IRAZD,"IRAN, ISLAMIC REPUBLIC OF",AZD,Yazd,TRUE
IRBAH,"IRAN, ISLAMIC REPUBLIC OF",BAH,Bandar Assaluyeh,TRUE
IRBAZ,"IRAN, ISLAMIC REPUBLIC OF",BAZ,Bandar-e Anzali,TRUE
IRBKM,"IRAN, ISLAMIC REPUBLIC OF",BKM,Bandar Khomeini,TRUE
IRBMR,"IRAN, ISLAMIC REPUBLIC OF",BMR,Bandar Mashur,TRUE
IRBND,"IRAN, ISLAMIC REPUBLIC OF",BND,Bandar Abbas,TRUE
IRBRG,"IRAN, ISLAMIC REPUBLIC OF",BRG,Bandar-e Gaz,TRUE
IRBSR,"IRAN, ISLAMIC REPUBLIC OF",BSR,Bandar Shahid Rajaee,TRUE
IRBUZ,"IRAN, ISLAMIC REPUBLIC OF",BUZ,Bushehr,TRUE
IRDGN,"IRAN, ISLAMIC REPUBLIC OF",DGN,Basargan,TRUE
IRGHA,"IRAN, ISLAMIC REPUBLIC OF",GHA,Ghazvin (Qazwin),TRUE
IRHEJ,"IRAN, ISLAMIC REPUBLIC OF",HEJ,Henjam,TRUE
IRHOR,"IRAN, ISLAMIC REPUBLIC OF",HOR,Hormuz,TRUE
IRIFN,"IRAN, ISLAMIC REPUBLIC OF",IFN,Isfahan,TRUE
IRIMH,"IRAN, ISLAMIC REPUBLIC OF",IMH,Imam Hasan,TRUE
IRJAK,"IRAN, ISLAMIC REPUBLIC OF",JAK,Jask,TRUE
IRKAS,"IRAN, ISLAMIC REPUBLIC OF",KAS,Kashan,TRUE
IRKHK,"IRAN, ISLAMIC REPUBLIC OF",KHK,Khark Island,TRUE
IRKHO,"IRAN, ISLAMIC REPUBLIC OF",KHO,Khorramshahr,TRUE
IRKSH,"IRAN, ISLAMIC REPUBLIC OF",KSH,Kermanshah (Bakhtaran),TRUE
IRLIN,"IRAN, ISLAMIC REPUBLIC OF",LIN,Lingah,TRUE
IRLVP,"IRAN, ISLAMIC REPUBLIC OF",LVP,Lavan,TRUE
IRMRX,"IRAN, ISLAMIC REPUBLIC OF",MRX,Bandar-e Mah Shahr,TRUE
IRNSH,"IRAN, ISLAMIC REPUBLIC OF",NSH,Now Shahr,TRUE
IRORU,"IRAN, ISLAMIC REPUBLIC OF",ORU,Orumiyeh,TRUE
IROSM,"IRAN, ISLAMIC REPUBLIC OF",OSM,Mosul,TRUE
IRRBA,"IRAN, ISLAMIC REPUBLIC OF",RBA,Ras Bahrgan,TRUE
IRRTM,"IRAN, ISLAMIC REPUBLIC OF",RTM,Ratawi,TRUE
IRSIX,"IRAN, ISLAMIC REPUBLIC OF",SIX,Sari,TRUE
IRSMW,"IRAN, ISLAMIC REPUBLIC OF",SMW,Samawa,TRUE
IRSRA,"IRAN, ISLAMIC REPUBLIC OF",SRA,Sarooj Anchorage,TRUE
IRSXI,"IRAN, ISLAMIC REPUBLIC OF",SXI,Sirri Island,TRUE
IRSYZ,"IRAN, ISLAMIC REPUBLIC OF",SYZ,Shiraz,TRUE
IRTBZ,"IRAN, ISLAMIC REPUBLIC OF",TBZ,Tabriz,TRUE
IRTMB,"IRAN, ISLAMIC REPUBLIC OF",TMB,Tombak,TRUE
IRUZA,"IRAN, ISLAMIC REPUBLIC OF",UZA,Al Uzsayr,TRUE
IRZBR,"IRAN, ISLAMIC REPUBLIC OF",ZBR,Chah Bahar,TRUE
ISAKR,ICELAND,AKR,Akranes,TRUE
ISAKU,ICELAND,AKU,Akureyri,TRUE
ISASS,ICELAND,ASS,Arskogssandur,TRUE
ISBAK,ICELAND,BAK,Bakkafjordur,TRUE
ISBGJ,ICELAND,BGJ,Borgarfjordur eystri,TRUE
ISBIL,ICELAND,BIL,Bildudalur - hofn,TRUE
ISBLO,ICELAND,BLO,Blonduos,TRUE
ISBOI,ICELAND,BOI,Bordeyri,TRUE
ISBOL,ICELAND,BOL,Bolungarvik,TRUE
ISBOR,ICELAND,BOR,Borgarnes,TRUE
ISBRE,ICELAND,BRE,Breiddalsvik,TRUE
ISBUD,ICELAND,BUD,Budir,TRUE
ISDAL,ICELAND,DAL,Dalvik,TRUE
ISDJU,ICELAND,DJU,Djupivogur,TRUE
ISDPV,ICELAND,DPV,Djupavik,TRUE
ISDRA,ICELAND,DRA,Drangsnes,TRUE
ISESK,ICELAND,ESK,Eskifjordur - hofn,TRUE
ISFAS,ICELAND,FAS,Faskrudsfjordur,TRUE
ISFLA,ICELAND,FLA,Flateyri,TRUE
ISGRB,ICELAND,GRB,Gardabaer,TRUE
ISGRD,ICELAND,GRD,Gardur,TRUE
ISGRE,ICELAND,GRE,Grenivik,TRUE
ISGRF,ICELAND,GRF,Grundarfjordur,TRUE
ISGRI,ICELAND,GRI,Grindavik,TRUE
ISGRT,ICELAND,GRT,Grundartangi,TRUE
ISGUF,ICELAND,GUF,Gufunes/Reykjavik,TRUE
ISHAF,ICELAND,HAF,Hafnarfjordur,TRUE
ISHJA,ICELAND,HJA,Hjalteyri,TRUE
ISHNR,ICELAND,HNR,Hafnir,TRUE
ISHOF,ICELAND,HOF,Hofsos,TRUE
ISHRI,ICELAND,HRI,Hrisey,TRUE
ISHUS,ICELAND,HUS,Husavik - hofn,TRUE
ISHVM,ICELAND,HVM,Hvammstangi,TRUE
ISHVR,ICELAND,HVR,Hvalfjordur,TRUE
ISISA,ICELAND,ISA,Isafjordur - hofn,TRUE
ISKEV,ICELAND,KEV,Keflavikurkaupstadur,TRUE
ISKJF,ICELAND,KJF,Skerjafjordur,TRUE
ISKOP,ICELAND,KOP,Kopasker - hofn,TRUE
ISKOV,ICELAND,KOV,Kopavogur,TRUE
ISKRO,ICELAND,KRO,Krokfjardarnes,TRUE
ISMJO,ICELAND,MJO,Mjofjordur,TRUE
ISNES,ICELAND,NES,Neskaupstadur,TRUE
ISNJA,ICELAND,NJA,Njardvik,TRUE
ISNOU,ICELAND,NOU,Nordurfjordur,TRUE
ISOLF,ICELAND,OLF,Olafsfjordur,TRUE
ISOLV,ICELAND,OLV,Olafsvik,TRUE
ISOSP,ICELAND,OSP,Ospakseyri,TRUE
ISPAT,ICELAND,PAT,Patreksfjordur - hofn,TRUE
ISRAU,ICELAND,RAU,Raufarhofn,TRUE
ISREY,ICELAND,REY,Reykjavik,TRUE
ISRFJ,ICELAND,RFJ,Reydarfjordur,TRUE
ISRHA,ICELAND,RHA,Reykholar,TRUE
ISRIF,ICELAND,RIF,Rif-Hellisandur,TRUE
ISSAN,ICELAND,SAN,Sandgerdi,TRUE
ISSAU,ICELAND,SAU,Saudarkrokur - hofn,TRUE
ISSEY,ICELAND,SEY,Seydisfjordur,TRUE
ISSIG,ICELAND,SIG,Siglufjordur - hofn,TRUE
ISSKA,ICELAND,SKA,Skagastrond,TRUE
ISSTD,ICELAND,STD,Stodhvarfjordur,TRUE
ISSTR,ICELAND,STR,Straumsvik,TRUE
ISSTY,ICELAND,STY,Stykkisholmur - hofn,TRUE
ISSUD,ICELAND,SUD,Sudureyri/Sugandafjord,TRUE
ISSUV,ICELAND,SUV,Sudavik,TRUE
ISSVA,ICELAND,SVA,Svalbardseyri,TRUE
ISTAL,ICELAND,TAL,Talknafjordur/Sveinseyri,TRUE
ISTEY,ICELAND,TEY,Thingeyri,TRUE
ISTHH,ICELAND,THH,Thorlakshofn,TRUE
ISTHN,ICELAND,THN,Tjorneshofn,TRUE
ISTHO,ICELAND,THO,Thorshofn,TRUE
ISVES,ICELAND,VES,Vestmannaeyjar - hofn,TRUE
ISVOG,ICELAND,VOG,Vogar,TRUE
ISVPN,ICELAND,VPN,Vopnafjordur,TRUE
ITACU,ITALY,ACU,Acquanegra Cremonese,TRUE
ITAGL,ITALY,AGL,Agliana,TRUE
ITAGR,ITALY,AGR,Agrigento,TRUE
ITAHO,ITALY,AHO,Alghero,TRUE
ITALE,ITALY,ALE,Alessandria,TRUE
ITALI,ITALY,ALI,Alicudi,TRUE
ITAMA,ITALY,AMA,Amalfi,TRUE
ITANZ,ITALY,ANZ,Anzio,TRUE
ITAOI,ITALY,AOI,"Ancona, Italy",TRUE
ITARZ,ITALY,ARZ,Arzano,TRUE
ITASI,ITALY,ASI,Assisi,TRUE
ITASS,ITALY,ASS,Assago,TRUE
ITATX,ITALY,ATX,Arbatax,TRUE
ITAUG,ITALY,AUG,Augusta,TRUE
ITAVO,ITALY,AVO,Avola,TRUE
ITBAI,ITALY,BAI,Baia,TRUE
ITBDS,ITALY,BDS,Brindisi,TRUE
ITBED,ITALY,BED,Bedizzole(Brescia),TRUE
ITBGO,ITALY,BGO,Bergamo,TRUE
ITBIA,ITALY,BIA,Biassono,TRUE
ITBIT,ITALY,BIT,Bitritto,TRUE
ITBLA,ITALY,BLA,Bellaria,TRUE
ITBLI,ITALY,BLI,Bardolino,TRUE
ITBLN,ITALY,BLN,Bagnoli,TRUE
ITBLQ,ITALY,BLQ,Bologna,TRUE
ITBLT,ITALY,BLT,Barletta,TRUE
ITBOR,ITALY,BOR,Borgo Di Trevi,TRUE
ITBRI,ITALY,BRI,Bari,TRUE
ITBUC,ITALY,BUC,Buccinasco,TRUE
ITBUG,ITALY,BUG,Busto Garolfo,TRUE
ITCAB,ITALY,CAB,Cabiate,TRUE
ITCAG,ITALY,CAG,"Cagliari, Italy",TRUE
ITCAM,ITALY,CAM,Cambiago,TRUE
ITCAS,ITALY,CAS,Castellammare di Stabia,TRUE
ITCAV,ITALY,CAV,Cavallirio,TRUE
ITCBO,ITALY,CBO,Castel Boglione,TRUE
ITCCC,ITALY,CCC,Cecchina,TRUE
ITCDG,ITALY,CDG,Chiusa D Ginestreto,TRUE
ITCDV,ITALY,CDV,Castrette di Villorba,TRUE
ITCEC,ITALY,CEC,Cecina,TRUE
ITCEE,ITALY,CEE,Cermenate,TRUE
ITCEN,ITALY,CEN,Cesara Novara,TRUE
ITCER,ITALY,CER,Ceranesi,TRUE
ITCES,ITALY,CES,Cessalto,TRUE
ITCGC,ITALY,CGC,Corigliano Calabro,TRUE
ITCHA,ITALY,CHA,Chiavazza,TRUE
ITCHI,ITALY,CHI,Chioggia,TRUE
ITCIM,ITALY,CIM,Cimadolmo,TRUE
ITCLF,ITALY,CLF,Carloforte,TRUE
ITCLS,ITALY,CLS,Calasetta,TRUE
ITCML,ITALY,CML,Casamicciola Terme,TRUE
ITCNO,ITALY,CNO,Cernusco,TRUE
ITCOR,ITALY,COR,Corcagnano,TRUE
ITCPA,ITALY,CPA,Capraia,TRUE
ITCRI,ITALY,CRI,Cosseria,TRUE
ITCRV,ITALY,CRV,Crotone,TRUE
ITCSE,ITALY,CSE,Casarile,TRUE
ITCSI,ITALY,CSI,Casinalbo,TRUE
ITCSN,ITALY,CSN,Casandrino,TRUE
ITCTA,ITALY,CTA,Catania,TRUE
ITCTR,ITALY,CTR,Castellammare del Golfo,TRUE
ITCUS,ITALY,CUS,Cusinati Di Rosa,TRUE
ITCVV,ITALY,CVV,Civitavecchia,TRUE
ITCVX,ITALY,CVX,Cavo,TRUE
ITDES,ITALY,DES,Desio,TRUE
ITDOG,ITALY,DOG,Dogana,TRUE
ITDOS,ITALY,DOS,Dosimo,TRUE
ITELV,ITALY,ELV,Salvaterra,TRUE
ITFAL,ITALY,FAL,Falconara,TRUE
ITFAV,ITALY,FAV,Favignana,TRUE
ITFEG,ITALY,FEG,Fegino,TRUE
ITFEL,ITALY,FEL,Fellette Di Romano,TRUE
ITFER,ITALY,FER,Fermo,TRUE
ITFOL,ITALY,FOL,Follonica,TRUE
ITFON,ITALY,FON,Fornacette,TRUE
ITFPO,ITALY,FPO,Filicudi Porto,TRUE
ITFSA,ITALY,FSA,Fusina,TRUE
ITFUN,ITALY,FUN,Funo D'argelato,TRUE
ITGAE,ITALY,GAE,Gaeta,TRUE
ITGAI,ITALY,GAI,Golfo Aranci,TRUE
ITGAL,ITALY,GAL,Gallipoli,TRUE
ITGAV,ITALY,GAV,Gavi,TRUE
ITGEA,ITALY,GEA,Gela,TRUE
ITGIA,ITALY,GIA,Giardini,TRUE
ITGII,ITALY,GII,Giannutri,TRUE
ITGIT,ITALY,GIT,"Gioia Tauro, Italy",TRUE
ITGLL,ITALY,GLL,Galliera,TRUE
ITGOA,ITALY,GOA,"Genoa, Italy",TRUE
ITGOR,ITALY,GOR,Gorgona,TRUE
ITGRA,ITALY,GRA,Grassobbio,TRUE
ITGRD,ITALY,GRD,Grado,TRUE
ITGRG,ITALY,GRG,Grugliasco,TRUE
ITGRS,ITALY,GRS,Grosseto,TRUE
ITGUA,ITALY,GUA,Guardamiglio,TRUE
ITIDG,ITALY,IDG,Isola del Giglio,TRUE
ITIMP,ITALY,IMP,Imperia,TRUE
ITISS,ITALY,ISS,Isola Santo Stefano,TRUE
ITLAM,ITALY,LAM,La Morra,TRUE
ITLEV,ITALY,LEV,Levanzo,TRUE
ITLIC,ITALY,LIC,Licata,TRUE
ITLIM,ITALY,LIM,Limito,TRUE
ITLIP,ITALY,LIP,Lipari,TRUE
ITLIS,ITALY,LIS,Liscate,TRUE
ITLIU,ITALY,LIU,Linosa,TRUE
ITLIV,ITALY,LIV,"Livorno, Italy",TRUE
ITLMB,ITALY,LMB,Limbiate,TRUE
ITMAC,ITALY,MAC,Macherio,TRUE
ITMAE,ITALY,MAE,Maerne,TRUE
ITMAL,ITALY,MAL,Malgesso,TRUE
ITMAT,ITALY,MAT,Malnate,TRUE
ITMAZ,ITALY,MAZ,Mazara del Vallo,TRUE
ITMCI,ITALY,MCI,Monleone di Cicagna,TRUE
ITMDA,ITALY,MDA,La Maddalena,TRUE
ITMDC,ITALY,MDC,Marina di Carrara,TRUE
ITMDR,ITALY,MDR,Morciano di Romagna,TRUE
ITMEL,ITALY,MEL,Melilli,TRUE
ITMFR,ITALY,MFR,Manfredonia,TRUE
ITMIL,ITALY,MIL,Milano,TRUE
ITMIM,ITALY,MIM,Mili Marina,TRUE
ITMIS,ITALY,MIS,Misano Adriatico,TRUE
ITMJC,ITALY,MJC,Mollicciara,TRUE
ITMLA,ITALY,MLA,Molinella,TRUE
ITMLZ,ITALY,MLZ,Milazzo,TRUE
ITMMO,ITALY,MMO,Marettimo,TRUE
ITMNF,ITALY,MNF,Monfalcone,TRUE
ITMNP,ITALY,MNP,Monopoli,TRUE
ITMOI,ITALY,MOI,Moimacco,TRUE
ITMOL,ITALY,MOL,Molfetta,TRUE
ITMOR,ITALY,MOR,Mordano,TRUE
ITMOZ,ITALY,MOZ,Mozzanica,TRUE
ITMRA,ITALY,MRA,Marsala,TRUE
ITMRB,ITALY,MRB,Manerbio,TRUE
ITMSA,ITALY,MSA,Massa,TRUE
ITMSN,ITALY,MSN,Messina,TRUE
ITMZO,ITALY,MZO,Melzo,TRUE
ITNAP,ITALY,NAP,"Naples, Italy",TRUE
ITNGR,ITALY,NGR,Negrar,TRUE
ITNML,ITALY,NML,Novate Milanese,TRUE
ITNVO,ITALY,NVO,Nuova Olonio,TRUE
ITOLB,ITALY,OLB,Olbia,TRUE
ITONE,ITALY,ONE,Oneglia,TRUE
ITORI,ITALY,ORI,Orio Litta (Milano),TRUE
ITOSI,ITALY,OSI,Osio Di Sopra,TRUE
ITOTN,ITALY,OTN,Ortona,TRUE
ITOTO,ITALY,OTO,Otranto,TRUE
ITOTV,ITALY,OTV,Ottaviano,TRUE
ITPAN,ITALY,PAN,Panarea,TRUE
ITPAU,ITALY,PAU,Palau,TRUE
ITPAZ,ITALY,PAZ,Porto Azzurro,TRUE
ITPCE,ITALY,PCE,Porto Cervo,TRUE
ITPCH,ITALY,PCH,Peschici,TRUE
ITPCS,ITALY,PCS,Porto Corsini,TRUE
ITPDA,ITALY,PDA,Padova,TRUE
ITPDD,ITALY,PDD,Paderno Dugnano,TRUE
ITPDI,ITALY,PDI,Porto d'Ischia,TRUE
ITPEM,ITALY,PEM,Porto Empedocle,TRUE
ITPES,ITALY,PES,Pesaro,TRUE
ITPET,ITALY,PET,Pettinengo,TRUE
ITPFE,ITALY,PFE,Portoferraio,TRUE
ITPFO,ITALY,PFO,Ponte Fornaci,TRUE
ITPFX,ITALY,PFX,Sarroch (Porto Foxi),TRUE
ITPGA,ITALY,PGA,Porto Garibaldi,TRUE
ITPGL,ITALY,PGL,Portigliola,TRUE
ITPIA,ITALY,PIA,Pianosa,TRUE
ITPIO,ITALY,PIO,Piombino,TRUE
ITPLI,ITALY,PLI,Porto Lignano,TRUE
ITPMA,ITALY,PMA,Marghera,TRUE
ITPMC,ITALY,PMC,Premariacco,TRUE
ITPMO,ITALY,PMO,Palermo,TRUE
ITPMV,ITALY,PMV,Porto Mantovano,TRUE
ITPMZ,ITALY,PMZ,Porto Maurizio,TRUE
ITPNE,ITALY,PNE,"Ponte, Benevento",TRUE
ITPNG,ITALY,PNG,Porto Nogaro,TRUE
ITPNL,ITALY,PNL,Pantelleria,TRUE
ITPNO,ITALY,PNO,Ponte Nova,TRUE
ITPOA,ITALY,POA,Parona di Valpolicella,TRUE
ITPOD,ITALY,POD,Podenzano,TRUE
ITPOM,ITALY,POM,Pomezia,TRUE
ITPOO,ITALY,POO,Pontedassio,TRUE
ITPOS,ITALY,POS,Positano,TRUE
ITPOZ,ITALY,POZ,Pozzuoli,TRUE
ITPRA,ITALY,PRA,Pratrivero,TRUE
ITPRB,ITALY,PRB,Pray Biellese,TRUE
ITPRE,ITALY,PRE,Pressana,TRUE
ITPRJ,ITALY,PRJ,Capri,TRUE
ITPRN,ITALY,PRN,Porrena,TRUE
ITPRO,ITALY,PRO,Procida,TRUE
ITPRS,ITALY,PRS,Persico,TRUE
ITPSC,ITALY,PSC,Pieve Sestina Cesena,TRUE
ITPSN,ITALY,PSN,Pessione,TRUE
ITPSS,ITALY,PSS,Porto Santo Stefano,TRUE
ITPTC,ITALY,PTC,Portici,TRUE
ITPTF,ITALY,PTF,Portofino,TRUE
ITPTO,ITALY,PTO,Porto Torres,TRUE
ITPVE,ITALY,PVE,Porto Vesme (Portoscuso),TRUE
ITPZA,ITALY,PZA,Pallanza,TRUE
ITPZL,ITALY,PZL,Pozzallo,TRUE
ITQCZ,ITALY,QCZ,Catanzaro,TRUE
ITQRC,ITALY,QRC,Querceta,TRUE
ITRAN,ITALY,RAN,Ravenna,TRUE
ITREG,ITALY,REG,Reggio Calabria,TRUE
ITRGG,ITALY,RGG,Rodi Garganico,TRUE
ITRMA,ITALY,RMA,Rio Marina,TRUE
ITROM,ITALY,ROM,Roma,TRUE
ITROT,ITALY,ROT,Roteglia,TRUE
ITROV,ITALY,ROV,Roveleto,TRUE
ITRPB,ITALY,RPB,Ripaberarda,TRUE
ITRPT,ITALY,RPT,Riposto,TRUE
ITRRO,ITALY,RRO,Sorrento,TRUE
ITRSC,ITALY,RSC,Rescaldina,TRUE
ITSAL,ITALY,SAL,"Salerno, Italy",TRUE
ITSAN,ITALY,SAN,Sandigliano,TRUE
ITSAT,ITALY,SAT,Sant' Antioco,TRUE
ITSET,ITALY,SET,Settecamini,TRUE
ITSGR,ITALY,SGR,Salgareda,TRUE
ITSIR,ITALY,SIR,Siracusa,TRUE
ITSLA,ITALY,SLA,Santa Marina Salina,TRUE
ITSML,ITALY,SML,Santa Margherita Ligure,TRUE
ITSNP,ITALY,SNP,San Pietro,TRUE
ITSOS,ITALY,SOS,Sossano,TRUE
ITSPA,ITALY,SPA,Santa Panagia,TRUE
ITSPE,ITALY,SPE,"La Spezia, Italy",TRUE
ITSPM,ITALY,SPM,San Pietro Mussolini,TRUE
ITSPP,ITALY,SPP,San Polo Di Podenzano,TRUE
ITSRE,ITALY,SRE,San Remo,TRUE
ITSRR,ITALY,SRR,Serralunga D'alba,TRUE
ITSTE,ITALY,STE,Santa Teresa di Gallura,TRUE
ITSTR,ITALY,STR,Stromboli,TRUE
ITSVC,ITALY,SVC,San Vito lo Capo,TRUE
ITSVI,ITALY,SVI,Strevi,TRUE
ITSVN,ITALY,SVN,Savona,TRUE
ITTAL,ITALY,TAL,Talamone,TRUE
ITTAO,ITALY,TAO,Taormina,TRUE
ITTAR,ITALY,TAR,Taranto,TRUE
ITTDZ,ITALY,TDZ,Toscanella Di Dozza,TRUE
ITTGR,ITALY,TGR,Torregrande,TRUE
ITTMI,ITALY,TMI,Termoli,TRUE
ITTMT,ITALY,TMT,Tremiti,TRUE
ITTNI,ITALY,TNI,Trani,TRUE
ITTOA,ITALY,TOA,Torre Annunziata,TRUE
ITTOM,ITALY,TOM,Tombolo,TRUE
ITTOR,ITALY,TOR,Tornaco,TRUE
ITTPS,ITALY,TPS,Trapani,TRUE
ITTRA,ITALY,TRA,Turate,TRUE
ITTRC,ITALY,TRC,Terracina,TRUE
ITTRI,ITALY,TRI,Termini Imerese,TRUE
ITTRS,ITALY,TRS,"Trieste, Italy",TRUE
ITTRV,ITALY,TRV,Treviso,TRUE
ITTTA,ITALY,TTA,Tortona,TRUE
ITTVC,ITALY,TVC,Torviscosa,TRUE
ITURG,ITALY,URG,Urgnano,TRUE
ITUST,ITALY,UST,Ustica,TRUE
ITVAD,ITALY,VAD,Vado/Bologna,TRUE
ITVCE,ITALY,VCE,"Venice, Italy",TRUE
ITVDA,ITALY,VDA,Vada,TRUE
ITVDO,ITALY,VDO,Vado/Lucca,TRUE
ITVDR,ITALY,VDR,Verderio,TRUE
ITVED,ITALY,VED,Velo D'astico,TRUE
ITVGI,ITALY,VGI,Veggiano,TRUE
ITVIA,ITALY,VIA,Viareggio,TRUE
ITVIE,ITALY,VIE,Vieste,TRUE
ITVIG,ITALY,VIG,Vigliano,TRUE
ITVIL,ITALY,VIL,Villa d'Ogna,TRUE
ITVOL,ITALY,VOL,Volvera,TRUE
ITVRA,ITALY,VRA,Verolavecchia,TRUE
ITVSO,ITALY,VSO,Vasto,TRUE
ITVTI,ITALY,VTI,Voltri,TRUE
ITVTT,ITALY,VTT,Ventotene,TRUE
ITVUL,ITALY,VUL,Vulcano porto,TRUE
ITVVA,ITALY,VVA,Vibo Valentia,TRUE
ITVVE,ITALY,VVE,Valvasone,TRUE
ITVVO,ITALY,VVO,Vinovo,TRUE
ITZIN,ITALY,ZIN,Zingonia,TRUE
ITZOL,ITALY,ZOL,Zola Predosa,TRUE
ITZUG,ITALY,ZUG,Zugliano,TRUE
JMALP,JAMAICA,ALP,Alligator Pond,TRUE
JMBLR,JAMAICA,BLR,Black River,TRUE
JMBWN,JAMAICA,BWN,Bowden,TRUE
JMFMH,JAMAICA,FMH,Falmouth,TRUE
JMKIN,JAMAICA,KIN,"Kingston, Jamaica",TRUE
JMMBJ,JAMAICA,MBJ,Montego Bay,TRUE
JMOCJ,JAMAICA,OCJ,Ocho Rios,TRUE
JMORC,JAMAICA,ORC,Oracabessa,TRUE
JMPEV,JAMAICA,PEV,Port Esquivel,TRUE
JMPKS,JAMAICA,PKS,Port Kaiser,TRUE
JMPMO,JAMAICA,PMO,Port Morant,TRUE
JMPOT,JAMAICA,POT,Port Antonio,TRUE
JMPRH,JAMAICA,PRH,Port Rhoades,TRUE
JMPRO,JAMAICA,PRO,Port Royal,TRUE
JMRIB,JAMAICA,RIB,Rio Bueno,TRUE
JMROP,JAMAICA,ROP,Rocky Point,TRUE
JMSAW,JAMAICA,SAW,St Anns Bay,TRUE
JMSLM,JAMAICA,SLM,Savanna-la-Mar,TRUE
JMSRI,JAMAICA,SRI,Salt River,TRUE
JOAQB,JORDAN,AQB,Aqaba Free Zone,TRUE
JOAQJ,JORDAN,AQJ,"Al Aqabah, Jordon",TRUE
JPAAM,JAPAN,AAM,"Ama, Shimane",TRUE
JPABA,JAPAN,ABA,Abashiri,TRUE
JPABO,JAPAN,ABO,Aboshi/Himeji,TRUE
JPABS,JAPAN,ABS,Abohshita,TRUE
JPABT,JAPAN,ABT,Abuto,TRUE
JPABU,JAPAN,ABU,Aburatsu,TRUE
JPACH,JAPAN,ACH,Ajisu,TRUE
JPADE,JAPAN,ADE,Ade,TRUE
JPADO,JAPAN,ADO,Ado,TRUE
JPAGJ,JAPAN,AGJ,Aguni,TRUE
JPAGN,JAPAN,AGN,Agenosho,TRUE
JPAGR,JAPAN,AGR,Agonoura,TRUE
JPAGS,JAPAN,AGS,Ageshima,TRUE
JPAIA,JAPAN,AIA,Ainouraaoki/Naru,TRUE
JPAII,JAPAN,AII,Aio,TRUE
JPAIK,JAPAN,AIK,"Aikawa, Niigata",TRUE
JPAIM,JAPAN,AIM,Aishima,TRUE
JPAIN,JAPAN,AIN,Ainoura/Sasebo,TRUE
JPAIO,JAPAN,AIO,Aioi,TRUE
JPAIW,JAPAN,AIW,"Aikawa, Nagasaki",TRUE
JPAIZ,JAPAN,AIZ,"Aizu, Kumamoto",TRUE
JPAJI,JAPAN,AJI,Aji,TRUE
JPAJK,JAPAN,AJK,Ajigasawa,TRUE
JPAJN,JAPAN,AJN,Ajino,TRUE
JPAJR,JAPAN,AJR,"Ajiro, Shizuoka",TRUE
JPAJX,JAPAN,AJX,Aja,TRUE
JPAKA,JAPAN,AKA,Akashi,TRUE
JPAKB,JAPAN,AKB,Akohbaru,TRUE
JPAKD,JAPAN,AKD,Akadomari,TRUE
JPAKE,JAPAN,AKE,Akkeshi,TRUE
JPAKG,JAPAN,AKG,Akakina,TRUE
JPAKH,JAPAN,AKH,Akehama,TRUE
JPAKI,JAPAN,AKI,Aikakita,TRUE
JPAKK,JAPAN,AKK,"Akasaki, Kumamoto",TRUE
JPAKM,JAPAN,AKM,Akamizu,TRUE
JPAKN,JAPAN,AKN,Akune,TRUE
JPAKO,JAPAN,AKO,Akoh,TRUE
JPAKT,JAPAN,AKT,Akitsu,TRUE
JPAKW,JAPAN,AKW,Azako,TRUE
JPAKZ,JAPAN,AKZ,Aika,TRUE
JPAMA,JAPAN,AMA,Amagasaki,TRUE
JPAMG,JAPAN,AMG,Asamogawa,TRUE
JPAMI,JAPAN,AMI,Atami,TRUE
JPAMJ,JAPAN,AMJ,Amaji,TRUE
JPAMM,JAPAN,AMM,"Ama, Hyogo",TRUE
JPAMR,JAPAN,AMR,Arimura,TRUE
JPAMS,JAPAN,AMS,Amasaki,TRUE
JPAMT,JAPAN,AMT,Amatsuke,TRUE
JPAMU,JAPAN,AMU,Amura,TRUE
JPAMX,JAPAN,AMX,AmagasakiNishinomiyaAshiya,TRUE
JPAMY,JAPAN,AMY,Amiya,TRUE
JPANA,JAPAN,ANA,Anan,TRUE
JPANB,JAPAN,ANB,Anbo,TRUE
JPANE,JAPAN,ANE,Anegasaki,TRUE
JPANM,JAPAN,ANM,Anamizu,TRUE
JPAOE,JAPAN,AOE,Aoe,TRUE
JPAOG,JAPAN,AOG,Aogashima,TRUE
JPAOI,JAPAN,AOI,Aoki,TRUE
JPAOJ,JAPAN,AOJ,Aomori,TRUE
JPAOK,JAPAN,AOK,Aokata,TRUE
JPAON,JAPAN,AON,Aonae,TRUE
JPAOS,JAPAN,AOS,Aoshima,TRUE
JPARA,JAPAN,ARA,Arari,TRUE
JPARG,JAPAN,ARG,Amurogama,TRUE
JPARK,JAPAN,ARK,Arikawa,TRUE
JPARO,JAPAN,ARO,Arao,TRUE
JPARZ,JAPAN,ARZ,Arouzu,TRUE
JPASA,JAPAN,ASA,Asa,TRUE
JPASB,JAPAN,ASB,Ashibe,TRUE
JPASH,JAPAN,ASH,Ashinoura,TRUE
JPASJ,JAPAN,ASJ,Amamioshima,TRUE
JPASK,JAPAN,ASK,"Akasaki, Tottori",TRUE
JPASM,JAPAN,ASM,Asami,TRUE
JPASR,JAPAN,ASR,Ashizuri,TRUE
JPAST,JAPAN,AST,Ashitoku,TRUE
JPASW,JAPAN,ASW,Asakawa,TRUE
JPASZ,JAPAN,ASZ,"Ashiya, Fukuoka",TRUE
JPATK,JAPAN,ATK,Atsuki,TRUE
JPATM,JAPAN,ATM,Atsumi,TRUE
JPATT,JAPAN,ATT,Atatajima,TRUE
JPAWA,JAPAN,AWA,Awa,TRUE
JPAWM,JAPAN,AWM,Awashimanishi,TRUE
JPAWS,JAPAN,AWS,Awashima,TRUE
JPAWZ,JAPAN,AWZ,Awazu,TRUE
JPAXT,JAPAN,AXT,Akita,TRUE
JPAYU,JAPAN,AYU,Ayukawa,TRUE
JPAZJ,JAPAN,AZJ,"Ajiro, Tottori",TRUE
JPAZR,JAPAN,AZR,"Ajiro, Okayama",TRUE
JPAZU,JAPAN,AZU,Azu,TRUE
JPBDM,JAPAN,BDM,Bohdomari,TRUE
JPBEP,JAPAN,BEP,"Beppu, Shimane",TRUE
JPBFS,JAPAN,BFS,Beppushinko,TRUE
JPBOM,JAPAN,BOM,Boma,TRUE
JPBPU,JAPAN,BPU,"Beppu, Oita",TRUE
JPBYO,JAPAN,BYO,Byobu,TRUE
JPCHB,JAPAN,CHB,Chiba,TRUE
JPCHF,JAPAN,CHF,Chofu,TRUE
JPCHG,JAPAN,CHG,Chigasaki,TRUE
JPCHH,JAPAN,CHH,Chichii,TRUE
JPCHI,JAPAN,CHI,China,TRUE
JPCHK,JAPAN,CHK,Chikubushima,TRUE
JPCHO,JAPAN,CHO,Choshi,TRUE
JPCHT,JAPAN,CHT,"Chitose, Hiroshima",TRUE
JPCHU,JAPAN,CHU,Churui,TRUE
JPCIO,JAPAN,CIO,Chio,TRUE
JPCJU,JAPAN,CJU,Chiju,TRUE
JPCKM,JAPAN,CKM,Chikumi,TRUE
JPCNS,JAPAN,CNS,Chinase,TRUE
JPCTA,JAPAN,CTA,Chita,TRUE
JPCYZ,JAPAN,CYZ,Chiyozaki,TRUE
JPDAT,JAPAN,DAT,Date,TRUE
JPDSR,JAPAN,DSR,Dohshiro,TRUE
JPDTU,JAPAN,DTU,Daito,TRUE
JPDZK,JAPAN,DZK,Dohzaki,TRUE
JPEBI,JAPAN,EBI,Ebito,TRUE
JPEGO,JAPAN,EGO,Ego,TRUE
JPEGS,JAPAN,EGS,Eigashima,TRUE
JPEII,JAPAN,EII,Ei,TRUE
JPEIS,JAPAN,EIS,Eishi,TRUE
JPEJM,JAPAN,EJM,Ejima,TRUE
JPEKZ,JAPAN,EKZ,Enokizu,TRUE
JPEMM,JAPAN,EMM,Erimo,TRUE
JPEMU,JAPAN,EMU,Emukae,TRUE
JPENA,JAPAN,ENA,Ena,TRUE
JPENH,JAPAN,ENH,Enohama,TRUE
JPENN,JAPAN,ENN,En,TRUE
JPENO,JAPAN,ENO,"Enoura, Shizuoka",TRUE
JPENR,JAPAN,ENR,"Enoura, Kagawa",TRUE
JPESI,JAPAN,ESI,Esashi/Hiyama,TRUE
JPESK,JAPAN,ESK,Esaki,TRUE
JPESM,JAPAN,ESM,Eshima,TRUE
JPESS,JAPAN,ESS,Esashi/Soya,TRUE
JPETA,JAPAN,ETA,Etajima,TRUE
JPETM,JAPAN,ETM,Etomo,TRUE
JPEZA,JAPAN,EZA,Ezaki,TRUE
JPFAE,JAPAN,FAE,"Fukae, Nagasaki",TRUE
JPFCM,JAPAN,FCM,Fuchinomoto,TRUE
JPFGS,JAPAN,FGS,Fugusaki,TRUE
JPFGW,JAPAN,FGW,Futagawa,TRUE
JPFHR,JAPAN,FHR,Furubira,TRUE
JPFJN,JAPAN,FJN,Fujino,TRUE
JPFKD,JAPAN,FKD,Fukuda,TRUE
JPFKE,JAPAN,FKE,"Fukue, Aichi",TRUE
JPFKH,JAPAN,FKH,"Fukae, Hiroshima",TRUE
JPFKI,JAPAN,FKI,Fukai,TRUE
JPFKJ,JAPAN,FKJ,Fukui,TRUE
JPFKK,JAPAN,FKK,"Fukaura, Aomori",TRUE
JPFKM,JAPAN,FKM,"Fukushima, Nagasaki",TRUE
JPFKR,JAPAN,FKR,"Fukaura, Ehime",TRUE
JPFKU,JAPAN,FKU,"Fukushima, Hokkaido",TRUE
JPFKY,JAPAN,FKY,"Fukuyama, Hiroshima",TRUE
JPFMD,JAPAN,FMD,Futamado,TRUE
JPFMS,JAPAN,FMS,"Fukushima, Miyazaki",TRUE
JPFMT,JAPAN,FMT,"Futamata, Kagoshima",TRUE
JPFNA,JAPAN,FNA,Funaya,TRUE
JPFNB,JAPAN,FNB,Funabashi,TRUE
JPFND,JAPAN,FND,Funadomari,TRUE
JPFNK,JAPAN,FNK,Funagawa,TRUE
JPFNR,JAPAN,FNR,Funaura,TRUE
JPFNS,JAPAN,FNS,Funakoshi,TRUE
JPFNU,JAPAN,FNU,Funauki,TRUE
JPFNZ,JAPAN,FNZ,Funazu,TRUE
JPFRA,JAPAN,FRA,"Fukura, Hyogo",TRUE
JPFRE,JAPAN,FRE,"Furue, Nagasaki",TRUE
JPFRI,JAPAN,FRI,Fukari,TRUE
JPFRJ,JAPAN,FRJ,"Fukuura, Ishikawa",TRUE
JPFRK,JAPAN,FRK,Furuike,TRUE
JPFRM,JAPAN,FRM,"Furue, Miyazaki",TRUE
JPFRS,JAPAN,FRS,"Furusato, Nagasaki",TRUE
JPFRU,JAPAN,FRU,"Furue, Kagoshima",TRUE
JPFRX,JAPAN,FRX,"Furue, Ehime",TRUE
JPFSH,JAPAN,FSH,Funakakushi,TRUE
JPFSK,JAPAN,FSK,Fushiki,TRUE
JPFST,JAPAN,FST,"Furusato, Kagoshima",TRUE
JPFTE,JAPAN,FTE,Futae,TRUE
JPFTG,JAPAN,FTG,Futago,TRUE
JPFTM,JAPAN,FTM,Futenma,TRUE
JPFTT,JAPAN,FTT,"Futamata, Shimane",TRUE
JPFUA,JAPAN,FUA,"Fukuura, Kumamoto",TRUE
JPFUE,JAPAN,FUE,Fuke,TRUE
JPFUJ,JAPAN,FUJ,"Fukue, Nagasaki",TRUE
JPFUM,JAPAN,FUM,Fukami,TRUE
JPFUO,JAPAN,FUO,Fukuro,TRUE
JPFUR,JAPAN,FUR,"Fukuura, Ehime",TRUE
JPFUU,JAPAN,FUU,"Fukura, Kagoshima",TRUE
JPFUW,JAPAN,FUW,Fukawa,TRUE
JPFYM,JAPAN,FYM,"Fukuyama, Kagoshima",TRUE
JPGAM,JAPAN,GAM,Gamagori,TRUE
JPGKA,JAPAN,GKA,Gushikawa,TRUE
JPGKB,JAPAN,GKB,Gohnokubi,TRUE
JPGKN,JAPAN,GKN,Gokan,TRUE
JPGKS,JAPAN,GKS,Gokasho,TRUE
JPGNG,JAPAN,GNG,Gunge,TRUE
JPGNW,JAPAN,GNW,Ginowan,TRUE
JPGOI,JAPAN,GOI,Goi/Ichihara,TRUE
JPGON,JAPAN,GON,Gonoura,TRUE
JPGOT,JAPAN,GOT,Gohtsu,TRUE
JPGPT,JAPAN,GPT,Gendentokai,TRUE
JPHAA,JAPAN,HAA,Hami,TRUE
JPHAB,JAPAN,HAB,"Habu, Hiroshima",TRUE
JPHAD,JAPAN,HAD,Heda,TRUE
JPHAE,JAPAN,HAE,Haenohama,TRUE
JPHAG,JAPAN,HAG,Hagi,TRUE
JPHAH,JAPAN,HAH,Hashima,TRUE
JPHAI,JAPAN,HAI,Haiki,TRUE
JPHAM,JAPAN,HAM,Hamasarufutsu,TRUE
JPHAN,JAPAN,HAN,Hannan,TRUE
JPHAR,JAPAN,HAR,Hara,TRUE
JPHAS,JAPAN,HAS,Hashihama,TRUE
JPHAU,JAPAN,HAU,"Habu, Tokyo",TRUE
JPHBB,JAPAN,HBB,"Habu, Yamaguchi",TRUE
JPHBO,JAPAN,HBO,Haboro,TRUE
JPHBR,JAPAN,HBR,Hiburi,TRUE
JPHDA,JAPAN,HDA,Handa,TRUE
JPHDK,JAPAN,HDK,Hidaka,TRUE
JPHDO,JAPAN,HDO,Himedo,TRUE
JPHEA,JAPAN,HEA,Hiketa,TRUE
JPHED,JAPAN,HED,Hetono,TRUE
JPHEI,JAPAN,HEI,Henza,TRUE
JPHES,JAPAN,HES,Hesaki,TRUE
JPHET,JAPAN,HET,Heta,TRUE
JPHGH,JAPAN,HGH,Higashihazu,TRUE
JPHGO,JAPAN,HGO,Hachigo,TRUE
JPHGS,JAPAN,HGS,Ohshima/Hagi,TRUE
JPHGU,JAPAN,HGU,Hirugaura,TRUE
JPHHE,JAPAN,HHE,Hachinohe,TRUE
JPHHH,JAPAN,HHH,Higashinohama,TRUE
JPHHM,JAPAN,HHM,Hohomi,TRUE
JPHHR,JAPAN,HHR,Higashiharima,TRUE
JPHIA,JAPAN,HIA,Hiagari/Kitakiushu,TRUE
JPHIB,JAPAN,HIB,Hibi,TRUE
JPHIC,JAPAN,HIC,Hitachinaka,TRUE
JPHIE,JAPAN,HIE,Hikone,TRUE
JPHIG,JAPAN,HIG,Higashishioya,TRUE
JPHII,JAPAN,HII,Hirasaki,TRUE
JPHIJ,JAPAN,HIJ,Hiroshima,TRUE
JPHIK,JAPAN,HIK,Hiki,TRUE
JPHIM,JAPAN,HIM,Himeji,TRUE
JPHIN,JAPAN,HIN,Hinase,TRUE
JPHIO,JAPAN,HIO,Higashi-Ogishima,TRUE
JPHIR,JAPAN,HIR,Hiroo,TRUE
JPHIS,JAPAN,HIS,Hikoshima,TRUE
JPHIU,JAPAN,HIU,Hiratsuka,TRUE
JPHIZ,JAPAN,HIZ,Hizenohshima,TRUE
JPHJA,JAPAN,HJA,Honjima,TRUE
JPHJI,JAPAN,HJI,Hiji,TRUE
JPHJM,JAPAN,HJM,Hamajima,TRUE
JPHJO,JAPAN,HJO,Hojo,TRUE
JPHJR,JAPAN,HJR,Hamajiri,TRUE
JPHJT,JAPAN,HJT,"Hirota, Kagoshima",TRUE
JPHKD,JAPAN,HKD,Hakodate,TRUE
JPHKJ,JAPAN,HKJ,Hamasaka,TRUE
JPHKK,JAPAN,HKK,"Hyakkan, Japan",TRUE
JPHKM,JAPAN,HKM,Honkushima,TRUE
JPHKN,JAPAN,HKN,Hekinan,TRUE
JPHKR,JAPAN,HKR,Hikari,TRUE
JPHKS,JAPAN,HKS,Hakatashima,TRUE
JPHKT,JAPAN,HKT,"Hakata/Fukuoka, Japan",TRUE
JPHKU,JAPAN,HKU,Hakoura,TRUE
JPHKW,JAPAN,HKW,Hamakanaya,TRUE
JPHKZ,JAPAN,HKZ,Hikozaki,TRUE
JPHMA,JAPAN,HMA,Hishima,TRUE
JPHMC,JAPAN,HMC,Hamochi,TRUE
JPHMD,JAPAN,HMD,Hamada,TRUE
JPHMG,JAPAN,HMG,Hamaguri,TRUE
JPHMH,JAPAN,HMH,Himeshima,TRUE
JPHMI,JAPAN,HMI,Hatami,TRUE
JPHMJ,JAPAN,HMJ,Himi,TRUE
JPHMK,JAPAN,HMK,Himekawa,TRUE
JPHMM,JAPAN,HMM,Hamamatsu,TRUE
JPHMN,JAPAN,HMN,Hamana,TRUE
JPHMS,JAPAN,HMS,Himosashi,TRUE
JPHMT,JAPAN,HMT,Hikimoto,TRUE
JPHMW,JAPAN,HMW,Hamawaki,TRUE
JPHMX,JAPAN,HMX,Hamasaki,TRUE
JPHNE,JAPAN,HNE,Hane,TRUE
JPHNG,JAPAN,HNG,Hinagu,TRUE
JPHNJ,JAPAN,HNJ,"Honjo, Kyoto",TRUE
JPHNK,JAPAN,HNK,Hanasaki,TRUE
JPHNN,JAPAN,HNN,Honmoku,TRUE
JPHNR,JAPAN,HNR,Himenoura,TRUE
JPHNS,JAPAN,HNS,Hinoshima,TRUE
JPHNY,JAPAN,HNY,Hanyu,TRUE
JPHNZ,JAPAN,HNZ,Hinozu,TRUE
JPHOD,JAPAN,HOD,Hondo,TRUE
JPHON,JAPAN,HON,"Honjo, Akita",TRUE
JPHOS,JAPAN,HOS,"Hoshika, Saga",TRUE
JPHOT,JAPAN,HOT,Hotokegaura,TRUE
JPHPP,JAPAN,HPP,Hoppozaki,TRUE
JPHRA,JAPAN,HRA,Hirao,TRUE
JPHRD,JAPAN,HRD,Hirado,TRUE
JPHRE,JAPAN,HRE,Horie,TRUE
JPHRH,JAPAN,HRH,Hirohata,TRUE
JPHRI,JAPAN,HRI,Horikappu,TRUE
JPHRJ,JAPAN,HRJ,Hirai,TRUE
JPHRK,JAPAN,HRK,Hirakata,TRUE
JPHRM,JAPAN,HRM,Haramachi,TRUE
JPHRO,JAPAN,HRO,Hiro,TRUE
JPHRR,JAPAN,HRR,Hirara,TRUE
JPHRS,JAPAN,HRS,Hirase,TRUE
JPHRU,JAPAN,HRU,Hiroura,TRUE
JPHRW,JAPAN,HRW,Hiraiwa,TRUE
JPHSH,JAPAN,HSH,Hashi,TRUE
JPHSI,JAPAN,HSI,"Hoshika, Nagasaki",TRUE
JPHSK,JAPAN,HSK,Hamasako,TRUE
JPHSM,JAPAN,HSM,Hososhima,TRUE
JPHSN,JAPAN,HSN,Hisanohama,TRUE
JPHSR,JAPAN,HSR,Hashirajima,TRUE
JPHSS,JAPAN,HSS,Hase,TRUE
JPHSU,JAPAN,HSU,Hamasuki,TRUE
JPHSW,JAPAN,HSW,Hirasawa,TRUE
JPHTA,JAPAN,HTA,"Hirota, Iwate",TRUE
JPHTC,JAPAN,HTC,Hitachi,TRUE
JPHTK,JAPAN,HTK,Hitakatsu,TRUE
JPHTM,JAPAN,HTM,"Futami, Tokyo",TRUE
JPHTO,JAPAN,HTO,Hatoma,TRUE
JPHTS,JAPAN,HTS,Hitsushima,TRUE
JPHTT,JAPAN,HTT,Hata,TRUE
JPHUD,JAPAN,HUD,Hoda,TRUE
JPHUR,JAPAN,HUR,Hannoura,TRUE
JPHUT,JAPAN,HUT,"Futami, Niigata",TRUE
JPHWA,JAPAN,HWA,Hamatsuwaki,TRUE
JPHWS,JAPAN,HWS,Hiwasa,TRUE
JPHYG,JAPAN,HYG,Hyugadomari,TRUE
JPHYK,JAPAN,HYK,Hayakawa,TRUE
JPHYM,JAPAN,HYM,Hayama,TRUE
JPHYR,JAPAN,HYR,Hyakunoura,TRUE
JPHYS,JAPAN,HYS,Hisayoshi,TRUE
JPHYT,JAPAN,HYT,Hayato,TRUE
JPIBR,JAPAN,IBR,Iburi,TRUE
JPIBS,JAPAN,IBS,Ibusuki,TRUE
JPICD,JAPAN,ICD,Icchoda,TRUE
JPICH,JAPAN,ICH,Ichihara,TRUE
JPICK,JAPAN,ICK,Ichikawa,TRUE
JPIDA,JAPAN,IDA,Iida,TRUE
JPIDJ,JAPAN,IDJ,Indohji,TRUE
JPIDM,JAPAN,IDM,Iwayadomari,TRUE
JPIEJ,JAPAN,IEJ,Iejima/Okinawa,TRUE
JPIER,JAPAN,IER,Ieura,TRUE
JPIES,JAPAN,IES,"Ieshima, Hyogo",TRUE
JPIGO,JAPAN,IGO,Igo,TRUE
JPIGR,JAPAN,IGR,Imagire,TRUE
JPIHA,JAPAN,IHA,Niihama,TRUE
JPIHO,JAPAN,IHO,Ihota,TRUE
JPIIB,JAPAN,IIB,Iibi,TRUE
JPIII,JAPAN,III,Ii,TRUE
JPIIN,JAPAN,IIN,Nishinoomote,TRUE
JPIKA,JAPAN,IKA,"Ikeda, Kagawa",TRUE
JPIKC,JAPAN,IKC,Ikuchi,TRUE
JPIKD,JAPAN,IKD,"Ikeda, Wakayama",TRUE
JPIKE,JAPAN,IKE,Ikeshima,TRUE
JPIKJ,JAPAN,IKJ,Isshiki,TRUE
JPIKK,JAPAN,IKK,Ikitsuki,TRUE
JPIKN,JAPAN,IKN,Ikina,TRUE
JPIKR,JAPAN,IKR,Ikara,TRUE
JPIKT,JAPAN,IKT,Ikata,TRUE
JPIKU,JAPAN,IKU,Ikunohama,TRUE
JPIKW,JAPAN,IKW,Ishikawa,TRUE
JPIMA,JAPAN,IMA,Imafuku,TRUE
JPIMB,JAPAN,IMB,Imabari,TRUE
JPIMI,JAPAN,IMI,Imari,TRUE
JPIMM,JAPAN,IMM,Imi,TRUE
JPIMT,JAPAN,IMT,Imazato,TRUE
JPIMZ,JAPAN,IMZ,Imazu,TRUE
JPINA,JAPAN,INA,Ina,TRUE
JPIND,JAPAN,IND,Inonada,TRUE
JPINE,JAPAN,INE,Ine,TRUE
JPING,JAPAN,ING,Inugaura,TRUE
JPINK,JAPAN,INK,"Inokushi, Oita",TRUE
JPINO,JAPAN,INO,Inobe,TRUE
JPINR,JAPAN,INR,Inatori,TRUE
JPINS,JAPAN,INS,Innoshima,TRUE
JPINT,JAPAN,INT,Iinoseto,TRUE
JPINZ,JAPAN,INZ,Inujima,TRUE
JPIOU,JAPAN,IOU,"Iwojima, Kagoshima",TRUE
JPIRK,JAPAN,IRK,Irago,TRUE
JPISA,JAPAN,ISA,Issai,TRUE
JPISB,JAPAN,ISB,Ishiba,TRUE
JPISC,JAPAN,ISC,Ishiwaki,TRUE
JPISD,JAPAN,ISD,Ishida,TRUE
JPISE,JAPAN,ISE,Ise,TRUE
JPISG,JAPAN,ISG,Ishigaki,TRUE
JPISH,JAPAN,ISH,Ishima,TRUE
JPISI,JAPAN,ISI,Ishikari,TRUE
JPISK,JAPAN,ISK,Iseki,TRUE
JPISM,JAPAN,ISM,Ishinomaki,TRUE
JPISS,JAPAN,ISS,Ishikariwanshinko,TRUE
JPISU,JAPAN,ISU,Isuwan,TRUE
JPISW,JAPAN,ISW,Ishikariwan,TRUE
JPISX,JAPAN,ISX,Isozaki,TRUE
JPISY,JAPAN,ISY,Isahaya,TRUE
JPISZ,JAPAN,ISZ,Isezaki,TRUE
JPITJ,JAPAN,ITJ,"Itoh, Shizuoka",TRUE
JPITK,JAPAN,ITK,Itako,TRUE
JPITO,JAPAN,ITO,Itozaki,TRUE
JPITS,JAPAN,ITS,Itsukushima,TRUE
JPITU,JAPAN,ITU,"Itoh, Shimane",TRUE
JPIUH,JAPAN,IUH,"Inokuchi, Ehime",TRUE
JPIWA,JAPAN,IWA,Iwamatsu,TRUE
JPIWG,JAPAN,IWG,"Iwagi,Ehime",TRUE
JPIWH,JAPAN,IWH,Iwafune,TRUE
JPIWI,JAPAN,IWI,Iwaki,TRUE
JPIWK,JAPAN,IWK,Iwakuni,TRUE
JPIWN,JAPAN,IWN,Iwanai,TRUE
JPIWT,JAPAN,IWT,"Iwojima, Nagasaki",TRUE
JPIWY,JAPAN,IWY,Iwaya,TRUE
JPIYA,JAPAN,IYA,Iya,TRUE
JPIYM,JAPAN,IYM,Iyomishima,TRUE
JPIYO,JAPAN,IYO,Iyo,TRUE
JPIZH,JAPAN,IZH,Izuhara,TRUE
JPIZI,JAPAN,IZI,"Izumi, Nagasaki",TRUE
JPIZM,JAPAN,IZM,"Izumi, Aichi",TRUE
JPIZO,JAPAN,IZO,Izumo,TRUE
JPIZS,JAPAN,IZS,Izumisano,TRUE
JPIZU,JAPAN,IZU,Izuka,TRUE
JPJKT,JAPAN,JKT,Kotoura,TRUE
JPJKW,JAPAN,JKW,Jokawauchi,TRUE
JPJON,JAPAN,JON,Jonoshita,TRUE
JPKAA,JAPAN,KAA,Kada,TRUE
JPKAB,JAPAN,KAB,Kabanoki,TRUE
JPKAC,JAPAN,KAC,Kasaura,TRUE
JPKAD,JAPAN,KAD,Kaita,TRUE
JPKAE,JAPAN,KAE,Kashimae,TRUE
JPKAF,JAPAN,KAF,Kafuri,TRUE
JPKAG,JAPAN,KAG,Kawarago,TRUE
JPKAH,JAPAN,KAH,Kamihira,TRUE
JPKAI,JAPAN,KAI,Kainan,TRUE
JPKAJ,JAPAN,KAJ,"Kama, Shimane",TRUE
JPKAM,JAPAN,KAM,Kametoku,TRUE
JPKAN,JAPAN,KAN,Karuno,TRUE
JPKAO,JAPAN,KAO,Kashino,TRUE
JPKAR,JAPAN,KAR,Karatsu,TRUE
JPKAT,JAPAN,KAT,"Katsuura, Wakayama",TRUE
JPKAU,JAPAN,KAU,Kasumigaura,TRUE
JPKAW,JAPAN,KAW,Kawauchi,TRUE
JPKAX,JAPAN,KAX,Komoe,TRUE
JPKAZ,JAPAN,KAZ,Kaizaki,TRUE
JPKBA,JAPAN,KBA,Katasoba,TRUE
JPKBI,JAPAN,KBI,Kobui,TRUE
JPKBK,JAPAN,KBK,Kafuka,TRUE
JPKBM,JAPAN,KBM,Kabashima,TRUE
JPKBR,JAPAN,KBR,Kubura,TRUE
JPKBS,JAPAN,KBS,Kobishima,TRUE
JPKBT,JAPAN,KBT,Kobato,TRUE
JPKBU,JAPAN,KBU,Kubuki,TRUE
JPKCF,JAPAN,KCF,Kuchinofukuura,TRUE
JPKCH,JAPAN,KCH,"Kawachi, Kumamoto",TRUE
JPKCZ,JAPAN,KCZ,Kochi,TRUE
JPKDA,JAPAN,KDA,Kishiwada,TRUE
JPKDI,JAPAN,KDI,Kodai,TRUE
JPKDJ,JAPAN,KDJ,Kasedo,TRUE
JPKDK,JAPAN,KDK,Kodakashima,TRUE
JPKDM,JAPAN,KDM,"Kodomari, Kumamoto",TRUE
JPKDO,JAPAN,KDO,Kadokura,TRUE
JPKDR,JAPAN,KDR,Katadomari,TRUE
JPKDW,JAPAN,KDW,Kadokawa,TRUE
JPKDX,JAPAN,KDX,Kita/Minamidaito,TRUE
JPKEB,JAPAN,KEB,Kebuki,TRUE
JPKEC,JAPAN,KEC,Kechi,TRUE
JPKEE,JAPAN,KEE,Kameike,TRUE
JPKEG,JAPAN,KEG,Kegoya,TRUE
JPKEJ,JAPAN,KEJ,Keraji,TRUE
JPKEM,JAPAN,KEM,Keruma,TRUE
JPKER,JAPAN,KER,Kakeroma,TRUE
JPKFU,JAPAN,KFU,Kohtsufukae,TRUE
JPKGA,JAPAN,KGA,Kakogawa,TRUE
JPKGB,JAPAN,KGB,Kuka,TRUE
JPKGC,JAPAN,KGC,Koguchi,TRUE
JPKGE,JAPAN,KGE,Kumage,TRUE
JPKGJ,JAPAN,KGJ,Kigasajima,TRUE
JPKGM,JAPAN,KGM,Kagami,TRUE
JPKGO,JAPAN,KGO,Kumago,TRUE
JPKGR,JAPAN,KGR,Kamagari,TRUE
JPKGS,JAPAN,KGS,"Kogushi, Yamaguchi",TRUE
JPKGT,JAPAN,KGT,Kaigata,TRUE
JPKGU,JAPAN,KGU,Kanegusuku,TRUE
JPKHJ,JAPAN,KHJ,Kurimamaehama,TRUE
JPKHM,JAPAN,KHM,"Ohama, Kagoshima",TRUE
JPKHR,JAPAN,KHR,Kihara,TRUE
JPKHS,JAPAN,KHS,Kurahashi,TRUE
JPKIA,JAPAN,KIA,Kiami,TRUE
JPKIB,JAPAN,KIB,Kibe,TRUE
JPKII,JAPAN,KII,Kiire,TRUE
JPKIJ,JAPAN,KIJ,Niigata,TRUE
JPKIK,JAPAN,KIK,Kikuma,TRUE
JPKIM,JAPAN,KIM,Kineshima,TRUE
JPKIN,JAPAN,KIN,Kinwan,TRUE
JPKIR,JAPAN,KIR,"Kitaura, Ehime",TRUE
JPKIS,JAPAN,KIS,Kamaishi,TRUE
JPKIT,JAPAN,KIT,"Kitaura, Miyazaki",TRUE
JPKIW,JAPAN,KIW,Kisawa,TRUE
JPKJA,JAPAN,KJA,Kohjima,TRUE
JPKJD,JAPAN,KJD,Kudadon,TRUE
JPKJG,JAPAN,KJG,"Kaga, Shimane",TRUE
JPKJI,JAPAN,KJI,"Kuji, Iwate",TRUE
JPKJJ,JAPAN,KJJ,Koshima,TRUE
JPKJK,JAPAN,KJK,Kajiki,TRUE
JPKJM,JAPAN,KJM,"Kameura, Kumamoto",TRUE
JPKJN,JAPAN,KJN,Kannonji,TRUE
JPKJO,JAPAN,KJO,Kinjo,TRUE
JPKJR,JAPAN,KJR,Kiriishi,TRUE
JPKJT,JAPAN,KJT,"Kitaura, Akita",TRUE
JPKJU,JAPAN,KJU,"Koura, Kagoshima",TRUE
JPKKA,JAPAN,KKA,Karakuma,TRUE
JPKKB,JAPAN,KKB,Kokubo,TRUE
JPKKE,JAPAN,KKE,Komukae,TRUE
JPKKJ,JAPAN,KKJ,Kitakyushu,TRUE
JPKKK,JAPAN,KKK,Kushiku,TRUE
JPKKL,JAPAN,KKL,Kohzaki,TRUE
JPKKM,JAPAN,KKM,Katakami,TRUE
JPKKO,JAPAN,KKO,Komenotsu,TRUE
JPKKR,JAPAN,KKR,Kouri,TRUE
JPKKT,JAPAN,KKT,Kamikatetsu,TRUE
JPKKU,JAPAN,KKU,"Kuji, Kagoshima",TRUE
JPKKW,JAPAN,KKW,Kanokawa,TRUE
JPKKX,JAPAN,KKX,Kikaishima,TRUE
JPKKZ,JAPAN,KKZ,Kashikojima,TRUE
JPKMA,JAPAN,KMA,Kama,TRUE
JPKMD,JAPAN,KMD,Komoda,TRUE
JPKME,JAPAN,KME,Kamae,TRUE
JPKMF,JAPAN,KMF,Kaminofuruta,TRUE
JPKMH,JAPAN,KMH,Kumihama,TRUE
JPKMI,JAPAN,KMI,"Miyazaki, Miyazaki",TRUE
JPKMJ,JAPAN,KMJ,Kumamoto,TRUE
JPKMK,JAPAN,KMK,Kaminokae,TRUE
JPKMM,JAPAN,KMM,Kaminato,TRUE
JPKMN,JAPAN,KMN,Kominato,TRUE
JPKMO,JAPAN,KMO,Kamo,TRUE
JPKMR,JAPAN,KMR,"Kameura, Tokushima",TRUE
JPKMS,JAPAN,KMS,Kumeshima,TRUE
JPKMT,JAPAN,KMT,Kimitsu,TRUE
JPKMU,JAPAN,KMU,Kamiura,TRUE
JPKMW,JAPAN,KMW,Kamikawaguchi,TRUE
JPKMX,JAPAN,KMX,"Komatsu, Yamaguchi",TRUE
JPKMY,JAPAN,KMY,Kamiyakunagata,TRUE
JPKNA,JAPAN,KNA,Kuwana,TRUE
JPKNB,JAPAN,KNB,Konbukariishi,TRUE
JPKND,JAPAN,KND,"Kanda, Fukuoka",TRUE
JPKNE,JAPAN,KNE,Kinoe,TRUE
JPKNG,JAPAN,KNG,Kuniga,TRUE
JPKNH,JAPAN,KNH,Kunehama,TRUE
JPKNI,JAPAN,KNI,Konagai,TRUE
JPKNJ,JAPAN,KNJ,Kisane,TRUE
JPKNK,JAPAN,KNK,Kinkasan,TRUE
JPKNN,JAPAN,KNN,Kin,TRUE
JPKNO,JAPAN,KNO,Konoura,TRUE
JPKNR,JAPAN,KNR,Kohnoura,TRUE
JPKNS,JAPAN,KNS,Kunisaki,TRUE
JPKNT,JAPAN,KNT,Kinomoto,TRUE
JPKNU,JAPAN,KNU,Kinuura,TRUE
JPKNX,JAPAN,KNX,KinNakagusuku,TRUE
JPKNY,JAPAN,KNY,Koniya,TRUE
JPKNZ,JAPAN,KNZ,Kanazawa,TRUE
JPKOB,JAPAN,KOB,Koza,TRUE
JPKOD,JAPAN,KOD,"Kodomari, Aomori",TRUE
JPKOF,JAPAN,KOF,Konan,TRUE
JPKOG,JAPAN,KOG,"Kogushi, Okayama",TRUE
JPKOH,JAPAN,KOH,Kohama,TRUE
JPKOI,JAPAN,KOI,Koike/Uwajima,TRUE
JPKOJ,JAPAN,KOJ,Kagoshima,TRUE
JPKOK,JAPAN,KOK,Kokura,TRUE
JPKOM,JAPAN,KOM,Komatsushima,TRUE
JPKON,JAPAN,KON,Konoshima,TRUE
JPKOO,JAPAN,KOO,Kohmen,TRUE
JPKOR,JAPAN,KOR,"Koura, Kagawa",TRUE
JPKOS,JAPAN,KOS,Kose,TRUE
JPKOU,JAPAN,KOU,Kohzujima,TRUE
JPKOX,JAPAN,KOX,Kaminoseki,TRUE
JPKOY,JAPAN,KOY,Koyoh/Etajima,TRUE
JPKOZ,JAPAN,KOZ,Kozuna,TRUE
JPKRA,JAPAN,KRA,Kannoura,TRUE
JPKRB,JAPAN,KRB,Karubi,TRUE
JPKRC,JAPAN,KRC,Kuramai,TRUE
JPKRD,JAPAN,KRD,Kuroda,TRUE
JPKRE,JAPAN,KRE,"Kure, Hiroshima",TRUE
JPKRH,JAPAN,KRH,Kurihama,TRUE
JPKRI,JAPAN,KRI,Kurio,TRUE
JPKRJ,JAPAN,KRJ,"Kuroshima, Okinawa",TRUE
JPKRK,JAPAN,KRK,Karakizaki,TRUE
JPKRM,JAPAN,KRM,Kurokami,TRUE
JPKRN,JAPAN,KRN,Kuranotani,TRUE
JPKRR,JAPAN,KRR,Kujiragaura,TRUE
JPKRS,JAPAN,KRS,Kurushima,TRUE
JPKRT,JAPAN,KRT,Kiritappu,TRUE
JPKRU,JAPAN,KRU,Kurii,TRUE
JPKRX,JAPAN,KRX,Kuroi,TRUE
JPKRY,JAPAN,KRY,"Kariya, Saga",TRUE
JPKSA,JAPAN,KSA,Kasaoka,TRUE
JPKSB,JAPAN,KSB,Kusubo,TRUE
JPKSC,JAPAN,KSC,"Kashima, Saga",TRUE
JPKSD,JAPAN,KSD,Kasado,TRUE
JPKSE,JAPAN,KSE,Kamoise,TRUE
JPKSH,JAPAN,KSH,Kishiku,TRUE
JPKSK,JAPAN,KSK,Kurosaki,TRUE
JPKSM,JAPAN,KSM,"Kashima, Ibaraki",TRUE
JPKSN,JAPAN,KSN,Kesennuma,TRUE
JPKSO,JAPAN,KSO,Kushikino,TRUE
JPKSR,JAPAN,KSR,Kishira,TRUE
JPKSS,JAPAN,KSS,"Kasasa, Kagoshima",TRUE
JPKST,JAPAN,KST,Kisakata,TRUE
JPKSU,JAPAN,KSU,Katsumoto,TRUE
JPKSW,JAPAN,KSW,"Kashiwa, Ehime",TRUE
JPKSX,JAPAN,KSX,Kosuki,TRUE
JPKSY,JAPAN,KSY,"Kasasa, Yamaguchi",TRUE
JPKTA,JAPAN,KTA,Kitanada,TRUE
JPKTG,JAPAN,KTG,Kutsugata,TRUE
JPKTI,JAPAN,KTI,Kataichi,TRUE
JPKTJ,JAPAN,KTJ,Kotakarajima,TRUE
JPKTK,JAPAN,KTK,Kataku,TRUE
JPKTL,JAPAN,KTL,Kitakijima,TRUE
JPKTM,JAPAN,KTM,Karatomari,TRUE
JPKTO,JAPAN,KTO,Kottoi,TRUE
JPKTR,JAPAN,KTR,"Kitaura, Kagawa",TRUE
JPKTS,JAPAN,KTS,Katashima,TRUE
JPKTU,JAPAN,KTU,Kohtsuura,TRUE
JPKTX,JAPAN,KTX,Kita/Kitadaito,TRUE
JPKTZ,JAPAN,KTZ,Kata,TRUE
JPKUC,JAPAN,KUC,Kuchinotsu,TRUE
JPKUD,JAPAN,KUD,Kudamatsu,TRUE
JPKUE,JAPAN,KUE,"Kure, Kochi",TRUE
JPKUG,JAPAN,KUG,Kugui,TRUE
JPKUH,JAPAN,KUH,Kushiro,TRUE
JPKUR,JAPAN,KUR,"Katsuura, Chiba",TRUE
JPKUT,JAPAN,KUT,Kute,TRUE
JPKUU,JAPAN,KUU,Kumanoe,TRUE
JPKUW,JAPAN,KUW,Kuwanoura,TRUE
JPKUX,JAPAN,KUX,Kuronohama,TRUE
JPKUZ,JAPAN,KUZ,Kuzu,TRUE
JPKWA,JAPAN,KWA,Kawanazu,TRUE
JPKWC,JAPAN,KWC,"Kawachi, Nagasaki",TRUE
JPKWI,JAPAN,KWI,Kawanoishi,TRUE
JPKWJ,JAPAN,KWJ,"Kawajiri, Hiroshima",TRUE
JPKWM,JAPAN,KWM,Kawashimo,TRUE
JPKWN,JAPAN,KWN,Kawanoe,TRUE
JPKWR,JAPAN,KWR,"Kawajiri, Ibaraki",TRUE
JPKWS,JAPAN,KWS,Kawasaki,TRUE
JPKWT,JAPAN,KWT,Kawatana,TRUE
JPKWX,JAPAN,KWX,Kowa,TRUE
JPKWZ,JAPAN,KWZ,Kashiwazaki,TRUE
JPKXK,JAPAN,KXK,Kusukawa,TRUE
JPKXS,JAPAN,KXS,Kasumi,TRUE
JPKYA,JAPAN,KYA,Kanoya,TRUE
JPKYK,JAPAN,KYK,Kanayaki,TRUE
JPKYM,JAPAN,KYM,Kuyama,TRUE
JPKYO,JAPAN,KYO,Koyoh/Kawajiri,TRUE
JPKYR,JAPAN,KYR,Isso,TRUE
JPKZE,JAPAN,KZE,Kozera,TRUE
JPKZH,JAPAN,KZH,Kazuhara,TRUE
JPKZI,JAPAN,KZI,Kijima,TRUE
JPKZJ,JAPAN,KZJ,Kozai,TRUE
JPKZK,JAPAN,KZK,Kozukushi,TRUE
JPKZM,JAPAN,KZM,Kazume,TRUE
JPKZR,JAPAN,KZR,Kohjiro,TRUE
JPKZS,JAPAN,KZS,Kazusaminato,TRUE
JPKZU,JAPAN,KZU,Kisarazu,TRUE
JPMAB,JAPAN,MAB,Maruichibi,TRUE
JPMAD,JAPAN,MAD,Maedomari/Iheya,TRUE
JPMAG,JAPAN,MAG,Mategata,TRUE
JPMAI,JAPAN,MAI,Maizuru,TRUE
JPMAK,JAPAN,MAK,Makiyama,TRUE
JPMAM,JAPAN,MAM,Matama,TRUE
JPMAO,JAPAN,MAO,Matsuo,TRUE
JPMAR,JAPAN,MAR,Marugame,TRUE
JPMAS,JAPAN,MAS,Masaki,TRUE
JPMAT,JAPAN,MAT,"Matsushima, Nagasaki",TRUE
JPMAU,JAPAN,MAU,"Matsuura, Kagoshima",TRUE
JPMAW,JAPAN,MAW,Nishimaizuru,TRUE
JPMBE,JAPAN,MBE,Monbetsu/Abashiri,TRUE
JPMBR,JAPAN,MBR,Mebaruzaki,TRUE
JPMBT,JAPAN,MBT,Motobu,TRUE
JPMCD,JAPAN,MCD,Mochidoi,TRUE
JPMCH,JAPAN,MCH,Mochiishi,TRUE
JPMDJ,JAPAN,MDJ,"Masuda, Kagoshima",TRUE
JPMDR,JAPAN,MDR,Maedomari/Tarama,TRUE
JPMEG,JAPAN,MEG,Megi,TRUE
JPMEI,JAPAN,MEI,Meihama,TRUE
JPMEN,JAPAN,MEN,Mei,TRUE
JPMER,JAPAN,MER,Maeura,TRUE
JPMET,JAPAN,MET,Meitsu,TRUE
JPMGA,JAPAN,MGA,Matsugaura,TRUE
JPMGC,JAPAN,MGC,Maguchi,TRUE
JPMGM,JAPAN,MGM,Magome,TRUE
JPMGN,JAPAN,MGN,Mogine,TRUE
JPMGS,JAPAN,MGS,Megoshima,TRUE
JPMGU,JAPAN,MGU,Magusa,TRUE
JPMGY,JAPAN,MGY,Nagayama,TRUE
JPMHM,JAPAN,MHM,Maehama,TRUE
JPMHN,JAPAN,MHN,Mihowan,TRUE
JPMHR,JAPAN,MHR,Mihara,TRUE
JPMIH,JAPAN,MIH,Mihonoseki,TRUE
JPMII,JAPAN,MII,"Miike, Fukuoka",TRUE
JPMIJ,JAPAN,MIJ,"Miike, Tokyo",TRUE
JPMIK,JAPAN,MIK,"Misaki, Kanagawa",TRUE
JPMIN,JAPAN,MIN,Minamata,TRUE
JPMIR,JAPAN,MIR,Miura/Mitsushima,TRUE
JPMIS,JAPAN,MIS,"Misumi, Kumamoto",TRUE
JPMIT,JAPAN,MIT,"Mitaka, Hiroshima",TRUE
JPMIY,JAPAN,MIY,Miyazu,TRUE
JPMIZ,JAPAN,MIZ,Mizushima,TRUE
JPMKA,JAPAN,MKA,Mukata,TRUE
JPMKG,JAPAN,MKG,Makigawa,TRUE
JPMKI,JAPAN,MKI,"Misaki, Kochi",TRUE
JPMKJ,JAPAN,MKJ,Mikisato,TRUE
JPMKK,JAPAN,MKK,Makurazaki,TRUE
JPMKM,JAPAN,MKM,Mikame,TRUE
JPMKR,JAPAN,MKR,Mikurajima,TRUE
JPMKS,JAPAN,MKS,Mitsukoshima,TRUE
JPMKU,JAPAN,MKU,Mukunoura,TRUE
JPMKW,JAPAN,MKW,Mikawa,TRUE
JPMKX,JAPAN,MKX,"Mishima, Kawanoe",TRUE
JPMMA,JAPAN,MMA,Maenohama,TRUE
JPMMD,JAPAN,MMD,Minamidaito,TRUE
JPMMI,JAPAN,MMI,"Misumi, Shimane",TRUE
JPMMM,JAPAN,MMM,Mageshimamisaki,TRUE
JPMMT,JAPAN,MMT,Mimitsu,TRUE
JPMMY,JAPAN,MMY,Miyakojima,TRUE
JPMNA,JAPAN,MNA,Manazuru,TRUE
JPMNE,JAPAN,MNE,Mine,TRUE
JPMNG,JAPAN,MNG,Matsunaga,TRUE
JPMNJ,JAPAN,MNJ,Minna/Motobu,TRUE
JPMNM,JAPAN,MNM,Minami,TRUE
JPMNN,JAPAN,MNN,Minna/Tarama,TRUE
JPMNO,JAPAN,MNO,Miyanoura/Kamiyaku,TRUE
JPMNR,JAPAN,MNR,"Miyanoura, Nagasaki",TRUE
JPMNT,JAPAN,MNT,"Minato, Hyogo",TRUE
JPMNY,JAPAN,MNY,Minmaya,TRUE
JPMOG,JAPAN,MOG,Mogi,TRUE
JPMOJ,JAPAN,MOJ,"Moji, Japan",TRUE
JPMOM,JAPAN,MOM,Morodomi,TRUE
JPMOO,JAPAN,MOO,Morie,TRUE
JPMOR,JAPAN,MOR,Mori,TRUE
JPMOT,JAPAN,MOT,Motomachi,TRUE
JPMOU,JAPAN,MOU,Motoura/Toshima,TRUE
JPMOX,JAPAN,MOX,Monoi,TRUE
JPMQT,JAPAN,MQT,"Mito, Kagawa",TRUE
JPMRA,JAPAN,MRA,"Matsushima, Miyagi",TRUE
JPMRE,JAPAN,MRE,Mure,TRUE
JPMRG,JAPAN,MRG,Moriage,TRUE
JPMRH,JAPAN,MRH,Morinohama,TRUE
JPMRJ,JAPAN,MRJ,Murotomisaki,TRUE
JPMRK,JAPAN,MRK,Morakui,TRUE
JPMRM,JAPAN,MRM,Muromoto,TRUE
JPMRO,JAPAN,MRO,Murokita,TRUE
JPMRS,JAPAN,MRS,"Murotsu, Hyogo",TRUE
JPMRT,JAPAN,MRT,"Murotsu, Yamaguchi",TRUE
JPMRU,JAPAN,MRU,Maruo,TRUE
JPMRZ,JAPAN,MRZ,Morozaki,TRUE
JPMSA,JAPAN,MSA,Matsusaka,TRUE
JPMSD,JAPAN,MSD,"Masuda, Shimane",TRUE
JPMSH,JAPAN,MSH,Musashi,TRUE
JPMSI,JAPAN,MSI,MieShikimi,TRUE
JPMSK,JAPAN,MSK,Mashike,TRUE
JPMSO,JAPAN,MSO,Misho,TRUE
JPMSR,JAPAN,MSR,Mishiro,TRUE
JPMSS,JAPAN,MSS,"Matsushima, Okayama",TRUE
JPMST,JAPAN,MST,Misato,TRUE
JPMSX,JAPAN,MSX,"Misaki, Ehime",TRUE
JPMTC,JAPAN,MTC,Mitachi,TRUE
JPMTE,JAPAN,MTE,Matsue,TRUE
JPMTH,JAPAN,MTH,Mitsuhama,TRUE
JPMTI,JAPAN,MTI,Mitarai,TRUE
JPMTK,JAPAN,MTK,Mitsukue,TRUE
JPMTM,JAPAN,MTM,Matsumae,TRUE
JPMTO,JAPAN,MTO,Motoura/Azuma,TRUE
JPMTR,JAPAN,MTR,Mutsure,TRUE
JPMTS,JAPAN,MTS,"Matsuura, Nagasaki",TRUE
JPMTU,JAPAN,MTU,"Matsuura, Oita",TRUE
JPMTY,JAPAN,MTY,Matoya,TRUE
JPMTZ,JAPAN,MTZ,Matsuzaki,TRUE
JPMUG,JAPAN,MUG,Mugi,TRUE
JPMUK,JAPAN,MUK,Mukaishima,TRUE
JPMUR,JAPAN,MUR,Muroran,TRUE
JPMUT,JAPAN,MUT,Mutsuogawara,TRUE
JPMUX,JAPAN,MUX,"Murotsu, Kochi",TRUE
JPMUY,JAPAN,MUY,"Miyanoura, Kagawa",TRUE
JPMWA,JAPAN,MWA,Maruiwa,TRUE
JPMWR,JAPAN,MWR,Mawari,TRUE
JPMXT,JAPAN,MXT,Mita,TRUE
JPMYA,JAPAN,MYA,Muya,TRUE
JPMYG,JAPAN,MYG,Miyagahama,TRUE
JPMYJ,JAPAN,MYJ,Matsuyama,TRUE
JPMYK,JAPAN,MYK,"Miyako, Iwate",TRUE
JPMYN,JAPAN,MYN,Miyanoura/Azuma,TRUE
JPMYU,JAPAN,MYU,Miyaura,TRUE
JPMZK,JAPAN,MZK,"Miyazaki, Ehime",TRUE
JPMZM,JAPAN,MZM,Murozumi,TRUE
JPMZR,JAPAN,MZR,Motozaru,TRUE
JPMZS,JAPAN,MZS,Mizusaki,TRUE
JPNAA,JAPAN,NAA,"Nagaura, Nagasaki",TRUE
JPNAB,JAPAN,NAB,Nagara,TRUE
JPNAD,JAPAN,NAD,Nadahama,TRUE
JPNAG,JAPAN,NAG,"Nagahama, Shimane",TRUE
JPNAH,JAPAN,NAH,"Naha, Okinawa",TRUE
JPNAI,JAPAN,NAI,Narashino,TRUE
JPNAK,JAPAN,NAK,Nakagusuku,TRUE
JPNAM,JAPAN,NAM,Nama,TRUE
JPNAN,JAPAN,NAN,Nakanoseki,TRUE
JPNAO,JAPAN,NAO,Naoetsu,TRUE
JPNAR,JAPAN,NAR,Naarai,TRUE
JPNAS,JAPAN,NAS,Naoshima,TRUE
JPNAT,JAPAN,NAT,Nakatsu,TRUE
JPNAY,JAPAN,NAY,Nagayo,TRUE
JPNAZ,JAPAN,NAZ,Naze,TRUE
JPNBS,JAPAN,NBS,Nobeokashinko,TRUE
JPNBU,JAPAN,NBU,Nobu/Mitsushima,TRUE
JPNDI,JAPAN,NDI,Nishi/Minamidaito,TRUE
JPNDY,JAPAN,NDY,Nadayama,TRUE
JPNEJ,JAPAN,NEJ,Nejime,TRUE
JPNEM,JAPAN,NEM,Nemuro,TRUE
JPNEO,JAPAN,NEO,Neo,TRUE
JPNEX,JAPAN,NEX,"Nagae, Ehime",TRUE
JPNEZ,JAPAN,NEZ,Nezugaseki,TRUE
JPNGD,JAPAN,NGD,Nagouda,TRUE
JPNGE,JAPAN,NGE,"Nagae, Shimane",TRUE
JPNGG,JAPAN,NGG,Nagame,TRUE
JPNGH,JAPAN,NGH,"Nagahama, Ehime",TRUE
JPNGI,JAPAN,NGI,Neghishi/Yokohama,TRUE
JPNGK,JAPAN,NGK,Nakakoshi,TRUE
JPNGM,JAPAN,NGM,Nagimi,TRUE
JPNGN,JAPAN,NGN,Naigainoura,TRUE
JPNGO,JAPAN,NGO,"Nagoya, Japan",TRUE
JPNGR,JAPAN,NGR,Nagaura/Yokosuka,TRUE
JPNGS,JAPAN,NGS,Nagasaki,TRUE
JPNGU,JAPAN,NGU,"Nagasu, Kumamoto",TRUE
JPNGY,JAPAN,NGY,"Nagoya, Oita",TRUE
JPNHA,JAPAN,NHA,"Nakahama, Hiroshima",TRUE
JPNHI,JAPAN,NHI,Nahari,TRUE
JPNHJ,JAPAN,NHJ,Noheji,TRUE
JPNHM,JAPAN,NHM,"Nagahama, Shiga",TRUE
JPNHN,JAPAN,NHN,Nagasakinohana,TRUE
JPNHR,JAPAN,NHR,Nishihara,TRUE
JPNIA,JAPAN,NIA,Nita,TRUE
JPNIC,JAPAN,NIC,Nichinan,TRUE
JPNID,JAPAN,NID,Nishi/Kitadaito,TRUE
JPNIH,JAPAN,NIH,Niigatahigashi,TRUE
JPNIJ,JAPAN,NIJ,Niijima,TRUE
JPNIM,JAPAN,NIM,Nima,TRUE
JPNIN,JAPAN,NIN,Niigatanishi,TRUE
JPNIO,JAPAN,NIO,Nio,TRUE
JPNIS,JAPAN,NIS,Nishinaka,TRUE
JPNIT,JAPAN,NIT,Namikata,TRUE
JPNIX,JAPAN,NIX,Nii,TRUE
JPNJM,JAPAN,NJM,Nakajima,TRUE
JPNJR,JAPAN,NJR,Nojiri,TRUE
JPNKD,JAPAN,NKD,Nakada,TRUE
JPNKH,JAPAN,NKH,"Nakahama, Tottori",TRUE
JPNKJ,JAPAN,NKJ,"Nakahama, Kyoto",TRUE
JPNKK,JAPAN,NKK,Nakakoshiki,TRUE
JPNKL,JAPAN,NKL,"Nakama, Kagoshima",TRUE
JPNKM,JAPAN,NKM,"Nakama, Okinawa",TRUE
JPNKN,JAPAN,NKN,Nakanoura,TRUE
JPNKO,JAPAN,NKO,Nanko,TRUE
JPNKR,JAPAN,NKR,Nakiri,TRUE
JPNKS,JAPAN,NKS,Nakanoshima,TRUE
JPNKT,JAPAN,NKT,"Nakata, Hiroshima",TRUE
JPNKX,JAPAN,NKX,Nakanosaku,TRUE
JPNKY,JAPAN,NKY,Nakayama,TRUE
JPNKZ,JAPAN,NKZ,Nakashima,TRUE
JPNMA,JAPAN,NMA,"Nagahama, Kagoshima",TRUE
JPNMI,JAPAN,NMI,Nomi,TRUE
JPNMK,JAPAN,NMK,Nomaike,TRUE
JPNMT,JAPAN,NMT,Nakaminato,TRUE
JPNNH,JAPAN,NNH,Nunohama,TRUE
JPNNK,JAPAN,NNK,Nenokuchi,TRUE
JPNNO,JAPAN,NNO,Nanao,TRUE
JPNNT,JAPAN,NNT,Nanatsugama,TRUE
JPNOB,JAPAN,NOB,Nobeoka,TRUE
JPNOH,JAPAN,NOH,Nohara,TRUE
JPNOM,JAPAN,NOM,Nomizaki,TRUE
JPNON,JAPAN,NON,Nonohama,TRUE
JPNOU,JAPAN,NOU,Noh,TRUE
JPNQH,JAPAN,NQH,Noho,TRUE
JPNRO,JAPAN,NRO,Narao,TRUE
JPNRS,JAPAN,NRS,Narushima,TRUE
JPNRU,JAPAN,NRU,Naruto,TRUE
JPNSA,JAPAN,NSA,Nagashima,TRUE
JPNSB,JAPAN,NSB,Nishibe,TRUE
JPNSH,JAPAN,NSH,Nishishioya,TRUE
JPNSI,JAPAN,NSI,Nishiesan,TRUE
JPNSK,JAPAN,NSK,Nishiki,TRUE
JPNSM,JAPAN,NSM,Nishimura,TRUE
JPNSR,JAPAN,NSR,Noshiro,TRUE
JPNST,JAPAN,NST,Nishikata,TRUE
JPNSU,JAPAN,NSU,"Nagasu, Oita",TRUE
JPNSX,JAPAN,NSX,Nasa,TRUE
JPNTX,JAPAN,NTX,"Nakata, Kumamoto",TRUE
JPNTY,JAPAN,NTY,Nanatsuyama,TRUE
JPNUM,JAPAN,NUM,Numazu,TRUE
JPNUR,JAPAN,NUR,Nishiura,TRUE
JPNWA,JAPAN,NWA,Nyugawa,TRUE
JPNXG,JAPAN,NXG,Nigishima,TRUE
JPNYA,JAPAN,NYA,Nishinomiya,TRUE
JPNYK,JAPAN,NYK,Nyukou,TRUE
JPNYO,JAPAN,NYO,Nanyo,TRUE
JPNYZ,JAPAN,NYZ,Nyuzu,TRUE
JPOAA,JAPAN,OAA,Okada,TRUE
JPOAD,JAPAN,OAD,Onoaida,TRUE
JPOAR,JAPAN,OAR,Oarai,TRUE
JPOAT,JAPAN,OAT,Ogatsu,TRUE
JPOAX,JAPAN,OAX,Oma,TRUE
JPOBA,JAPAN,OBA,"Obama, Mie",TRUE
JPOBB,JAPAN,OBB,"Obama, Nagasaki",TRUE
JPOBE,JAPAN,OBE,"Obe, Ehime",TRUE
JPOBM,JAPAN,OBM,"Obama, Fukui",TRUE
JPOBS,JAPAN,OBS,Ohbishima,TRUE
JPOBX,JAPAN,OBX,"Ohbe, Kagawa",TRUE
JPOCH,JAPAN,OCH,Okunouchi,TRUE
JPODA,JAPAN,ODA,Odahigashi,TRUE
JPODM,JAPAN,ODM,Odomari,TRUE
JPODN,JAPAN,ODN,Ohdana,TRUE
JPODO,JAPAN,ODO,Odoh,TRUE
JPODS,JAPAN,ODS,Odeshima,TRUE
JPOFK,JAPAN,OFK,Ohfunakoshi,TRUE
JPOFR,JAPAN,OFR,Ohfukaura,TRUE
JPOFT,JAPAN,OFT,Ohfunato,TRUE
JPOGA,JAPAN,OGA,Ogasawara,TRUE
JPOGC,JAPAN,OGC,Ongachi,TRUE
JPOGE,JAPAN,OGE,Ohge,TRUE
JPOGF,JAPAN,OGF,Ogifushi,TRUE
JPOGH,JAPAN,OGH,Oginohama,TRUE
JPOGI,JAPAN,OGI,"Ogi, Niigata",TRUE
JPOGK,JAPAN,OGK,"Ogi, Kagawa",TRUE
JPOGM,JAPAN,OGM,Ogomori,TRUE
JPOGS,JAPAN,OGS,Ohgishima,TRUE
JPOGU,JAPAN,OGU,Ohgushi,TRUE
JPOHA,JAPAN,OHA,"Ohama, Kagawa",TRUE
JPOHM,JAPAN,OHM,"Ohama, Ehime",TRUE
JPOHO,JAPAN,OHO,Ohi,TRUE
JPOHT,JAPAN,OHT,Ohata,TRUE
JPOIG,JAPAN,OIG,Ohigawa,TRUE
JPOII,JAPAN,OII,"Ogi, Ishikawa",TRUE
JPOIM,JAPAN,OIM,"Ohshima, Tokyo",TRUE
JPOIS,JAPAN,OIS,Oiso,TRUE
JPOIT,JAPAN,OIT,Oita,TRUE
JPOIU,JAPAN,OIU,"Okiura, Hiroshima",TRUE
JPOJI,JAPAN,OJI,Ojika,TRUE
JPOJM,JAPAN,OJM,Omosu,TRUE
JPOJO,JAPAN,OJO,Osako,TRUE
JPOKB,JAPAN,OKB,"Okubo, Tokyo",TRUE
JPOKC,JAPAN,OKC,"Okitsu, Chiba",TRUE
JPOKG,JAPAN,OKG,Okogi,TRUE
JPOKH,JAPAN,OKH,Ohkawara,TRUE
JPOKI,JAPAN,OKI,Oki,TRUE
JPOKJ,JAPAN,OKJ,Okayama,TRUE
JPOKK,JAPAN,OKK,Okinokojima,TRUE
JPOKM,JAPAN,OKM,Okamoto,TRUE
JPOKN,JAPAN,OKN,Okinajima,TRUE
JPOKR,JAPAN,OKR,Ohbukura/Uwajima,TRUE
JPOKS,JAPAN,OKS,Okiuranishi,TRUE
JPOKT,JAPAN,OKT,"Okitsu, Shizuoka",TRUE
JPOKU,JAPAN,OKU,Oku,TRUE
JPOKW,JAPAN,OKW,"Okawa, Wakayama",TRUE
JPOKX,JAPAN,OKX,"Okiura, Yamaguchi",TRUE
JPOMD,JAPAN,OMD,Omodaka,TRUE
JPOMH,JAPAN,OMH,Omotehama,TRUE
JPOMI,JAPAN,OMI,Omi,TRUE
JPOMJ,JAPAN,OMJ,Omura,TRUE
JPOMN,JAPAN,OMN,Omon,TRUE
JPOMO,JAPAN,OMO,Omoto,TRUE
JPOMR,JAPAN,OMR,Okamura,TRUE
JPOMS,JAPAN,OMS,Omishima,TRUE
JPOMT,JAPAN,OMT,Ominato,TRUE
JPOMU,JAPAN,OMU,Omuta,TRUE
JPOMW,JAPAN,OMW,Omonawa,TRUE
JPOMX,JAPAN,OMX,"Ohama, Tottori",TRUE
JPOMY,JAPAN,OMY,Omiyaji,TRUE
JPOMZ,JAPAN,OMZ,Omaezaki,TRUE
JPONA,JAPAN,ONA,Onahama,TRUE
JPOND,JAPAN,OND,Onoda,TRUE
JPONE,JAPAN,ONE,Ohnejime,TRUE
JPONG,JAPAN,ONG,Onagawa,TRUE
JPONI,JAPAN,ONI,Onishi,TRUE
JPONJ,JAPAN,ONJ,Oniike,TRUE
JPONK,JAPAN,ONK,Oniki,TRUE
JPONO,JAPAN,ONO,Onomichi,TRUE
JPONS,JAPAN,ONS,Ohnishi/Ohsaki,TRUE
JPONU,JAPAN,ONU,Onuki,TRUE
JPONW,JAPAN,ONW,Oniwaki,TRUE
JPONX,JAPAN,ONX,OnomichiItozaki,TRUE
JPOOA,JAPAN,OOA,"Oura, Saga",TRUE
JPOOB,JAPAN,OOB,Obatake,TRUE
JPOOC,JAPAN,OOC,Ochiyo,TRUE
JPOOG,JAPAN,OOG,Ohgaki,TRUE
JPOOH,JAPAN,OOH,"Ohama, Okayama",TRUE
JPOOJ,JAPAN,OOJ,"Okubo, Kagoshima",TRUE
JPOOM,JAPAN,OOM,"Ohshima, Kagawa",TRUE
JPOON,JAPAN,OON,Ohnoh,TRUE
JPOOO,JAPAN,OOO,Ozu,TRUE
JPOOR,JAPAN,OOR,Oura/Kasaoka,TRUE
JPOOW,JAPAN,OOW,"Okawa, Nagasaki",TRUE
JPOPA,JAPAN,OPA,Oppama,TRUE
JPORA,JAPAN,ORA,Ohra,TRUE
JPORG,JAPAN,ORG,Origami,TRUE
JPORN,JAPAN,ORN,Orino,TRUE
JPORR,JAPAN,ORR,Oura/Uchinoura,TRUE
JPORX,JAPAN,ORX,Oura/Marugame,TRUE
JPOSA,JAPAN,OSA,"Osaka, Japan",TRUE
JPOSD,JAPAN,OSD,Oshidomari,TRUE
JPOSE,JAPAN,OSE,Osoe,TRUE
JPOSH,JAPAN,OSH,"Ohshima, Wakayama",TRUE
JPOSI,JAPAN,OSI,"Ohshima, Ehime",TRUE
JPOSJ,JAPAN,OSJ,"Otsu, Ibaraki",TRUE
JPOSK,JAPAN,OSK,"Osaki, Miyagi",TRUE
JPOSL,JAPAN,OSL,"Oshima, Yamaguchi",TRUE
JPOSM,JAPAN,OSM,"Oshima, Nagasaki",TRUE
JPOSN,JAPAN,OSN,Osaki/Mitsushima,TRUE
JPOSO,JAPAN,OSO,"Ohshima, Miyazaki",TRUE
JPOSR,JAPAN,OSR,Ohgasari,TRUE
JPOSS,JAPAN,OSS,"Ohshima, Fukuoka",TRUE
JPOST,JAPAN,OST,Osetoyanagi,TRUE
JPOSU,JAPAN,OSU,Osuki,TRUE
JPOSX,JAPAN,OSX,"Osaki, Kagoshima",TRUE
JPOTA,JAPAN,OTA,Otao,TRUE
JPOTJ,JAPAN,OTJ,Otsuchi,TRUE
JPOTK,JAPAN,OTK,Otake,TRUE
JPOTM,JAPAN,OTM,Otomi,TRUE
JPOTO,JAPAN,OTO,Osato,TRUE
JPOTR,JAPAN,OTR,Otaru,TRUE
JPOTU,JAPAN,OTU,"Otsu, Shiga",TRUE
JPOTW,JAPAN,OTW,Otawa,TRUE
JPOUA,JAPAN,OUA,Oura/Ariake,TRUE
JPOUK,JAPAN,OUK,"Osaka, Tottori",TRUE
JPOUM,JAPAN,OUM,Omu,TRUE
JPOUR,JAPAN,OUR,Oura/Kamitsushima,TRUE
JPOUS,JAPAN,OUS,Ohse,TRUE
JPOWA,JAPAN,OWA,Owase,TRUE
JPOYA,JAPAN,OYA,Ojoya,TRUE
JPOYB,JAPAN,OYB,Oyabu,TRUE
JPOYM,JAPAN,OYM,Ohyama/Mitsushima,TRUE
JPOZJ,JAPAN,OZJ,Ohzuku,TRUE
JPOZU,JAPAN,OZU,Ozuku,TRUE
JPOZX,JAPAN,OZX,Ozaki,TRUE
JPQSG,JAPAN,QSG,"Saga, Saga",TRUE
JPRAU,JAPAN,RAU,Rausu,TRUE
JPRHK,JAPAN,RHK,Reihoku,TRUE
JPRKO,JAPAN,RKO,Rokko Island,TRUE
JPRMI,JAPAN,RMI,Rumoi,TRUE
JPRND,JAPAN,RND,Ronden,TRUE
JPRYG,JAPAN,RYG,Ryugamizu,TRUE
JPRYO,JAPAN,RYO,Ryotsu,TRUE
JPRYS,JAPAN,RYS,Ryohshida,TRUE
JPSAB,JAPAN,SAB,Saba,TRUE
JPSAC,JAPAN,SAC,"Sai, Shimane",TRUE
JPSAD,JAPAN,SAD,Saidoh,TRUE
JPSAE,JAPAN,SAE,Saiki,TRUE
JPSAG,JAPAN,SAG,Saganoseki,TRUE
JPSAI,JAPAN,SAI,"Saigo, Shimane",TRUE
JPSAJ,JAPAN,SAJ,Saijo,TRUE
JPSAK,JAPAN,SAK,Sakai,TRUE
JPSAM,JAPAN,SAM,Samani,TRUE
JPSAN,JAPAN,SAN,Sanbonmatsu,TRUE
JPSAO,JAPAN,SAO,Sato,TRUE
JPSAR,JAPAN,SAR,Shikaura,TRUE
JPSAS,JAPAN,SAS,Sasago,TRUE
JPSAT,JAPAN,SAT,Sakate,TRUE
JPSAU,JAPAN,SAU,Sakitsu,TRUE
JPSAW,JAPAN,SAW,Sagawa,TRUE
JPSAZ,JAPAN,SAZ,Saza,TRUE
JPSBK,JAPAN,SBK,Sakaisenboku,TRUE
JPSBS,JAPAN,SBS,Shibushi,TRUE
JPSBU,JAPAN,SBU,Shibaura,TRUE
JPSBY,JAPAN,SBY,Shibayama,TRUE
JPSCH,JAPAN,SCH,Shichirinagahama,TRUE
JPSCR,JAPAN,SCR,Shichirui,TRUE
JPSDA,JAPAN,SDA,"Shimoda, Nagasaki",TRUE
JPSDJ,JAPAN,SDJ,"Sendai, Japan",TRUE
JPSDK,JAPAN,SDK,Shitooke,TRUE
JPSDS,JAPAN,SDS,Sendaishinko,TRUE
JPSDU,JAPAN,SDU,Sodegaura,TRUE
JPSDZ,JAPAN,SDZ,Saidaiji,TRUE
JPSEB,JAPAN,SEB,Seibu,TRUE
JPSEG,JAPAN,SEG,Seigaura,TRUE
JPSEK,JAPAN,SEK,Sekinehama,TRUE
JPSEN,JAPAN,SEN,"Sendai, Kagoshima",TRUE
JPSEQ,JAPAN,SEQ,Se/Izuhara,TRUE
JPSES,JAPAN,SES,Sesoko,TRUE
JPSEZ,JAPAN,SEZ,Sezaki,TRUE
JPSGA,JAPAN,SGA,"Saga, Kochi",TRUE
JPSGE,JAPAN,SGE,Suge,TRUE
JPSGI,JAPAN,SGI,Shigetomi,TRUE
JPSGJ,JAPAN,SGJ,Sagi,TRUE
JPSGM,JAPAN,SGM,Sendaishiogama,TRUE
JPSGR,JAPAN,SGR,Sagara,TRUE
JPSGT,JAPAN,SGT,Shiogatani,TRUE
JPSGU,JAPAN,SGU,"Saigo, Nagasaki",TRUE
JPSGW,JAPAN,SGW,Segawa,TRUE
JPSGX,JAPAN,SGX,Sonogi,TRUE
JPSHG,JAPAN,SHG,Shinagawa-ku/Tokyo,TRUE
JPSHH,JAPAN,SHH,"Shirahama, Kagoshima",TRUE
JPSHK,JAPAN,SHK,Shinkiba,TRUE
JPSHN,JAPAN,SHN,Shingu,TRUE
JPSHR,JAPAN,SHR,Shari,TRUE
JPSHS,JAPAN,SHS,Shimonoseki,TRUE
JPSHU,JAPAN,SHU,Shushi,TRUE
JPSHZ,JAPAN,SHZ,Shimazuya,TRUE
JPSIA,JAPAN,SIA,"Shimoda, Kumamoto",TRUE
JPSID,JAPAN,SID,Shido,TRUE
JPSIG,JAPAN,SIG,Shigei,TRUE
JPSIH,JAPAN,SIH,"Shirahama, Okinawa",TRUE
JPSIK,JAPAN,SIK,Shikamachi,TRUE
JPSIM,JAPAN,SIM,Shimama,TRUE
JPSIN,JAPAN,SIN,Shiinoki,TRUE
JPSIO,JAPAN,SIO,"Shioya, Ishikawa",TRUE
JPSIR,JAPAN,SIR,"Shirahama, Nagasaki",TRUE
JPSIS,JAPAN,SIS,Shishikui,TRUE
JPSIT,JAPAN,SIT,Shitanoura,TRUE
JPSJA,JAPAN,SJA,"Sai, Aomori",TRUE
JPSJI,JAPAN,SJI,"Shishijima, Kagawa",TRUE
JPSJM,JAPAN,SJM,"Shishijima, Kagoshima",TRUE
JPSJR,JAPAN,SJR,Shiroko,TRUE
JPSKB,JAPAN,SKB,Shibukawa,TRUE
JPSKD,JAPAN,SKD,Sakaide,TRUE
JPSKH,JAPAN,SKH,Sakihama,TRUE
JPSKK,JAPAN,SKK,Sakaki,TRUE
JPSKM,JAPAN,SKM,Shikama,TRUE
JPSKN,JAPAN,SKN,Shikinejima,TRUE
JPSKO,JAPAN,SKO,Sakoshi,TRUE
JPSKR,JAPAN,SKR,Sakuraikako,TRUE
JPSKT,JAPAN,SKT,Sakata,TRUE
JPSKU,JAPAN,SKU,Shiraku,TRUE
JPSKW,JAPAN,SKW,"Shinkawa, Aichi",TRUE
JPSKY,JAPAN,SKY,Sekiya,TRUE
JPSMA,JAPAN,SMA,Souma,TRUE
JPSMB,JAPAN,SMB,Shimabara,TRUE
JPSMD,JAPAN,SMD,"Shimoda, Shizuoka",TRUE
JPSME,JAPAN,SME,Same,TRUE
JPSMH,JAPAN,SMH,Shimohisage,TRUE
JPSMI,JAPAN,SMI,Sumie,TRUE
JPSMK,JAPAN,SMK,Samukawa,TRUE
JPSMM,JAPAN,SMM,Shimamaki,TRUE
JPSMN,JAPAN,SMN,Sakaiminato,TRUE
JPSMO,JAPAN,SMO,"Shimoda, Kochi",TRUE
JPSMR,JAPAN,SMR,Shimodomari/Mikame,TRUE
JPSMT,JAPAN,SMT,Shimotsu,TRUE
JPSMU,JAPAN,SMU,Sakimui,TRUE
JPSMY,JAPAN,SMY,Sumiyoshi,TRUE
JPSMZ,JAPAN,SMZ,"Shimizu, Japan",TRUE
JPSNA,JAPAN,SNA,Sonai/Yonaguni,TRUE
JPSNE,JAPAN,SNE,Sone,TRUE
JPSNI,JAPAN,SNI,Sonai/Taketomi,TRUE
JPSNJ,JAPAN,SNJ,Shinojima,TRUE
JPSNK,JAPAN,SNK,"Shinkawa, Kagoshima",TRUE
JPSNM,JAPAN,SNM,Sanami,TRUE
JPSNN,JAPAN,SNN,Shonan,TRUE
JPSNO,JAPAN,SNO,Shitanoe,TRUE
JPSNR,JAPAN,SNR,Shukunoura,TRUE
JPSNU,JAPAN,SNU,Shimanoura,TRUE
JPSNW,JAPAN,SNW,Shinokawa,TRUE
JPSNX,JAPAN,SNX,Sanagi,TRUE
JPSNZ,JAPAN,SNZ,Shinzaike,TRUE
JPSOG,JAPAN,SOG,Sogo,TRUE
JPSOH,JAPAN,SOH,Shiohama,TRUE
JPSOO,JAPAN,SOO,Shimonokae,TRUE
JPSOR,JAPAN,SOR,Sonoura,TRUE
JPSOT,JAPAN,SOT,Sotodomari/Nishiumi,TRUE
JPSOY,JAPAN,SOY,Soya,TRUE
JPSOZ,JAPAN,SOZ,Sozu,TRUE
JPSRA,JAPAN,SRA,Shiraki,TRUE
JPSRH,JAPAN,SRH,"Shirahama, Kagawa",TRUE
JPSRJ,JAPAN,SRJ,Shiro,TRUE
JPSRK,JAPAN,SRK,Shirosaki,TRUE
JPSRO,JAPAN,SRO,Shiraoi,TRUE
JPSRS,JAPAN,SRS,Shirose,TRUE
JPSRT,JAPAN,SRT,Shirakata,TRUE
JPSRX,JAPAN,SRX,"Shirahama, Chiba",TRUE
JPSRZ,JAPAN,SRZ,Sakurajima,TRUE
JPSSA,JAPAN,SSA,Shimotsuura,TRUE
JPSSB,JAPAN,SSB,Sasebo,TRUE
JPSSE,JAPAN,SSE,Sasue,TRUE
JPSSH,JAPAN,SSH,Shishiboe,TRUE
JPSSI,JAPAN,SSI,Sashiki,TRUE
JPSSJ,JAPAN,SSJ,Shisakajima,TRUE
JPSSK,JAPAN,SSK,Saizaki,TRUE
JPSSM,JAPAN,SSM,Shishimi,TRUE
JPSSN,JAPAN,SSN,Sasuna,TRUE
JPSTA,JAPAN,STA,Sata,TRUE
JPSTB,JAPAN,STB,Shitaba,TRUE
JPSTD,JAPAN,STD,Setoda,TRUE
JPSTE,JAPAN,STE,Satoura,TRUE
JPSTI,JAPAN,STI,Shimotsui,TRUE
JPSTJ,JAPAN,STJ,Shikata,TRUE
JPSTN,JAPAN,STN,Setana,TRUE
JPSTO,JAPAN,STO,Sakito,TRUE
JPSTR,JAPAN,STR,Shirotori,TRUE
JPSTT,JAPAN,STT,"Seto, Kagoshima",TRUE
JPSTU,JAPAN,STU,Suttsu,TRUE
JPSTW,JAPAN,STW,Satsukawawan,TRUE
JPSTZ,JAPAN,STZ,Saitozaki,TRUE
JPSUE,JAPAN,SUE,Sunoe,TRUE
JPSUG,JAPAN,SUG,Suga,TRUE
JPSUH,JAPAN,SUH,"Sumoto, Hyogo",TRUE
JPSUK,JAPAN,SUK,Sukumowan,TRUE
JPSUM,JAPAN,SUM,Suminoe,TRUE
JPSUR,JAPAN,SUR,Sugeura,TRUE
JPSUS,JAPAN,SUS,Susa,TRUE
JPSUT,JAPAN,SUT,"Sumoto, Kumamoto",TRUE
JPSUU,JAPAN,SUU,Sugawa,TRUE
JPSUW,JAPAN,SUW,Suwa,TRUE
JPSUZ,JAPAN,SUZ,Susaki,TRUE
JPSWA,JAPAN,SWA,Shimokawaguchi,TRUE
JPSXM,JAPAN,SXM,Sunami,TRUE
JPSXT,JAPAN,SXT,"Seto, Kagawa",TRUE
JPSYA,JAPAN,SYA,"Shioya, Okinawa",TRUE
JPSYG,JAPAN,SYG,Shioyagamoto,TRUE
JPSYM,JAPAN,SYM,Sonoyama,TRUE
JPSYO,JAPAN,SYO,Shoura,TRUE
JPSYZ,JAPAN,SYZ,Shiriyazaki,TRUE
JPSZG,JAPAN,SZG,Shizugawa,TRUE
JPSZI,JAPAN,SZI,Shinjima,TRUE
JPSZK,JAPAN,SZK,Senzaki,TRUE
JPSZU,JAPAN,SZU,Shizuura,TRUE
JPTAA,JAPAN,TAA,Takamijima,TRUE
JPTAB,JAPAN,TAB,Tabugawa,TRUE
JPTAC,JAPAN,TAC,Tachiyama,TRUE
JPTAD,JAPAN,TAD,Tadotsu,TRUE
JPTAE,JAPAN,TAE,Tanabe,TRUE
JPTAG,JAPAN,TAG,Tagi,TRUE
JPTAH,JAPAN,TAH,"Takahama, Ehime",TRUE
JPTAJ,JAPAN,TAJ,Tajiri,TRUE
JPTAK,JAPAN,TAK,Takamatsu,TRUE
JPTAL,JAPAN,TAL,Tainouchi,TRUE
JPTAM,JAPAN,TAM,Tamano,TRUE
JPTAN,JAPAN,TAN,Tanagawa,TRUE
JPTAO,JAPAN,TAO,Tago,TRUE
JPTAQ,JAPAN,TAQ,Taira,TRUE
JPTAR,JAPAN,TAR,Tahara,TRUE
JPTAS,JAPAN,TAS,Takeshiki,TRUE
JPTAT,JAPAN,TAT,Tatsugo,TRUE
JPTAU,JAPAN,TAU,Taura,TRUE
JPTAW,JAPAN,TAW,Tannowa,TRUE
JPTAZ,JAPAN,TAZ,Tai,TRUE
JPTBN,JAPAN,TBN,Tachibana,TRUE
JPTBO,JAPAN,TBO,Tobo,TRUE
JPTBR,JAPAN,TBR,Tabira,TRUE
JPTBS,JAPAN,TBS,Awajikoryunotsubasa,TRUE
JPTBT,JAPAN,TBT,Tobata/Kitakyushu,TRUE
JPTBU,JAPAN,TBU,Tabu,TRUE
JPTCC,JAPAN,TCC,Tokuchi,TRUE
JPTCH,JAPAN,TCH,Tsuchiura,TRUE
JPTDA,JAPAN,TDA,Tohda,TRUE
JPTDJ,JAPAN,TDJ,Takedatsu,TRUE
JPTDN,JAPAN,TDN,Tadanoumi,TRUE
JPTDT,JAPAN,TDT,Tairadate,TRUE
JPTEA,JAPAN,TEA,Takena,TRUE
JPTEE,JAPAN,TEE,Take,TRUE
JPTEI,JAPAN,TEI,Tei,TRUE
JPTEK,JAPAN,TEK,Tekutsuku,TRUE
JPTER,JAPAN,TER,Teuri,TRUE
JPTET,JAPAN,TET,"Tateishi, Ehime",TRUE
JPTEU,JAPAN,TEU,Teuchi,TRUE
JPTGC,JAPAN,TGC,Toguchi,TRUE
JPTGM,JAPAN,TGM,Taguma,TRUE
JPTGO,JAPAN,TGO,Tagonoura,TRUE
JPTHM,JAPAN,THM,Tanohama,TRUE
JPTHR,JAPAN,THR,Takehara,TRUE
JPTHS,JAPAN,THS,Toyohashi,TRUE
JPTIA,JAPAN,TIA,Taisha,TRUE
JPTIN,JAPAN,TIN,Tainoura,TRUE
JPTIS,JAPAN,TIS,Teishi,TRUE
JPTJI,JAPAN,TJI,Takarajima,TRUE
JPTJJ,JAPAN,TJJ,Tomamae,TRUE
JPTJK,JAPAN,TJK,Takashima/Masuda,TRUE
JPTJM,JAPAN,TJM,Tojima,TRUE
JPTJO,JAPAN,TJO,"Toshima, Hyogo",TRUE
JPTJR,JAPAN,TJR,"Tajiri, Tottori",TRUE
JPTJS,JAPAN,TJS,Tokashiki,TRUE
JPTKA,JAPAN,TKA,Tokai,TRUE
JPTKC,JAPAN,TKC,Takanokuchi,TRUE
JPTKD,JAPAN,TKD,Takada,TRUE
JPTKE,JAPAN,TKE,Takeno,TRUE
JPTKG,JAPAN,TKG,"Takasu, Kagoshima",TRUE
JPTKH,JAPAN,TKH,Takahama/Amakusa,TRUE
JPTKI,JAPAN,TKI,Taki,TRUE
JPTKJ,JAPAN,TKJ,Tokujin,TRUE
JPTKK,JAPAN,TKK,Takaoka,TRUE
JPTKM,JAPAN,TKM,Takuma,TRUE
JPTKO,JAPAN,TKO,Tokonami,TRUE
JPTKR,JAPAN,TKR,Tokoro,TRUE
JPTKS,JAPAN,TKS,Tokushima,TRUE
JPTKT,JAPAN,TKT,Taketoyo,TRUE
JPTKU,JAPAN,TKU,Takuno,TRUE
JPTKW,JAPAN,TKW,Tainokawa,TRUE
JPTKY,JAPAN,TKY,Tokuyama,TRUE
JPTKZ,JAPAN,TKZ,Takezaki,TRUE
JPTMA,JAPAN,TMA,Tomari/Shiribeshi,TRUE
JPTME,JAPAN,TME,Tomie,TRUE
JPTMI,JAPAN,TMI,Tsukumi,TRUE
JPTMJ,JAPAN,TMJ,Takami,TRUE
JPTMK,JAPAN,TMK,"Yokohama, Japan",TRUE
JPTMM,JAPAN,TMM,Tomiku,TRUE
JPTMN,JAPAN,TMN,Tamanoura,TRUE
JPTMO,JAPAN,TMO,"Tomioka, Kumamoto",TRUE
JPTMR,JAPAN,TMR,"Tomari, Okinawa",TRUE
JPTMS,JAPAN,TMS,"Tamatsu, Ehime",TRUE
JPTMT,JAPAN,TMT,"Tamatsu, Okayama",TRUE
JPTMU,JAPAN,TMU,Tomitsu,TRUE
JPTMZ,JAPAN,TMZ,Tarumizu,TRUE
JPTNA,JAPAN,TNA,Tsuna,TRUE
JPTNB,JAPAN,TNB,Takanabe,TRUE
JPTND,JAPAN,TND,Tonda,TRUE
JPTNH,JAPAN,TNH,Tonoshohigash,TRUE
JPTNI,JAPAN,TNI,Tsuneishi,TRUE
JPTNK,JAPAN,TNK,Tanasoko,TRUE
JPTNO,JAPAN,TNO,Tonosho,TRUE
JPTNR,JAPAN,TNR,"Tanoura, Kumamoto",TRUE
JPTNS,JAPAN,TNS,Tsunoshima,TRUE
JPTNU,JAPAN,TNU,Tanoura/Kitakyushu,TRUE
JPTNW,JAPAN,TNW,Tanowaki,TRUE
JPTOB,JAPAN,TOB,Toba,TRUE
JPTOD,JAPAN,TOD,Todohokke,TRUE
JPTOG,JAPAN,TOG,Togi,TRUE
JPTOI,JAPAN,TOI,Toi,TRUE
JPTOJ,JAPAN,TOJ,Toga,TRUE
JPTOK,JAPAN,TOK,Tokachi,TRUE
JPTOM,JAPAN,TOM,"Tomioka, Tokushima",TRUE
JPTON,JAPAN,TON,Tonoura,TRUE
JPTOS,JAPAN,TOS,Toyamashinko,TRUE
JPTOT,JAPAN,TOT,Totoro,TRUE
JPTOU,JAPAN,TOU,Touyo,TRUE
JPTOX,JAPAN,TOX,Toshima/Tokyo,TRUE
JPTOY,JAPAN,TOY,Toyama,TRUE
JPTRC,JAPAN,TRC,Tsuruuchi,TRUE
JPTRD,JAPAN,TRD,Teradomari,TRUE
JPTRG,JAPAN,TRG,Tsuruga,TRUE
JPTRH,JAPAN,TRH,Tarugahama,TRUE
JPTRO,JAPAN,TRO,Tororo,TRUE
JPTRR,JAPAN,TRR,Tomariura,TRUE
JPTRU,JAPAN,TRU,"Tsurumi, Okayama",TRUE
JPTRZ,JAPAN,TRZ,Terazu/Yatsuka,TRUE
JPTSG,JAPAN,TSG,Takasago,TRUE
JPTSH,JAPAN,TSH,Tsushi,TRUE
JPTSI,JAPAN,TSI,Teshima,TRUE
JPTSK,JAPAN,TSK,Tsurusaki,TRUE
JPTSM,JAPAN,TSM,Takashima/Nishisonogi,TRUE
JPTSO,JAPAN,TSO,Teshio,TRUE
JPTSS,JAPAN,TSS,Tasumi,TRUE
JPTST,JAPAN,TST,Tsutsu,TRUE
JPTSU,JAPAN,TSU,Tsu,TRUE
JPTSX,JAPAN,TSX,Takeshima,TRUE
JPTSZ,JAPAN,TSZ,Tosashimizu,TRUE
JPTTH,JAPAN,TTH,Taketomihigashi,TRUE
JPTTJ,JAPAN,TTJ,Tottori,TRUE
JPTTM,JAPAN,TTM,Tsutsumi,TRUE
JPTTS,JAPAN,TTS,"Tateishi, Kagawa",TRUE
JPTTU,JAPAN,TTU,Tokitsu,TRUE
JPTTY,JAPAN,TTY,Tateyama,TRUE
JPTUD,JAPAN,TUD,Tsuda,TRUE
JPTUI,JAPAN,TUI,Tsui,TRUE
JPTUR,JAPAN,TUR,"Tanoura, Ehime",TRUE
JPTUS,JAPAN,TUS,Toyoshige,TRUE
JPTUU,JAPAN,TUU,Tsukumo,TRUE
JPTWA,JAPAN,TWA,Tsukinokawa,TRUE
JPTXK,JAPAN,TXK,"Takasu, Fukui",TRUE
JPTXN,JAPAN,TXN,Tokoname,TRUE
JPTYH,JAPAN,TYH,"Toyohama, Kagawa",TRUE
JPTYJ,JAPAN,TYJ,"Toyohama, Aichi",TRUE
JPTYN,JAPAN,TYN,Tsuiyama,TRUE
JPTYO,JAPAN,TYO,"Tokyo, Japan",TRUE
JPTYP,JAPAN,TYP,Tsuyoshi,TRUE
JPTYR,JAPAN,TYR,Toyoura,TRUE
JPTYU,JAPAN,TYU,Tayui,TRUE
JPTZA,JAPAN,TZA,Taiza,TRUE
JPTZU,JAPAN,TZU,Terazu/Matsue,TRUE
JPUAO,JAPAN,UAO,Urago,TRUE
JPUBJ,JAPAN,UBJ,Ube,TRUE
JPUBK,JAPAN,UBK,Ushibuka,TRUE
JPUBY,JAPAN,UBY,Ubuyu,TRUE
JPUCH,JAPAN,UCH,Uchiumi,TRUE
JPUCN,JAPAN,UCN,Uchinomi,TRUE
JPUCR,JAPAN,UCR,"Uchiura, Ishikawa",TRUE
JPUCU,JAPAN,UCU,"Uchiura, Fukui",TRUE
JPUDD,JAPAN,UDD,Udo,TRUE
JPUDO,JAPAN,UDO,Udono,TRUE
JPUEC,JAPAN,UEC,Uechi,TRUE
JPUGA,JAPAN,UGA,Uga,TRUE
JPUGU,JAPAN,UGU,Ugusu,TRUE
JPUHH,JAPAN,UHH,Uchihana,TRUE
JPUJI,JAPAN,UJI,Ujina,TRUE
JPUJY,JAPAN,UJY,Ujiyamada,TRUE
JPUKA,JAPAN,UKA,Usuka,TRUE
JPUKB,JAPAN,UKB,"Kobe, Japan",TRUE
JPUKI,JAPAN,UKI,Ukui,TRUE
JPUKJ,JAPAN,UKJ,Ukejima,TRUE
JPUKN,JAPAN,UKN,Uken,TRUE
JPUKT,JAPAN,UKT,Ukitsu,TRUE
JPUMG,JAPAN,UMG,Umagoe,TRUE
JPUNM,JAPAN,UNM,Uranomae,TRUE
JPUNO,JAPAN,UNO,Uno,TRUE
JPUNS,JAPAN,UNS,Unoshima,TRUE
JPUNT,JAPAN,UNT,Unten,TRUE
JPUNU,JAPAN,UNU,Uchinourahetsuka,TRUE
JPUOM,JAPAN,UOM,Uomi,TRUE
JPUOU,JAPAN,UOU,"Uozu, Shimane",TRUE
JPUOZ,JAPAN,UOZ,"Uozu, Toyama",TRUE
JPURA,JAPAN,URA,Ura,TRUE
JPURG,JAPAN,URG,Uraga,TRUE
JPURH,JAPAN,URH,Urahara,TRUE
JPURK,JAPAN,URK,Urakawa,TRUE
JPURM,JAPAN,URM,Uragami,TRUE
JPURR,JAPAN,URR,Urashiro,TRUE
JPURS,JAPAN,URS,Urasoko,TRUE
JPURU,JAPAN,URU,Furumi,TRUE
JPUSA,JAPAN,USA,Usa/Tosa,TRUE
JPUSG,JAPAN,USG,Ushigakubijima,TRUE
JPUSH,JAPAN,USH,Ushimado,TRUE
JPUSI,JAPAN,USI,Ushine,TRUE
JPUSJ,JAPAN,USJ,Usujiri,TRUE
JPUSK,JAPAN,USK,Usuki,TRUE
JPUSN,JAPAN,USN,Usuno,TRUE
JPUST,JAPAN,UST,Ushitsu,TRUE
JPUSU,JAPAN,USU,Usunoura,TRUE
JPUTM,JAPAN,UTM,"Utsumi, Aichi",TRUE
JPUTS,JAPAN,UTS,"Utsumi, Hiroshima",TRUE
JPUTZ,JAPAN,UTZ,Utazu,TRUE
JPUUR,JAPAN,UUR,Uchinoura,TRUE
JPUWA,JAPAN,UWA,Uwajima,TRUE
JPUZK,JAPAN,UZK,Uzuki,TRUE
JPWAD,JAPAN,WAD,Wadomari,TRUE
JPWAI,JAPAN,WAI,Waita,TRUE
JPWAK,JAPAN,WAK,Wakayama,TRUE
JPWAM,JAPAN,WAM,Wakamatsu/Kitakyushu,TRUE
JPWAN,JAPAN,WAN,Wan,TRUE
JPWAT,JAPAN,WAT,Watanoha,TRUE
JPWDA,JAPAN,WDA,Wada,TRUE
JPWJM,JAPAN,WJM,Wajima,TRUE
JPWKI,JAPAN,WKI,Wakimisaki,TRUE
JPWKJ,JAPAN,WKJ,Wakkanai,TRUE
JPWKR,JAPAN,WKR,Wakura,TRUE
JPWKT,JAPAN,WKT,Wakatsu,TRUE
JPWKW,JAPAN,WKW,Wakinosawa,TRUE
JPWKZ,JAPAN,WKZ,Wakizaki,TRUE
JPWMT,JAPAN,WMT,Wakimoto,TRUE
JPWNA,JAPAN,WNA,Wano,TRUE
JPWNI,JAPAN,WNI,Waniura,TRUE
JPWSB,JAPAN,WSB,Washibeyanoura,TRUE
JPWTU,JAPAN,WTU,"Wakamatsu, Nagasaki",TRUE
JPYAA,JAPAN,YAA,Yanagi,TRUE
JPYAD,JAPAN,YAD,"Yamada, Iwate",TRUE
JPYAG,JAPAN,YAG,"Yagi, Hyogo",TRUE
JPYAM,JAPAN,YAM,Yamagawa,TRUE
JPYAN,JAPAN,YAN,Yanai,TRUE
JPYAS,JAPAN,YAS,Yasumiya,TRUE
JPYAT,JAPAN,YAT,Yatsushiro,TRUE
JPYBK,JAPAN,YBK,Yobuko,TRUE
JPYBT,JAPAN,YBT,Yubetsu,TRUE
JPYDA,JAPAN,YDA,"Yoshida, Aichi",TRUE
JPYDM,JAPAN,YDM,Yudomari,TRUE
JPYGE,JAPAN,YGE,Yuge,TRUE
JPYGH,JAPAN,YGH,Yamaguchihigashi,TRUE
JPYGI,JAPAN,YGI,"Yagi, Iwate",TRUE
JPYGR,JAPAN,YGR,Yagishiri,TRUE
JPYHA,JAPAN,YHA,Yoshiura/Yunotsu,TRUE
JPYHI,JAPAN,YHI,Yoshiumi,TRUE
JPYIC,JAPAN,YIC,Yoichi,TRUE
JPYKK,JAPAN,YKK,Yokkaichi,TRUE
JPYKS,JAPAN,YKS,Yokoshima/Kurahashi,TRUE
JPYKT,JAPAN,YKT,"Yokota, Hiroshima",TRUE
JPYKU,JAPAN,YKU,Yakuzu,TRUE
JPYMA,JAPAN,YMA,Yasurahama,TRUE
JPYMC,JAPAN,YMC,Yumachi,TRUE
JPYMD,JAPAN,YMD,"Yamada, Okayama",TRUE
JPYMG,JAPAN,YMG,Yamaguchi,TRUE
JPYMN,JAPAN,YMN,Yamanoura,TRUE
JPYMT,JAPAN,YMT,Yamatani,TRUE
JPYMU,JAPAN,YMU,Yumugi,TRUE
JPYNE,JAPAN,YNE,Yaene,TRUE
JPYNI,JAPAN,YNI,Yani,TRUE
JPYNM,JAPAN,YNM,Yunomochiki,TRUE
JPYNN,JAPAN,YNN,Yanma,TRUE
JPYNT,JAPAN,YNT,Yunotsu,TRUE
JPYNZ,JAPAN,YNZ,Yonouzu,TRUE
JPYOC,JAPAN,YOC,Yoichigaura,TRUE
JPYOG,JAPAN,YOG,Yonegura,TRUE
JPYOK,JAPAN,YOK,"Yokohama, Tokyo",TRUE
JPYOR,JAPAN,YOR,Yoro,TRUE
JPYOS,JAPAN,YOS,Yokosuka,TRUE
JPYOT,JAPAN,YOT,Yotsukura,TRUE
JPYOU,JAPAN,YOU,Youra,TRUE
JPYQD,JAPAN,YQD,Yamada,TRUE
JPYRA,JAPAN,YRA,"Yura, Hyogo",TRUE
JPYRG,JAPAN,YRG,Yurigahama,TRUE
JPYSD,JAPAN,YSD,"Yoshida, Ehime",TRUE
JPYSG,JAPAN,YSG,Yasugi,TRUE
JPYSH,JAPAN,YSH,Yuasahiro,TRUE
JPYSM,JAPAN,YSM,Yoshima,TRUE
JPYSN,JAPAN,YSN,Yoshinozaki,TRUE
JPYSR,JAPAN,YSR,Yoshiura/Misumi,TRUE
JPYSS,JAPAN,YSS,Yoshiase,TRUE
JPYSU,JAPAN,YSU,Yoshiura,TRUE
JPYSZ,JAPAN,YSZ,Yoshizu,TRUE
JPYTI,JAPAN,YTI,Yutai,TRUE
JPYUA,JAPAN,YUA,"Yura, Yamaguchi",TRUE
JPYUJ,JAPAN,YUJ,"Yura, Yamagata",TRUE
JPYUK,JAPAN,YUK,Yuki,TRUE
JPYUR,JAPAN,YUR,"Yura, Wakayama",TRUE
JPYUS,JAPAN,YUS,Yusu,TRUE
JPYUU,JAPAN,YUU,Yuu,TRUE
JPYWH,JAPAN,YWH,Yawatahama,TRUE
JPYWN,JAPAN,YWN,Yuwan,TRUE
JPYWT,JAPAN,YWT,Yawata/Kitakyushu,TRUE
JPYYA,JAPAN,YYA,Awano,TRUE
JPYZU,JAPAN,YZU,Yaizu,TRUE
JPZMM,JAPAN,ZMM,Zamami,TRUE
KEEMB,KENYA,EMB,Embakasi,TRUE
KEKIL,KENYA,KIL,Kilindini,TRUE
KEKIS,KENYA,KIS,Kisumu,TRUE
KELAU,KENYA,LAU,Lamu,TRUE
KEMBA,KENYA,MBA,"Mombasa, Kenya",TRUE
KEMYD,KENYA,MYD,Malindi,TRUE
KHCHE,CAMBODIA,CHE,Cheko,TRUE
KHKKO,CAMBODIA,KKO,Kas Kong,TRUE
KHKOS,CAMBODIA,KOS,Kampong Saom,TRUE
KHPNH,CAMBODIA,PNH,Phnom Penh,TRUE
KHSHV,CAMBODIA,SHV,Sihanoukville,TRUE
KIFIS,KIRIBATI,FIS,Fanning Islands,TRUE
KIPHO,KIRIBATI,PHO,Phoenix Islands,TRUE
KITRW,KIRIBATI,TRW,Tarawa,TRUE
KIWNI,KIRIBATI,WNI,Washington Islands,TRUE
KMAJN,COMOROS,AJN,Anjouan Apt,TRUE
KMFOU,COMOROS,FOU,"Foumboni, Moheli",TRUE
KMMUT,COMOROS,MUT,"Mutsamudu, Anjouan",TRUE
KMYVA,COMOROS,YVA,Moroni,TRUE
KNBAS,SAINT KITTS AND NEVIS,BAS,"St Kitts, St Kitts",TRUE
KNNEV,SAINT KITTS AND NEVIS,NEV,"Nevis, Nevis",TRUE
KPCHO,"KOREA, DEMOCRATIC PEOPLE'S REPUBLIC OF",CHO,Chongjin,TRUE
KPGEN,"KOREA, DEMOCRATIC PEOPLE'S REPUBLIC OF",GEN,Gensan,TRUE
KPHAE,"KOREA, DEMOCRATIC PEOPLE'S REPUBLIC OF",HAE,Haeju,TRUE
KPHGM,"KOREA, DEMOCRATIC PEOPLE'S REPUBLIC OF",HGM,Hungnam,TRUE
KPNAM,"KOREA, DEMOCRATIC PEOPLE'S REPUBLIC OF",NAM,Nampo,TRUE
KPREM,"KOREA, DEMOCRATIC PEOPLE'S REPUBLIC OF",REM,Bumpyo (Rempo),TRUE
KPSON,"KOREA, DEMOCRATIC PEOPLE'S REPUBLIC OF",SON,Songjin,TRUE
KPWON,"KOREA, DEMOCRATIC PEOPLE'S REPUBLIC OF",WON,Wonsan,TRUE
KRBOR,"KOREA, REPUBLIC OF",BOR,Boryoung,TRUE
KRBUK,"KOREA, REPUBLIC OF",BUK,Bukpyong,TRUE
KRCHA,"KOREA, REPUBLIC OF",CHA,Jeju (ex Cheju),TRUE
KRCHF,"KOREA, REPUBLIC OF",CHF,Jinhae (ex Chinhae),TRUE
KRCHG,"KOREA, REPUBLIC OF",CHG,Changhang,TRUE
KRDBL,"KOREA, REPUBLIC OF",DBL,Daebul,TRUE
KRHSN,"KOREA, REPUBLIC OF",HSN,Hwasun,TRUE
KRICH,"KOREA, REPUBLIC OF",ICH,"Incheon, South Korea",TRUE
KRINC,"KOREA, REPUBLIC OF",INC,Inchon,TRUE
KRKAN,"KOREA, REPUBLIC OF",KAN,"Gwangyand, Korea",TRUE
KRKCN,"KOREA, REPUBLIC OF",KCN,Kamchun,TRUE
KRKHN,"KOREA, REPUBLIC OF",KHN,Kohyon,TRUE
KRKJE,"KOREA, REPUBLIC OF",KJE,Koje,TRUE
KRKOJ,"KOREA, REPUBLIC OF",KOJ,Kojong,TRUE
KRKPO,"KOREA, REPUBLIC OF",KPO,Pohang,TRUE
KRKUV,"KOREA, REPUBLIC OF",KUV,Gunsan (ex Kunsan),TRUE
KRMAS,"KOREA, REPUBLIC OF",MAS,Masan,TRUE
KRMIP,"KOREA, REPUBLIC OF",MIP,Mipo,TRUE
KRMOK,"KOREA, REPUBLIC OF",MOK,Mokpo,TRUE
KRMUK,"KOREA, REPUBLIC OF",MUK,Mukho,TRUE
KROKK,"KOREA, REPUBLIC OF",OKK,Okkye,TRUE
KROKP,"KOREA, REPUBLIC OF",OKP,Okpo,TRUE
KRONS,"KOREA, REPUBLIC OF",ONS,Onsan,TRUE
KRPTK,"KOREA, REPUBLIC OF",PTK,Pyongtaek,TRUE
KRPUS,"KOREA, REPUBLIC OF",PUS,"Busan, South Korea",TRUE
KRSCP,"KOREA, REPUBLIC OF",SCP,Samchonpo,TRUE
KRSHG,"KOREA, REPUBLIC OF",SHG,Shinhang,TRUE
KRSHO,"KOREA, REPUBLIC OF",SHO,Sokcho,TRUE
KRSPO,"KOREA, REPUBLIC OF",SPO,Sogwipo,TRUE
KRSSP,"KOREA, REPUBLIC OF",SSP,Seongsan-po,TRUE
KRSUK,"KOREA, REPUBLIC OF",SUK,Samcheok (ex Samchok),TRUE
KRSUO,"KOREA, REPUBLIC OF",SUO,Suwon,TRUE
KRTAN,"KOREA, REPUBLIC OF",TAN,Taean,TRUE
KRTGH,"KOREA, REPUBLIC OF",TGH,Tonghae,TRUE
KRTJI,"KOREA, REPUBLIC OF",TJI,Tangjin,TRUE
KRTSN,"KOREA, REPUBLIC OF",TSN,Taesan,TRUE
KRTYG,"KOREA, REPUBLIC OF",TYG,Tongyoung,TRUE
KRUSN,"KOREA, REPUBLIC OF",USN,Ulsan,TRUE
KRWND,"KOREA, REPUBLIC OF",WND,Wando,TRUE
KRWSN,"KOREA, REPUBLIC OF",WSN,Wonsan,TRUE
KRYOC,"KOREA, REPUBLIC OF",YOC,Yochon,TRUE
KRYOS,"KOREA, REPUBLIC OF",YOS,Yeosu (ex Yosu),TRUE
KWJAH,KUWAIT,JAH,Jahran,TRUE
KWJBD,KUWAIT,JBD,Jebel Dhana,TRUE
KWKWI,KUWAIT,KWI,"Kuwait, Kuwait",TRUE
KWKWM,KUWAIT,KWM,Khor al Mufatta,TRUE
KWMAM,KUWAIT,MAM,Mina Alo Manti,TRUE
KWMEA,KUWAIT,MEA,Mina' al Ahmadi,TRUE
KWMIB,KUWAIT,MIB,Mina' 'Abd Allah,TRUE
KWMIS,KUWAIT,MIS,Mina Saud,TRUE
KWSAA,KUWAIT,SAA,Shuaiba,TRUE
KWSAF,KUWAIT,SAF,Safat,TRUE
KWSWK,KUWAIT,SWK,"Shuwaikh, Kuwait",TRUE
KYGEC,CAYMAN ISLANDS,GEC,"Georgetown, Grand Cayman",TRUE
KZAAU,KAZAKHSTAN,AAU,Aktau,TRUE
LBBEY,LEBANON,BEY,"Beirut, Lebanon",TRUE
LBCHK,LEBANON,CHK,Chekka,TRUE
LBJIE,LEBANON,JIE,Jieh,TRUE
LBKHA,LEBANON,KHA,Khalde,TRUE
LBKYE,LEBANON,KYE,Tripoli,TRUE
LBOUZ,LEBANON,OUZ,Ouzai,TRUE
LBRST,LEBANON,RST,Ras Selata,TRUE
LBSAY,LEBANON,SAY,Sayda,TRUE
LBSEL,LEBANON,SEL,Selaata,TRUE
LBSUR,LEBANON,SUR,Sur (Tyre),TRUE
LBZHR,LEBANON,ZHR,Zahrani Terminal,TRUE
LCCAS,SAINT LUCIA,CAS,"Castries, St Lucia",TRUE
LCCDS,SAINT LUCIA,CDS,Cul de Sac,TRUE
LCVIF,SAINT LUCIA,VIF,"Vieux Fort, St Lucia",TRUE
LKBRW,SRI LANKA,BRW,Beruwala,TRUE
LKBTC,SRI LANKA,BTC,Batticoloa,TRUE
LKCMB,SRI LANKA,CMB,"Colombo, Sri Lanka",TRUE
LKGAL,SRI LANKA,GAL,Galle,TRUE
LKHBA,SRI LANKA,HBA,Hambantota,TRUE
LKJAF,SRI LANKA,JAF,Jaffna,TRUE
LKJCT,SRI LANKA,JCT,Jaya Container Terminal,TRUE
LKKAL,SRI LANKA,KAL,Kalpitiya,TRUE
LKKAY,SRI LANKA,KAY,Kayts,TRUE
LKKNK,SRI LANKA,KNK,Kankesanturai,TRUE
LKMAN,SRI LANKA,MAN,Mannar,TRUE
LKMUL,SRI LANKA,MUL,Mulativu,TRUE
LKPPE,SRI LANKA,PPE,Point Pedro,TRUE
LKSGT,SRI LANKA,SGT,South Asia Gateway Terminal,TRUE
LKTAL,SRI LANKA,TAL,Talaimannar,TRUE
LKTRR,SRI LANKA,TRR,Trincomalee,TRUE
LKUCT,SRI LANKA,UCT,Unity Container Terminal,TRUE
LRCMT,LIBERIA,CMT,Cape Mount,TRUE
LRCPA,LIBERIA,CPA,Cape Palmas,TRUE
LRFIM,LIBERIA,FIM,Fimibo,TRUE
LRGBS,LIBERIA,GBS,Grand Bassa,TRUE
LRGRE,LIBERIA,GRE,Greenville,TRUE
LRHAR,LIBERIA,HAR,Harper,TRUE
LRHBL,LIBERIA,HBL,Harbel,TRUE
LRLOB,LIBERIA,LOB,Lower Buchanan,TRUE
LRMAR,LIBERIA,MAR,Marshall,TRUE
LRMLW,LIBERIA,MLW,Monrovia,TRUE
LRROX,LIBERIA,ROX,Robertsport,TRUE
LRRVC,LIBERIA,RVC,River Cess,TRUE
LRSAB,LIBERIA,SAB,Sarioe Bay,TRUE
LRSAZ,LIBERIA,SAZ,Sasstown,TRUE
LRSNI,LIBERIA,SNI,Sinoe,TRUE
LRTRT,LIBERIA,TRT,Trade Town,TRUE
LRUCN,LIBERIA,UCN,Buchanan,TRUE
LTBOT,LITHUANIA,BOT,Botinge,TRUE
LTKLJ,LITHUANIA,KLJ,"Klaipeda, Lithuania",TRUE
LTLIE,LITHUANIA,LIE,Liepaja,TRUE
LTPNA,LITHUANIA,PNA,Pelednagiai,TRUE
LUCOL,LUXEMBOURG,COL,Colmarberg,TRUE
LULUX,LUXEMBOURG,LUX,Luxembourg,TRUE
LUMOS,LUXEMBOURG,MOS,Mosingen,TRUE
LUROD,LUXEMBOURG,ROD,Rodange,TRUE
LUSKK,LUXEMBOURG,SKK,Steinfort,TRUE
LVAIN,LATVIA,AIN,Ainazi,TRUE
LVJPS,LATVIA,JPS,Jekabpils,TRUE
LVLPX,LATVIA,LPX,Liepaja,TRUE
LVRIX,LATVIA,RIX,"Riga, Lativa",TRUE
LVSAL,LATVIA,SAL,Salacgriva,TRUE
LVSKU,LATVIA,SKU,Skulte,TRUE
LVVNT,LATVIA,VNT,Ventspils,TRUE
LYABA,LIBYA,ABA,Al Bayda,TRUE
LYABK,LIBYA,ABK,Abu Kammash,TRUE
LYAPO,LIBYA,APO,Apollonia,TRUE
LYBAR,LIBYA,BAR,Bardiyah,TRUE
LYBEN,LIBYA,BEN,"Bin Gazi, Libya",TRUE
LYBOU,LIBYA,BOU,El Bouri,TRUE
LYBUA,LIBYA,BUA,Bu'ayrat al Hasun,TRUE
LYDNF,LIBYA,DNF,Darnah,TRUE
LYDRX,LIBYA,DRX,Darnah,TRUE
LYESI,LIBYA,ESI,As Sidr,TRUE
LYKHO,LIBYA,KHO,Khoms,TRUE
LYLMQ,LIBYA,LMQ,Marsa Brega,TRUE
LYMEH,LIBYA,MEH,Marsa El Hania,TRUE
LYMHR,LIBYA,MHR,Marsa el Hariga,TRUE
LYMRA,LIBYA,MRA,Misurata,TRUE
LYREH,LIBYA,REH,Ras el Hilal,TRUE
LYRLA,LIBYA,RLA,Ras Lanuf,TRUE
LYSOU,LIBYA,SOU,Soussah,TRUE
LYSRT,LIBYA,SRT,Sirte (Surt),TRUE
LYTAG,LIBYA,TAG,Tagiura,TRUE
LYTIP,LIBYA,TIP,"Tripoli, Lybia",TRUE
LYTOA,LIBYA,TOA,Toulmeitha,TRUE
LYTOB,LIBYA,TOB,Tobruk,TRUE
LYTUK,LIBYA,TUK,Tukrah,TRUE
LYZAW,LIBYA,ZAW,Az Zawiyah,TRUE
LYZLI,LIBYA,ZLI,Zliten,TRUE
LYZUA,LIBYA,ZUA,Zuara,TRUE
LYZUE,LIBYA,ZUE,Zueitina,TRUE
MAAGA,MOROCCO,AGA,Agadir,TRUE
MAAHU,MOROCCO,AHU,Al Hoceima,TRUE
MAASI,MOROCCO,ASI,Asilah,TRUE
MAAZE,MOROCCO,AZE,Azemmour,TRUE
MABRE,MOROCCO,BRE,Breich,TRUE
MACAS,MOROCCO,CAS,"Casablanca, Morocco",TRUE
MAELJ,MOROCCO,ELJ,El Jadida,TRUE
MAESS,MOROCCO,ESS,Essaouira,TRUE
MAEUN,MOROCCO,EUN,Laayoune (El Aaiun),TRUE
MALAR,MOROCCO,LAR,Larache,TRUE
MAMOH,MOROCCO,MOH,Mohammedia,TRUE
MANDR,MOROCCO,NDR,Nador,TRUE
MANNA,MOROCCO,NNA,Kenitra (ex Port Lyautey),TRUE
MANOU,MOROCCO,NOU,Nouasseur,TRUE
MAPTM,MOROCCO,PTM,TANGER MED,TRUE
MARBA,MOROCCO,RBA,Rabat,TRUE
MASAL,MOROCCO,SAL,Sale,TRUE
MASET,MOROCCO,SET,Settat,TRUE
MASFI,MOROCCO,SFI,Safi,TRUE
MASII,MOROCCO,SII,Sidi Ifni,TRUE
MATNG,MOROCCO,TNG,Tangier,TRUE
MATTU,MOROCCO,TTU,Tetouan,TRUE
MAVIL,MOROCCO,VIL,Dakhla,TRUE
MCMCM,MONACO,MCM,Monte-Carlo,TRUE
MCMON,MONACO,MON,Monaco,TRUE
MGADK,MADAGASCAR,ADK,Androka,TRUE
MGANM,MADAGASCAR,ANM,Antalaha,TRUE
MGBIK,MADAGASCAR,BIK,Brickaville,TRUE
MGBMD,MADAGASCAR,BMD,Belo,TRUE
MGBPY,MADAGASCAR,BPY,Besalampy,TRUE
MGBRR,MADAGASCAR,BRR,Barren Islands,TRUE
MGDIE,MADAGASCAR,DIE,Antsiranana,TRUE
MGDWB,MADAGASCAR,DWB,Soalala,TRUE
MGFTU,MADAGASCAR,FTU,Fort Dauphin (Toalagnaro),TRUE
MGHLV,MADAGASCAR,HLV,Hell-Ville,TRUE
MGMJN,MADAGASCAR,MJN,Majunga (Mahajanga),TRUE
MGMNJ,MADAGASCAR,MNJ,Mananjary,TRUE
MGMOB,MADAGASCAR,MOB,Manombo,TRUE
MGMOQ,MADAGASCAR,MOQ,Morondava,TRUE
MGMXM,MADAGASCAR,MXM,Morombe,TRUE
MGMXT,MADAGASCAR,MXT,Maintirano,TRUE
MGNOS,MADAGASCAR,NOS,Nosy-Be,TRUE
MGNOV,MADAGASCAR,NOV,Nosy-Varika,TRUE
MGPSL,MADAGASCAR,PSL,Port Saint Louis,TRUE
MGRVA,MADAGASCAR,RVA,Farafangana,TRUE
MGSVB,MADAGASCAR,SVB,Sambava,TRUE
MGTLE,MADAGASCAR,TLE,Tulear (Toliara),TRUE
MGTMM,MADAGASCAR,TMM,Tamatave (Toamasina),TRUE
MGTOA,MADAGASCAR,TOA,Toamasina,TRUE
MGVAT,MADAGASCAR,VAT,Vatomandry,TRUE
MGVEH,MADAGASCAR,VEH,Vehiperro,TRUE
MGVVB,MADAGASCAR,VVB,Mahanoro,TRUE
MGWMN,MADAGASCAR,WMN,Maroantsetra,TRUE
MGWMR,MADAGASCAR,WMR,Mananara,TRUE
MGWVK,MADAGASCAR,WVK,Manakara,TRUE
MHTAR,MARSHALL ISLANDS (THE),TAR,Taroa,TRUE
MMAKY,MYANMAR,AKY,Akyab (Sittwe),TRUE
MMBIL,MYANMAR,BIL,Bilin,TRUE
MMBOG,MYANMAR,BOG,Bogale,TRUE
MMBSX,MYANMAR,BSX,Bassein,TRUE
MMHEB,MYANMAR,HEB,Henzada,TRUE
MMINS,MYANMAR,INS,Insein,TRUE
MMKYA,MYANMAR,KYA,Kyaiklat,TRUE
MMKYP,MYANMAR,KYP,Kyaukpyu,TRUE
MMMAR,MYANMAR,MAR,Martaban,TRUE
MMMER,MYANMAR,MER,Mergui,TRUE
MMMNU,MYANMAR,MNU,Mawlamyine (Moulmein),TRUE
MMMUR,MYANMAR,MUR,Murdon,TRUE
MMMXE,MYANMAR,MXE,Male,TRUE
MMPEG,MYANMAR,PEG,Pegu,TRUE
MMRGN,MYANMAR,RGN,Yangon,TRUE
MMSNW,MYANMAR,SNW,Thandwe (ex Sandoway),TRUE
MMTAS,MYANMAR,TAS,Tah Sala,TRUE
MMTAV,MYANMAR,TAV,Tavoy,TRUE
MMTEN,MYANMAR,TEN,Tanintharyi,TRUE
MMTER,MYANMAR,TER,Terutao Island,TRUE
MMTHA,MYANMAR,THA,Thaton,TRUE
MMVIC,MYANMAR,VIC,Victoria Point,TRUE
MMXYE,MYANMAR,XYE,Ye,TRUE
MOMFM,MACAO,MFM,Macau,TRUE
MPSPN,NORTHERN MARIANA ISLANDS (THE),SPN,Saipan,TRUE
MQFDF,MARTINIQUE,FDF,"Forte De France, Martnique",TRUE
MQSPI,MARTINIQUE,SPI,St Pierre,TRUE
MRNDB,MAURITANIA,NDB,Nouadhibou,TRUE
MRNKC,MAURITANIA,NKC,Nouakchott,TRUE
MRPCE,MAURITANIA,PCE,Point Central,TRUE
MSPLY,MONTSERRAT,PLY,"Plymouth, Monsterrat",TRUE
MTDIS,MALTA,DIS,Malta Freeport Distripark,TRUE
MTFLO,MALTA,FLO,Floriana,TRUE
MTLUQ,MALTA,LUQ,Luqa,TRUE
MTMAR,MALTA,MAR,"Marsalokk, Malta",TRUE
MTMLA,MALTA,MLA,"Malta(Valetta), Malta",TRUE
MTMSX,MALTA,MSX,Marsamxett,TRUE
MUCUR,MAURITIUS,CUR,Curepipe,TRUE
MUPLU,MAURITIUS,PLU,"Port Louis, Maurituis",TRUE
MVKEL,MALDIVES,KEL,Kelai,TRUE
MXACA,MEXICO,ACA,Acapulco,TRUE
MXAOB,MEXICO,AOB,Alvaro Obregon,TRUE
MXAPR,MEXICO,APR,Agua Prieta,TRUE
MXARZ,MEXICO,ARZ,Arizpe,TRUE
MXATM,MEXICO,ATM,"Altamira, Mexico",TRUE
MXAVD,MEXICO,AVD,Alvarado,TRUE
MXCAT,MEXICO,CAT,Cayo Arcas Terminal,TRUE
MXCDD,MEXICO,CDD,Ciudad Madero,TRUE
MXCED,MEXICO,CED,Cedros,TRUE
MXCME,MEXICO,CME,Ciudad del Carmen,TRUE
MXCOA,MEXICO,COA,Coatzacoalcos,TRUE
MXCPE,MEXICO,CPE,Campeche,TRUE
MXCTL,MEXICO,CTL,Cuautla,TRUE
MXCTM,MEXICO,CTM,Chetumal,TRUE
MXCZM,MEXICO,CZM,Cozumel,TRUE
MXDBT,MEXICO,DBT,Dos Bocas Terminal,TRUE
MXDHD,MEXICO,DHD,Dolores Hidalgo,TRUE
MXELD,MEXICO,ELD,Eldorado,TRUE
MXEPM,MEXICO,EPM,Empalme,TRUE
MXESE,MEXICO,ESE,"Ensenada, Mexico",TRUE
MXFRN,MEXICO,FRN,Frontera,TRUE
MXGET,MEXICO,GET,General Teran,TRUE
MXGSV,MEXICO,GSV,Guasave,TRUE
MXGYM,MEXICO,GYM,Guaymas,TRUE
MXISJ,MEXICO,ISJ,Isla Mujeres,TRUE
MXLAP,MEXICO,LAP,La Paz,TRUE
MXLZC,MEXICO,LZC,"Lazara Cardenas, Mexico",TRUE
MXMID,MEXICO,MID,Merida,TRUE
MXMRE,MEXICO,MRE,Morro Redondo,TRUE
MXMTT,MEXICO,MTT,Minatitlan,TRUE
MXMZT,MEXICO,MZT,"Mazatlan, Mexico",TRUE
MXNAN,MEXICO,NAN,Nanchital,TRUE
MXNAU,MEXICO,NAU,Nautla,TRUE
MXPAJ,MEXICO,PAJ,Pajaritos,TRUE
MXPAN,MEXICO,PAN,Pantaco,TRUE
MXPGO,MEXICO,PGO,"Progresso, Mexico",TRUE
MXPIB,MEXICO,PIB,Port Isabel,TRUE
MXPIC,MEXICO,PIC,Pichilingue,TRUE
MXPMD,MEXICO,PMD,Puerto Madero,TRUE
MXPMS,MEXICO,PMS,Puerto Morelos,TRUE
MXPMX,MEXICO,PMX,Puerto Mexico,TRUE
MXPNG,MEXICO,PNG,Puerto Angel,TRUE
MXPPE,MEXICO,PPE,Puerto Penasco,TRUE
MXPVN,MEXICO,PVN,Punta Venado,TRUE
MXPVR,MEXICO,PVR,Puerto Vallarta,TRUE
MXRST,MEXICO,RST,Rosarito Terminal,TRUE
MXSBS,MEXICO,SBS,San Blas,TRUE
MXSCR,MEXICO,SCR,San Carlos,TRUE
MXSCX,MEXICO,SCX,Salina Cruz,TRUE
MXSJC,MEXICO,SJC,San Juan de la Costa,TRUE
MXSLO,MEXICO,SLO,San Lorenzo,TRUE
MXSMI,MEXICO,SMI,Isla San Marcos,TRUE
MXSRL,MEXICO,SRL,Santa Rosalia,TRUE
MXSTT,MEXICO,STT,Santa Teresa,TRUE
MXTAM,MEXICO,TAM,"Tampico, Mexico",TRUE
MXTCU,MEXICO,TCU,Tecuala,TRUE
MXTEN,MEXICO,TEN,Tenabo,TRUE
MXTIJ,MEXICO,TIJ,Tijuana,TRUE
MXTPB,MEXICO,TPB,Topolobampo,TRUE
MXTUX,MEXICO,TUX,Tuxpan,TRUE
MXTXH,MEXICO,TXH,Telixtlahuaca,TRUE
MXVER,MEXICO,VER,"Vera Cruz, Mexico",TRUE
MXXIH,MEXICO,XIH,Zihuatanejo,TRUE
MXYUK,MEXICO,YUK,Yukalpeten,TRUE
MXZCA,MEXICO,ZCA,Cadereyta Jimenez,TRUE
MXZIP,MEXICO,ZIP,Ixtapaluca,TRUE
MXZLO,MEXICO,ZLO,"Mazanillo, Mexico",TRUE
MYBAG,MALAYSIA,BAG,Bagan Datok,TRUE
MYBAT,MALAYSIA,BAT,Batu Pahat,TRUE
MYBAU,MALAYSIA,BAU,"Bau, Sarawak",TRUE
MYBBA,MALAYSIA,BBA,"Batu Batu, Sabah",TRUE
MYBDV,MALAYSIA,BDV,"Bandau, Sabah",TRUE
MYBEL,MALAYSIA,BEL,"Beluran, Sabah",TRUE
MYBGG,MALAYSIA,BGG,"Bunan Gega, Sarawak",TRUE
MYBGU,MALAYSIA,BGU,Bangau,TRUE
MYBIA,MALAYSIA,BIA,"Biawak, Sarawak",TRUE
MYBKI,MALAYSIA,BKI,"Kota Kinabalu, Sabah",TRUE
MYBKP,MALAYSIA,BKP,Bakapit,TRUE
MYBLG,MALAYSIA,BLG,"Belaga, Sarawak",TRUE
MYBLI,MALAYSIA,BLI,"Batu Lintang, Sarawak",TRUE
MYBMA,MALAYSIA,BMA,Bandar Maharani,TRUE
MYBNG,MALAYSIA,BNG,"Binatang, Sarawak",TRUE
MYBNT,MALAYSIA,BNT,"Benut, Johor",TRUE
MYBSE,MALAYSIA,BSE,"Sematan, Sarawak",TRUE
MYBST,MALAYSIA,BST,Kuala Besut,TRUE
MYBTG,MALAYSIA,BTG,"Betong, Sarawak",TRUE
MYBTN,MALAYSIA,BTN,Bintangor,TRUE
MYBTU,MALAYSIA,BTU,"Bintulu, Sarawak",TRUE
MYBWH,MALAYSIA,BWH,Bagan Luar (Butterworth),TRUE
MYDDW,MALAYSIA,DDW,Danjindawai,TRUE
MYDGN,MALAYSIA,DGN,Dungun (Kuala Dungun),TRUE
MYDRO,MALAYSIA,DRO,"Daro, Sarawak",TRUE
MYEND,MALAYSIA,END,Endau,TRUE
MYHUM,MALAYSIA,HUM,Hutan Melintang,TRUE
MYJAM,MALAYSIA,JAM,"Jambongan, Sabah",TRUE
MYJHB,MALAYSIA,JHB,Johor Bahru,TRUE
MYKAB,MALAYSIA,KAB,"Kabong, Sarawak",TRUE
MYKBA,MALAYSIA,KBA,Kuala Baram,TRUE
MYKBD,MALAYSIA,KBD,"Kota Belud, Sabah",TRUE
MYKBE,MALAYSIA,KBE,"Kuala Belud, Sabah",TRUE
MYKBR,MALAYSIA,KBR,Kota Bharu,TRUE
MYKBS,MALAYSIA,KBS,Kuala Besar,TRUE
MYKCH,MALAYSIA,KCH,"Kuching, Sarawak",TRUE
MYKEM,MALAYSIA,KEM,Kemaman,TRUE
MYKES,MALAYSIA,KES,Kejit,TRUE
MYKET,MALAYSIA,KET,Kertih,TRUE
MYKIJ,MALAYSIA,KIJ,Kijal,TRUE
MYKIM,MALAYSIA,KIM,"Kimanis, Sabah",TRUE
MYKKH,MALAYSIA,KKH,Kuala Kedah,TRUE
MYKKP,MALAYSIA,KKP,Kukup,TRUE
MYKPS,MALAYSIA,KPS,Kuala Perlis,TRUE
MYKPU,MALAYSIA,KPU,"Kuala Penyu, Sabah",TRUE
MYKRE,MALAYSIA,KRE,Krety,TRUE
MYKSD,MALAYSIA,KSD,Kuala Sedili,TRUE
MYKSG,MALAYSIA,KSG,"Kuala Segama, Sabah",TRUE
MYKSL,MALAYSIA,KSL,Kuala Selangor,TRUE
MYKTI,MALAYSIA,KTI,Kota Tinggi,TRUE
MYKUA,MALAYSIA,KUA,Kuantan (Tanjong Gelang),TRUE
MYKUD,MALAYSIA,KUD,"Kudat, Sabah",TRUE
MYKUG,MALAYSIA,KUG,Kuala Gula,TRUE
MYKUN,MALAYSIA,KUN,"Kunak, Sabah",TRUE
MYLBH,MALAYSIA,LBH,Labuan Haji,TRUE
MYLBU,MALAYSIA,LBU,"Labuan, Malaysia",TRUE
MYLDU,MALAYSIA,LDU,"Lahad Datu, Sabah",TRUE
MYLGG,MALAYSIA,LGG,"Lingga, Sarawak",TRUE
MYLGK,MALAYSIA,LGK,Langkawi,TRUE
MYLMN,MALAYSIA,LMN,"Limbang, Sarawak",TRUE
MYLUM,MALAYSIA,LUM,Lumut,TRUE
MYLUN,MALAYSIA,LUN,"Lundu, Sarawak",TRUE
MYLUT,MALAYSIA,LUT,"Lutong, Sarawak",TRUE
MYLWY,MALAYSIA,LWY,"Lawas, Sarawak",TRUE
MYMAN,MALAYSIA,MAN,Manjung,TRUE
MYMEM,MALAYSIA,MEM,"Mempakul, Sabah",TRUE
MYMEN,MALAYSIA,MEN,Nenasi,TRUE
MYMEP,MALAYSIA,MEP,Mersing,TRUE
MYMKM,MALAYSIA,MKM,"Mukah, Sarawak",TRUE
MYMKZ,MALAYSIA,MKZ,Malacca,TRUE
MYMUA,MALAYSIA,MUA,Muar,TRUE
MYMUR,MALAYSIA,MUR,"Marudi, Sarawak",TRUE
MYMYY,MALAYSIA,MYY,"Miri, Sarawak",TRUE
MYPAL,MALAYSIA,PAL,"Paloh, Sarawak",TRUE
MYPAN,MALAYSIA,PAN,Panchang,TRUE
MYPAS,MALAYSIA,PAS,Pasir Gogok,TRUE
MYPBA,MALAYSIA,PBA,"Pulau Batik, Sabah",TRUE
MYPBK,MALAYSIA,PBK,Pelabuhan Kelang,TRUE
MYPDI,MALAYSIA,PDI,Port Dickson,TRUE
MYPED,MALAYSIA,PED,Pedena,TRUE
MYPGG,MALAYSIA,PGG,Pengerang,TRUE
MYPHI,MALAYSIA,PHI,Pasir Hitam,TRUE
MYPKG,MALAYSIA,PKG,"Port Kelang, Malaysia",TRUE
MYPKK,MALAYSIA,PKK,Pengkalan Kubor,TRUE
MYPMT,MALAYSIA,PMT,Penara Marine Terminal,TRUE
MYPOW,MALAYSIA,POW,Pontian,TRUE
MYPPI,MALAYSIA,PPI,Pulau Pisang,TRUE
MYPRA,MALAYSIA,PRA,Prai,TRUE
MYPRN,MALAYSIA,PRN,Kuala Rompin,TRUE
MYPTB,MALAYSIA,PTB,"Pulau Tambisan, Sabah",TRUE
MYPUN,MALAYSIA,PUN,"Punang, Sarawak",TRUE
MYREJ,MALAYSIA,REJ,"Rejang, Sarawak",TRUE
MYSAM,MALAYSIA,SAM,Samu,TRUE
MYSAR,MALAYSIA,SAR,Sarikei,TRUE
MYSBT,MALAYSIA,SBT,Sabahat,TRUE
MYSBW,MALAYSIA,SBW,"Sibu , Sarawak, Malaysia",TRUE
MYSDK,MALAYSIA,SDK,"Sandakan, Sabah",TRUE
MYSDM,MALAYSIA,SDM,Sindumin,TRUE
MYSDR,MALAYSIA,SDR,"Sundar, Sarawak",TRUE
MYSEJ,MALAYSIA,SEJ,"Sejingkat, Sarawak",TRUE
MYSEL,MALAYSIA,SEL,"Selalang, Sarawak",TRUE
MYSEP,MALAYSIA,SEP,"Sepang, Selangor",TRUE
MYSGM,MALAYSIA,SGM,Segamat,TRUE
MYSHA,MALAYSIA,SHA,Shah Alam,TRUE
MYSIJ,MALAYSIA,SIJ,Sijingkat,TRUE
MYSIL,MALAYSIA,SIL,Silay,TRUE
MYSIR,MALAYSIA,SIR,Siran,TRUE
MYSME,MALAYSIA,SME,Sri Medan,TRUE
MYSMG,MALAYSIA,SMG,"Simanggang, Sarawak",TRUE
MYSMJ,MALAYSIA,SMJ,"Simunjan, Sarawak",TRUE
MYSMM,MALAYSIA,SMM,"Semporna, Sabah",TRUE
MYSPG,MALAYSIA,SPG,"Simpangan, Sabah",TRUE
MYSPT,MALAYSIA,SPT,"Sipitang, Sabah",TRUE
MYSRE,MALAYSIA,SRE,Sungai Rengit,TRUE
MYSRK,MALAYSIA,SRK,"Sirikin, Sarawak",TRUE
MYSUW,MALAYSIA,SUW,Sungai Way,TRUE
MYTAI,MALAYSIA,TAI,Tampoi,TRUE
MYTAN,MALAYSIA,TAN,Telok Anson,TRUE
MYTAS,MALAYSIA,TAS,Telok Intan,TRUE
MYTAT,MALAYSIA,TAT,Tapis Terminal,TRUE
MYTBA,MALAYSIA,TBA,Tanjong Baran,TRUE
MYTBE,MALAYSIA,TBE,Tanjong Berhala,TRUE
MYTBI,MALAYSIA,TBI,Tanjong Bin,TRUE
MYTDA,MALAYSIA,TDA,Tanjong Dawai,TRUE
MYTEN,MALAYSIA,TEN,"Tengku, Sabah",TRUE
MYTGE,MALAYSIA,TGE,Tanjung Gelang,TRUE
MYTGG,MALAYSIA,TGG,Kuala Terengganu,TRUE
MYTKI,MALAYSIA,TKI,Tanjong Kidurong,TRUE
MYTKL,MALAYSIA,TKL,Tanjong Kling,TRUE
MYTKP,MALAYSIA,TKP,Kampong Tanjong Kupang,TRUE
MYTMB,MALAYSIA,TMB,Tumbum,TRUE
MYTMG,MALAYSIA,TMG,Tomanggong,TRUE
MYTMI,MALAYSIA,TMI,"Tanjong Mani, Sarawak",TRUE
MYTOD,MALAYSIA,TOD,Tioman,TRUE
MYTPP,MALAYSIA,TPP,"Tanjung Pelepas, Malaysia",TRUE
MYTRM,MALAYSIA,TRM,Telok Ramunia,TRUE
MYTSR,MALAYSIA,TSR,Tanjong Surat,TRUE
MYTTE,MALAYSIA,TTE,Tandjung Tengelili,TRUE
MYTUM,MALAYSIA,TUM,Tumpat,TRUE
MYTUN,MALAYSIA,TUN,Tungku,TRUE
MYTWU,MALAYSIA,TWU,"Tawau, Sabah",TRUE
MYWAL,MALAYSIA,WAL,"Wallace Bay, Sabah",TRUE
MYWES,MALAYSIA,WES,"Weston, Sabah",TRUE
MZANO,MOZAMBIQUE,ANO,Angoche,TRUE
MZBEL,MOZAMBIQUE,BEL,Bela Vista,TRUE
MZBEW,MOZAMBIQUE,BEW,Beira,TRUE
MZIBO,MOZAMBIQUE,IBO,Ibo,TRUE
MZINE,MOZAMBIQUE,INE,Chinde,TRUE
MZINH,MOZAMBIQUE,INH,Inhambane,TRUE
MZMAT,MOZAMBIQUE,MAT,Matola,TRUE
MZMCU,MOZAMBIQUE,MCU,Macuse,TRUE
MZMEM,MOZAMBIQUE,MEM,Memba,TRUE
MZMMW,MOZAMBIQUE,MMW,Moma,TRUE
MZMNC,MOZAMBIQUE,MNC,Nacala,TRUE
MZMOR,MOZAMBIQUE,MOR,Morrumbene,TRUE
MZMPM,MOZAMBIQUE,MPM,Maputo,TRUE
MZMSG,MOZAMBIQUE,MSG,Massinga,TRUE
MZMZB,MOZAMBIQUE,MZB,Mocimboa da Praia,TRUE
MZMZQ,MOZAMBIQUE,MZQ,Mocambique,TRUE
MZNSO,MOZAMBIQUE,NSO,Nova Sofala,TRUE
MZPBE,MOZAMBIQUE,PBE,Porto Belo,TRUE
MZPEB,MOZAMBIQUE,PEB,Pebane,TRUE
MZPOL,MOZAMBIQUE,POL,Pemba,TRUE
MZUEL,MOZAMBIQUE,UEL,Quelimane,TRUE
NALUD,NAMIBIA,LUD,Luderitz,TRUE
NAWVB,NAMIBIA,WVB,"Walvis Bay, Namibia",TRUE
NCBUG,NEW CALEDONIA,BUG,Baie Ugue,TRUE
NCDUS,NEW CALEDONIA,DUS,Ducos,TRUE
NCKOU,NEW CALEDONIA,KOU,Kouaoua,TRUE
NCNAK,NEW CALEDONIA,NAK,Nakety,TRUE
NCNEP,NEW CALEDONIA,NEP,Nepoui,TRUE
NCNOU,NEW CALEDONIA,NOU,"Noumea, New Caledonia",TRUE
NCPNY,NEW CALEDONIA,PNY,Prony,TRUE
NCPOR,NEW CALEDONIA,POR,Poro,TRUE
NCTHI,NEW CALEDONIA,THI,Thio,TRUE
NCTON,NEW CALEDONIA,TON,Tontouta,TRUE
NGABO,NIGERIA,ABO,Abonnema,TRUE
NGADO,NIGERIA,ADO,Ado,TRUE
NGANT,NIGERIA,ANT,Anta,TRUE
NGAPP,NIGERIA,APP,"Apapa, Nigeria",TRUE
NGBAD,NIGERIA,BAD,Badagri,TRUE
NGBKA,NIGERIA,BKA,Bakana,TRUE
NGBON,NIGERIA,BON,Bonny,TRUE
NGBRA,NIGERIA,BRA,Brass,TRUE
NGBUR,NIGERIA,BUR,Burutu,TRUE
NGCBQ,NIGERIA,CBQ,Calabar,TRUE
NGDEN,NIGERIA,DEN,Denema,TRUE
NGEKE,NIGERIA,EKE,Eket,TRUE
NGESC,NIGERIA,ESC,Escravos,TRUE
NGFOR,NIGERIA,FOR,Forcados,TRUE
NGGRP,NIGERIA,GRP,Greek Port,TRUE
NGKOK,NIGERIA,KOK,Koko,TRUE
NGKUL,NIGERIA,KUL,Kula,TRUE
NGLOS,NIGERIA,LOS,"Lagos, Nigeria",TRUE
NGOBO,NIGERIA,OBO,Que Oboe Terminal/Eket,TRUE
NGOKR,NIGERIA,OKR,Okrika,TRUE
NGONN,NIGERIA,ONN,Onne,TRUE
NGORO,NIGERIA,ORO,Oron,TRUE
NGPEN,NIGERIA,PEN,Pennington,TRUE
NGPHC,NIGERIA,PHC,Port Harcourt,TRUE
NGQIB,NIGERIA,QIB,Qua Iboe,TRUE
NGRDR,NIGERIA,RDR,Rio Del Rey,TRUE
NGSPL,NIGERIA,SPL,Sapele,TRUE
NGTIK,NIGERIA,TIK,Tiko,TRUE
NGTIN,NIGERIA,TIN,"Tincan/Lagos, Nigeria",TRUE
NGWAR,NIGERIA,WAR,Warri,TRUE
NIBEF,NICARAGUA,BEF,Bluefields,TRUE
NICIO,NICARAGUA,CIO,"Corinto, Nicaragua",TRUE
NIELB,NICARAGUA,ELB,El Bluff,TRUE
NIPIB,NICARAGUA,PIB,Puerto Isabel,TRUE
NIPRI,NICARAGUA,PRI,Prinzapolca,TRUE
NIPSN,NICARAGUA,PSN,Puerto Sandino,TRUE
NIPUZ,NICARAGUA,PUZ,Puerto Cabezas,TRUE
NIRAM,NICARAGUA,RAM,Rama,TRUE
NISJS,NICARAGUA,SJS,"San Juan Del Sur, Nicaragua",TRUE
NLAAM,NETHERLANDS,AAM,Aalsmeer,TRUE
NLABL,NETHERLANDS,ABL,Alblasserdam,TRUE
NLAHO,NETHERLANDS,AHO,Achthoven,TRUE
NLAKL,NETHERLANDS,AKL,Akersloot,TRUE
NLAMB,NETHERLANDS,AMB,Aalsmeerderbrug,TRUE
NLAML,NETHERLANDS,AML,Ameland,TRUE
NLAMS,NETHERLANDS,AMS,"Amsterdam, Netherlands",TRUE
NLBAN,NETHERLANDS,BAN,Bant,TRUE
NLBDA,NETHERLANDS,BDA,Birdaard,TRUE
NLBDR,NETHERLANDS,BDR,Bilderdam,TRUE
NLBEG,NETHERLANDS,BEG,Bergen,TRUE
NLBEV,NETHERLANDS,BEV,Beverwijk,TRUE
NLBGE,NETHERLANDS,BGE,Baambrugge,TRUE
NLBGI,NETHERLANDS,BGI,Bergerheide,TRUE
NLBGO,NETHERLANDS,BGO,Barsingerhorn,TRUE
NLBGW,NETHERLANDS,BGW,Borgsweer,TRUE
NLBHM,NETHERLANDS,BHM,Bartlehiem,TRUE
NLBIT,NETHERLANDS,BIT,Biest,TRUE
NLBLU,NETHERLANDS,BLU,Berlicum,TRUE
NLBNE,NETHERLANDS,BNE,Bunde,TRUE
NLBNH,NETHERLANDS,BNH,Boarnsterhim,TRUE
NLBNM,NETHERLANDS,BNM,Binnenmaas,TRUE
NLBNU,NETHERLANDS,BNU,Buggenum,TRUE
NLBNZ,NETHERLANDS,BNZ,Biddinghuizen,TRUE
NLBOR,NETHERLANDS,BOR,Borssele,TRUE
NLBOT,NETHERLANDS,BOT,Botlek,TRUE
NLBRO,NETHERLANDS,BRO,Brouwershaven,TRUE
NLBRS,NETHERLANDS,BRS,Breskens,TRUE
NLBSH,NETHERLANDS,BSH,Bosscherheide,TRUE
NLBTA,NETHERLANDS,BTA,Bourtange,TRUE
NLBTS,NETHERLANDS,BTS,Beets,TRUE
NLBUD,NETHERLANDS,BUD,Budel,TRUE
NLBVG,NETHERLANDS,BVG,Burgervlotbrug,TRUE
NLBVI,NETHERLANDS,BVI,Bovensmilde,TRUE
NLBWE,NETHERLANDS,BWE,Burgwerd,TRUE
NLBWW,NETHERLANDS,BWW,Boornzwaag over de Wielen,TRUE
NLBZW,NETHERLANDS,BZW,Boornzwaag,TRUE
NLCPI,NETHERLANDS,CPI,Capelle aan den IJssel,TRUE
NLCRI,NETHERLANDS,CRI,Creil,TRUE
NLDEV,NETHERLANDS,DEV,Deventer,TRUE
NLDHE,NETHERLANDS,DHE,De Heen,TRUE
NLDHK,NETHERLANDS,DHK,De Haukes,TRUE
NLDHO,NETHERLANDS,DHO,Den Hool,TRUE
NLDHR,NETHERLANDS,DHR,Den Helder,TRUE
NLDKO,NETHERLANDS,DKO,De Kooy,TRUE
NLDMK,NETHERLANDS,DMK,Demmerik,TRUE
NLDOK,NETHERLANDS,DOK,Dokkum,TRUE
NLDOR,NETHERLANDS,DOR,Dordrecht,TRUE
NLDRL,NETHERLANDS,DRL,Driel,TRUE
NLDRP,NETHERLANDS,DRP,De Rijp,TRUE
NLDSI,NETHERLANDS,DSI,Doodstil,TRUE
NLDSM,NETHERLANDS,DSM,Driesum,TRUE
NLDSO,NETHERLANDS,DSO,De Strook,TRUE
NLDST,NETHERLANDS,DST,Deest,TRUE
NLDUG,NETHERLANDS,DUG,Dukenburg,TRUE
NLDVB,NETHERLANDS,DVB,Dieverbrug,TRUE
NLDVT,NETHERLANDS,DVT,Duivendrecht,TRUE
NLDZL,NETHERLANDS,DZL,Delfzijl,TRUE
NLECD,NETHERLANDS,ECD,Echteld,TRUE
NLEEM,NETHERLANDS,EEM,Eemshaven,TRUE
NLEFE,NETHERLANDS,EFE,Eefde,TRUE
NLEHU,NETHERLANDS,EHU,Echtenerbrug,TRUE
NLELX,NETHERLANDS,ELX,Ell,TRUE
NLEPL,NETHERLANDS,EPL,Empel,TRUE
NLERA,NETHERLANDS,ERA,Erica,TRUE
NLEUR,NETHERLANDS,EUR,Europoort,TRUE
NLEWK,NETHERLANDS,EWK,Ewijk,TRUE
NLEWO,NETHERLANDS,EWO,Eernewoude,TRUE
NLEXZ,NETHERLANDS,EXZ,Exmorrazijl,TRUE
NLFJA,NETHERLANDS,FJA,Fonejacht,TRUE
NLFKP,NETHERLANDS,FKP,Fraamklap,TRUE
NLGBG,NETHERLANDS,GBG,Gramsbergen,TRUE
NLGDO,NETHERLANDS,GDO,Groot Dochteren,TRUE
NLGDR,NETHERLANDS,GDR,Goedereede,TRUE
NLGHO,NETHERLANDS,GHO,Giethoorn,TRUE
NLGKN,NETHERLANDS,GKN,Gaarkeuken,TRUE
NLGLL,NETHERLANDS,GLL,Geulle,TRUE
NLGRA,NETHERLANDS,GRA,'s-Gravendeel,TRUE
NLGRQ,NETHERLANDS,GRQ,Groningen,TRUE
NLGRW,NETHERLANDS,GRW,Groeneweg,TRUE
NLGRZ,NETHERLANDS,GRZ,'s-Gravenzande,TRUE
NLGWD,NETHERLANDS,GWD,Groenewoud,TRUE
NLGWO,NETHERLANDS,GWO,Garmerwolde,TRUE
NLGWU,NETHERLANDS,GWU,Geeuwenbrug,TRUE
NLHAN,NETHERLANDS,HAN,Hansweert,TRUE
NLHAR,NETHERLANDS,HAR,Harlingen,TRUE
NLHBK,NETHERLANDS,HBK,Haaldersbroek,TRUE
NLHGL,NETHERLANDS,HGL,Hengelo,TRUE
NLHGM,NETHERLANDS,HGM,Hoogmade,TRUE
NLHKM,NETHERLANDS,HKM,Hijkersmilde,TRUE
NLHKO,NETHERLANDS,HKO,Hekendorp,TRUE
NLHLR,NETHERLANDS,HLR,Haarlemmerliede,TRUE
NLHME,NETHERLANDS,HME,Holtheme,TRUE
NLHMI,NETHERLANDS,HMI,Hoogersmilde,TRUE
NLHOT,NETHERLANDS,HOT,Holt,TRUE
NLHPE,NETHERLANDS,HPE,Hempens,TRUE
NLHPT,NETHERLANDS,HPT,Hoptille,TRUE
NLHRE,NETHERLANDS,HRE,Haren,TRUE
NLHSL,NETHERLANDS,HSL,Hellevoetsluis,TRUE
NLHSO,NETHERLANDS,HSO,Holsloot,TRUE
NLHST,NETHERLANDS,HST,Haghorst,TRUE
NLHSW,NETHERLANDS,HSW,Heeswijk,TRUE
NLHTB,NETHERLANDS,HTB,'s-Hertogenbosch,TRUE
NLHTM,NETHERLANDS,HTM,Hattem,TRUE
NLHTN,NETHERLANDS,HTN,Hontenisse,TRUE
NLHUM,NETHERLANDS,HUM,Heumen,TRUE
NLHUN,NETHERLANDS,HUN,Hunsel,TRUE
NLHVE,NETHERLANDS,HVE,Havelte,TRUE
NLHVH,NETHERLANDS,HVH,Hoek van Holland,TRUE
NLHVK,NETHERLANDS,HVK,Hilvarenbeek,TRUE
NLIJM,NETHERLANDS,IJM,IJmuiden,TRUE
NLILO,NETHERLANDS,ILO,Illikhoven,TRUE
NLITR,NETHERLANDS,ITR,Itteren,TRUE
NLKHO,NETHERLANDS,KHO,Kuikhorne,TRUE
NLKHR,NETHERLANDS,KHR,Kolhorn,TRUE
NLKHV,NETHERLANDS,KHV,Ketelhaven,TRUE
NLKKO,NETHERLANDS,KKO,Kakeshoek,TRUE
NLKLM,NETHERLANDS,KLM,Kollum,TRUE
NLKLU,NETHERLANDS,KLU,Klundert,TRUE
NLKLV,NETHERLANDS,KLV,Kloosterveen,TRUE
NLKLZ,NETHERLANDS,KLZ,Klazienaveen,TRUE
NLKMS,NETHERLANDS,KMS,Krammersluizen,TRUE
NLKPE,NETHERLANDS,KPE,Kelpen,TRUE
NLKRE,NETHERLANDS,KRE,Kreil,TRUE
NLKRI,NETHERLANDS,KRI,'t Kruis,TRUE
NLKTN,NETHERLANDS,KTN,Kantens,TRUE
NLKTV,NETHERLANDS,KTV,Katerveer,TRUE
NLKWR,NETHERLANDS,KWR,Katwijk aan den Rijn,TRUE
NLKZV,NETHERLANDS,KZV,Keizersveer,TRUE
NLLAN,NETHERLANDS,LAN,Lauwersoog,TRUE
NLLEM,NETHERLANDS,LEM,Lemsterland,TRUE
NLLEO,NETHERLANDS,LEO,Leons,TRUE
NLLES,NETHERLANDS,LES,Leens,TRUE
NLLGB,NETHERLANDS,LGB,Landgoed Baest,TRUE
NLLGD,NETHERLANDS,LGD,Lageland,TRUE
NLLGI,NETHERLANDS,LGI,Langelille,TRUE
NLLIE,NETHERLANDS,LIE,Lienden,TRUE
NLLIT,NETHERLANDS,LIT,Lith,TRUE
NLLKN,NETHERLANDS,LKN,'t Leuken,TRUE
NLLME,NETHERLANDS,LME,Limmel,TRUE
NLLNO,NETHERLANDS,LNO,Loenersloot,TRUE
NLLRU,NETHERLANDS,LRU,Leimuiderbrug,TRUE
NLLTS,NETHERLANDS,LTS,Laatste Stuiver,TRUE
NLLWE,NETHERLANDS,LWE,Lalleweer,TRUE
NLLWO,NETHERLANDS,LWO,Lippenwoude,TRUE
NLLWR,NETHERLANDS,LWR,Leeuwarden,TRUE
NLLZA,NETHERLANDS,LZA,Lage Zwaluwe,TRUE
NLMDG,NETHERLANDS,MDG,Muiderberg,TRUE
NLMDT,NETHERLANDS,MDT,Mildert,TRUE
NLMDU,NETHERLANDS,MDU,Middelstum,TRUE
NLMEP,NETHERLANDS,MEP,Meppel,TRUE
NLMEW,NETHERLANDS,MEW,Meerlo-Wansum,TRUE
NLMHU,NETHERLANDS,MHU,Maarhuizen,TRUE
NLMID,NETHERLANDS,MID,Middelburg,TRUE
NLMIE,NETHERLANDS,MIE,Mierlo,TRUE
NLMJA,NETHERLANDS,MJA,Mandjeswaard,TRUE
NLMKE,NETHERLANDS,MKE,Munnekeburen,TRUE
NLMKN,NETHERLANDS,MKN,Marken,TRUE
NLMLA,NETHERLANDS,MLA,Middelaar,TRUE
NLMLR,NETHERLANDS,MLR,Millingen aan de Rijn,TRUE
NLMOE,NETHERLANDS,MOE,Moerdijk,TRUE
NLMOK,NETHERLANDS,MOK,Mook,TRUE
NLMSB,NETHERLANDS,MSB,Maasbracht,TRUE
NLMSL,NETHERLANDS,MSL,Maassluis,TRUE
NLMST,NETHERLANDS,MST,Maastricht,TRUE
NLMSW,NETHERLANDS,MSW,Mensingeweer,TRUE
NLMUD,NETHERLANDS,MUD,Muiden,TRUE
NLNAM,NETHERLANDS,NAM,Nieuw-Amsterdam,TRUE
NLNBG,NETHERLANDS,NBG,Nieuwerbrug,TRUE
NLNBU,NETHERLANDS,NBU,Nieuwe Brug,TRUE
NLNDL,NETHERLANDS,NDL,Noordwijk aan Zee,TRUE
NLNEC,NETHERLANDS,NEC,Neck,TRUE
NLNES,NETHERLANDS,NES,Nes,TRUE
NLNIH,NETHERLANDS,NIH,Nieuwenhagen,TRUE
NLNIU,NETHERLANDS,NIU,Nieuwdorp,TRUE
NLNSA,NETHERLANDS,NSA,Nes aan de Amstel,TRUE
NLNSD,NETHERLANDS,NSD,Nieuw-Scheemda,TRUE
NLNSU,NETHERLANDS,NSU,Nessersluis,TRUE
NLNSZ,NETHERLANDS,NSZ,Nieuwe Statenzijl,TRUE
NLNWO,NETHERLANDS,NWO,Nieuwolda,TRUE
NLNZJ,NETHERLANDS,NZJ,Nijezijl,TRUE
NLODR,NETHERLANDS,ODR,Ouderkerk aan de Amstel,TRUE
NLOGN,NETHERLANDS,OGN,Oud Gein,TRUE
NLOGP,NETHERLANDS,OGP,Ooltgensplaat,TRUE
NLOHM,NETHERLANDS,OHM,Oosthem,TRUE
NLOHW,NETHERLANDS,OHW,Oude Schouw,TRUE
NLOHZ,NETHERLANDS,OHZ,Oosthuizen,TRUE
NLOLS,NETHERLANDS,OLS,Oosterlittens,TRUE
NLOME,NETHERLANDS,OME,Oostermeer,TRUE
NLOOS,NETHERLANDS,OOS,Oosterhout,TRUE
NLORJ,NETHERLANDS,ORJ,Oudenrijn,TRUE
NLORL,NETHERLANDS,ORL,Oterleek,TRUE
NLOSG,NETHERLANDS,OSG,Oud-Sabbinge,TRUE
NLOSK,NETHERLANDS,OSK,Overschild,TRUE
NLOSS,NETHERLANDS,OSS,Oss,TRUE
NLOZL,NETHERLANDS,OZL,Ossenzijl,TRUE
NLOZU,NETHERLANDS,OZU,Oud-Zuilen,TRUE
NLPER,NETHERLANDS,PER,Pernis,TRUE
NLPZI,NETHERLANDS,PZI,Pieterzijl,TRUE
NLRBO,NETHERLANDS,RBO,Robbenoord,TRUE
NLRED,NETHERLANDS,RED,Ried,TRUE
NLREW,NETHERLANDS,REW,Reimerswaal,TRUE
NLRIJ,NETHERLANDS,RIJ,Rijs,TRUE
NLRLA,NETHERLANDS,RLA,Rilland,TRUE
NLROZ,NETHERLANDS,ROZ,Rozenburg,TRUE
NLRPL,NETHERLANDS,RPL,Ramspol,TRUE
NLRST,NETHERLANDS,RST,Roosteren,TRUE
NLRTG,NETHERLANDS,RTG,Rustenburg,TRUE
NLRTM,NETHERLANDS,RTM,"Rotterdam, Netherlands",TRUE
NLRUT,NETHERLANDS,RUT,Rutten,TRUE
NLSAR,NETHERLANDS,SAR,St Andries,TRUE
NLSBS,NETHERLANDS,SBS,Sijbrandahuis,TRUE
NLSBU,NETHERLANDS,SBU,Schagerbrug,TRUE
NLSCA,NETHERLANDS,SCA,Sprang,TRUE
NLSCE,NETHERLANDS,SCE,Scheveningen,TRUE
NLSCI,NETHERLANDS,SCI,Schiedam,TRUE
NLSDB,NETHERLANDS,SDB,Standdaarbuiten,TRUE
NLSDM,NETHERLANDS,SDM,Stadsdam,TRUE
NLSDW,NETHERLANDS,SDW,Schildwolde,TRUE
NLSHO,NETHERLANDS,SHO,Schermerhorn,TRUE
NLSKG,NETHERLANDS,SKG,Slijkenburg,TRUE
NLSKL,NETHERLANDS,SKL,Stieltjeskanaal,TRUE
NLSKM,NETHERLANDS,SKM,Slikkendam,TRUE
NLSKW,NETHERLANDS,SKW,Schalkwijk,TRUE
NLSLO,NETHERLANDS,SLO,Slochteren,TRUE
NLSLT,NETHERLANDS,SLT,Sloten,TRUE
NLSMI,NETHERLANDS,SMI,Smilde,TRUE
NLSML,NETHERLANDS,SML,Smallingerland,TRUE
NLSMV,NETHERLANDS,SMV,Sint Maartensvlotbrug,TRUE
NLSMZ,NETHERLANDS,SMZ,Scheemderzwaag,TRUE
NLSON,NETHERLANDS,SON,Son,TRUE
NLSOP,NETHERLANDS,SOP,Stolpen,TRUE
NLSPI,NETHERLANDS,SPI,Spijkenisse,TRUE
NLSPV,NETHERLANDS,SPV,Stolpervlotbrug,TRUE
NLSTO,NETHERLANDS,STO,'t Stort,TRUE
NLSVG,NETHERLANDS,SVG,Sas van Gent,TRUE
NLSWL,NETHERLANDS,SWL,Schouwerzijl,TRUE
NLSZL,NETHERLANDS,SZL,Schoterzijl,TRUE
NLTEX,NETHERLANDS,TEX,Texel,TRUE
NLTHO,NETHERLANDS,THO,Tholen,TRUE
NLTKM,NETHERLANDS,TKM,Tolkamer,TRUE
NLTKW,NETHERLANDS,TKW,Tjerkwerd,TRUE
NLTNZ,NETHERLANDS,TNZ,Terneuzen,TRUE
NLTOK,NETHERLANDS,TOK,Tollebeek,TRUE
NLTOR,NETHERLANDS,TOR,Torontostraat,TRUE
NLTRO,NETHERLANDS,TRO,Terhorne,TRUE
NLTWA,NETHERLANDS,TWA,'t Waar,TRUE
NLUFE,NETHERLANDS,UFE,Uffelte,TRUE
NLULR,NETHERLANDS,ULR,Ulrum,TRUE
NLUMO,NETHERLANDS,UMO,Urmond,TRUE
NLUTG,NETHERLANDS,UTG,Uitgeest,TRUE
NLUTR,NETHERLANDS,UTR,Uitermeer,TRUE
NLVAR,NETHERLANDS,VAR,Varsen,TRUE
NLVDN,NETHERLANDS,VDN,Vredenduin,TRUE
NLVEL,NETHERLANDS,VEL,Velsen,TRUE
NLVGB,NETHERLANDS,VGB,Voetangelbrug,TRUE
NLVIE,NETHERLANDS,VIE,Vierlingsbeek,TRUE
NLVKS,NETHERLANDS,VKS,Valkenisse,TRUE
NLVLA,NETHERLANDS,VLA,Vlaardingen,TRUE
NLVLI,NETHERLANDS,VLI,Vlissingen,TRUE
NLVLL,NETHERLANDS,VLL,Vlieland,TRUE
NLVNO,NETHERLANDS,VNO,Veenoord,TRUE
NLVRA,NETHERLANDS,VRA,Vrouwenakker,TRUE
NLVRN,NETHERLANDS,VRN,Vuren,TRUE
NLVSN,NETHERLANDS,VSN,Velsen-Noord,TRUE
NLWAA,NETHERLANDS,WAA,Waalre,TRUE
NLWAL,NETHERLANDS,WAL,Waalhaven,TRUE
NLWEL,NETHERLANDS,WEL,Well,TRUE
NLWEU,NETHERLANDS,WEU,Weurt,TRUE
NLWGD,NETHERLANDS,WGD,West-Graftdijk,TRUE
NLWGR,NETHERLANDS,WGR,Wieringermeer,TRUE
NLWHD,NETHERLANDS,WHD,Wilhelminadorp,TRUE
NLWHO,NETHERLANDS,WHO,Wehe-den Hoorn,TRUE
NLWHU,NETHERLANDS,WHU,Warfhuizen,TRUE
NLWKD,NETHERLANDS,WKD,Werkendam,TRUE
NLWKG,NETHERLANDS,WKG,Wolsumerketting,TRUE
NLWKS,NETHERLANDS,WKS,Weakens,TRUE
NLWKU,NETHERLANDS,WKU,Workum,TRUE
NLWNS,NETHERLANDS,WNS,Winsum,TRUE
NLWRG,NETHERLANDS,WRG,Wieringen,TRUE
NLWRP,NETHERLANDS,WRP,Welsrijp,TRUE
NLWSO,NETHERLANDS,WSO,Walsoorden,TRUE
NLWTE,NETHERLANDS,WTE,West-Terschelling,TRUE
NLWTN,NETHERLANDS,WTN,Warten,TRUE
NLWTZ,NETHERLANDS,WTZ,Westzaan,TRUE
NLZAA,NETHERLANDS,ZAA,Zaandam,TRUE
NLZBO,NETHERLANDS,ZBO,Zuidbroek,TRUE
NLZDL,NETHERLANDS,ZDL,Zuidlaren,TRUE
NLZEI,NETHERLANDS,ZEI,Zuideinde,TRUE
NLZHO,NETHERLANDS,ZHO,Zwaanshoek,TRUE
NLZIE,NETHERLANDS,ZIE,Zierikzee,TRUE
NLZPO,NETHERLANDS,ZPO,Zandpol,TRUE
NLZPS,NETHERLANDS,ZPS,Zijpersluis,TRUE
NLZWI,NETHERLANDS,ZWI,Zwijndrecht,TRUE
NLZWN,NETHERLANDS,ZWN,Zwinderen,TRUE
NLZWS,NETHERLANDS,ZWS,Zwartsluis,TRUE
NOAAF,NORWAY,AAF,Afjord,TRUE
NOAAN,NORWAY,AAN,Ardal,TRUE
NOAAV,NORWAY,AAV,Alvik,TRUE
NOABN,NORWAY,ABN,Aarebakken,TRUE
NOADN,NORWAY,ADN,Andenes,TRUE
NOADY,NORWAY,ADY,Andoy,TRUE
NOAES,NORWAY,AES,Alesund,TRUE
NOAFT,NORWAY,AFT,Agnefest,TRUE
NOAGD,NORWAY,AGD,Agdenes,TRUE
NOAGO,NORWAY,AGO,Agotnes,TRUE
NOAHM,NORWAY,AHM,Aaheim,TRUE
NOAKM,NORWAY,AKM,Aakrehamn,TRUE
NOALF,NORWAY,ALF,Alta,TRUE
NOALN,NORWAY,ALN,Alnabru,TRUE
NOALS,NORWAY,ALS,Alstahaug,TRUE
NOAND,NORWAY,AND,Andalsnes,TRUE
NOARD,NORWAY,ARD,Ardalstangen,TRUE
NOARE,NORWAY,ARE,Arendal,TRUE
NOASH,NORWAY,ASH,Austrheim,TRUE
NOASL,NORWAY,ASL,Askvoll,TRUE
NOASV,NORWAY,ASV,Austevoll,TRUE
NOASY,NORWAY,ASY,Askoy,TRUE
NOAUE,NORWAY,AUE,Aure,TRUE
NOAUK,NORWAY,AUK,Aukra,TRUE
NOAUL,NORWAY,AUL,Aurland,TRUE
NOAUR,NORWAY,AUR,Aurskog,TRUE
NOAVA,NORWAY,AVA,Avaldsnes,TRUE
NOAVE,NORWAY,AVE,Averoy,TRUE
NOBAF,NORWAY,BAF,Balsfjord,TRUE
NOBAM,NORWAY,BAM,Bamble,TRUE
NOBAR,NORWAY,BAR,Barum,TRUE
NOBEJ,NORWAY,BEJ,Beiarn,TRUE
NOBER,NORWAY,BER,Berg,TRUE
NOBGO,NORWAY,BGO,Bergen,TRUE
NOBGS,NORWAY,BGS,Borgestad,TRUE
NOBHL,NORWAY,BHL,Balholm,TRUE
NOBIN,NORWAY,BIN,Bindal,TRUE
NOBIS,NORWAY,BIS,Bismo,TRUE
NOBJF,NORWAY,BJF,Batsfjord,TRUE
NOBJU,NORWAY,BJU,Bjugn,TRUE
NOBJX,NORWAY,BJX,Bjorkas,TRUE
NOBJY,NORWAY,BJY,Bjarkoy,TRUE
NOBKD,NORWAY,BKD,Brakstad,TRUE
NOBKS,NORWAY,BKS,Brekstad,TRUE
NOBKV,NORWAY,BKV,Bjerkvik,TRUE
NOBLL,NORWAY,BLL,Ballangen,TRUE
NOBLS,NORWAY,BLS,Balestrand,TRUE
NOBNN,NORWAY,BNN,Bronnoysund,TRUE
NOBOG,NORWAY,BOG,Bogen,TRUE
NOBOK,NORWAY,BOK,Bokn,TRUE
NOBOM,NORWAY,BOM,Bomlo,TRUE
NOBOO,NORWAY,BOO,Bodo,TRUE
NOBOR,NORWAY,BOR,Borgenhaugen,TRUE
NOBOS,NORWAY,BOS,Borkenes,TRUE
NOBOX,NORWAY,BOX,Bo,TRUE
NOBRA,NORWAY,BRA,Bryggja,TRUE
NOBRE,NORWAY,BRE,Bremanger,TRUE
NOBRG,NORWAY,BRG,Borg,TRUE
NOBRO,NORWAY,BRO,Bronnoy,TRUE
NOBRR,NORWAY,BRR,Borre,TRUE
NOBRV,NORWAY,BRV,Brattvag,TRUE
NOBSD,NORWAY,BSD,Ballstad,TRUE
NOBSU,NORWAY,BSU,Bangsund,TRUE
NOBUV,NORWAY,BUV,Buvika,TRUE
NOBVG,NORWAY,BVG,Berlevag,TRUE
NOBVK,NORWAY,BVK,Brevik,TRUE
NODIM,NORWAY,DIM,Dimmelsvik,TRUE
NODIR,NORWAY,DIR,Dirdal,TRUE
NODIS,NORWAY,DIS,Disena,TRUE
NODON,NORWAY,DON,Donna,TRUE
NODRG,NORWAY,DRG,Drag,TRUE
NODRK,NORWAY,DRK,Drobak,TRUE
NODRM,NORWAY,DRM,Drammen,TRUE
NODUS,NORWAY,DUS,Dusavik,TRUE
NODYY,NORWAY,DYY,Dyroy,TRUE
NOEBN,NORWAY,EBN,Elvebakken,TRUE
NOEDE,NORWAY,EDE,Eide,TRUE
NOEDF,NORWAY,EDF,Eidfjord,TRUE
NOEGD,NORWAY,EGD,Eigersund,TRUE
NOEID,NORWAY,EID,Eid,TRUE
NOEIL,NORWAY,EIL,Eidslandet,TRUE
NOEKF,NORWAY,EKF,Eikefet,TRUE
NOELN,NORWAY,ELN,Elnesvagen,TRUE
NOESP,NORWAY,ESP,Espevik,TRUE
NOETN,NORWAY,ETN,Etne,TRUE
NOEYD,NORWAY,EYD,Eydehavn,TRUE
NOFAN,NORWAY,FAN,Farsund,TRUE
NOFAU,NORWAY,FAU,Fauske,TRUE
NOFAX,NORWAY,FAX,Fagerstrand,TRUE
NOFDE,NORWAY,FDE,Forde,TRUE
NOFED,NORWAY,FED,Fedje,TRUE
NOFFD,NORWAY,FFD,Flekkefjord,TRUE
NOFIS,NORWAY,FIS,Fiska,TRUE
NOFIT,NORWAY,FIT,Fitjar,TRUE
NOFJA,NORWAY,FJA,Fjaler,TRUE
NOFJE,NORWAY,FJE,Fjell,TRUE
NOFJL,NORWAY,FJL,Fjelldal,TRUE
NOFKS,NORWAY,FKS,Flakstad,TRUE
NOFLA,NORWAY,FLA,Flam,TRUE
NOFLT,NORWAY,FLT,Flatanger,TRUE
NOFND,NORWAY,FND,Finneid,TRUE
NOFNE,NORWAY,FNE,Finnsnes,TRUE
NOFNT,NORWAY,FNT,Fiskeneset,TRUE
NOFNY,NORWAY,FNY,Finnoy,TRUE
NOFOL,NORWAY,FOL,Foldafoss,TRUE
NOFOR,NORWAY,FOR,Forsand,TRUE
NOFOS,NORWAY,FOS,Fosnavag,TRUE
NOFRA,NORWAY,FRA,Froya,TRUE
NOFRE,NORWAY,FRE,Fraena,TRUE
NOFRJ,NORWAY,FRJ,Frei,TRUE
NOFRK,NORWAY,FRK,"Fredrikstad, Norway",TRUE
NOFRN,NORWAY,FRN,Frogn,TRUE
NOFRO,NORWAY,FRO,Floro,TRUE
NOFRS,NORWAY,FRS,Forus,TRUE
NOFRT,NORWAY,FRT,Frosta,TRUE
NOFSD,NORWAY,FSD,Fjellstrand,TRUE
NOFSN,NORWAY,FSN,Fosnes,TRUE
NOFUS,NORWAY,FUS,Fusa,TRUE
NOGAM,NORWAY,GAM,Gamvik,TRUE
NOGAU,NORWAY,GAU,Gaular,TRUE
NOGBD,NORWAY,GBD,Gibostad,TRUE
NOGIL,NORWAY,GIL,Gildeskal,TRUE
NOGIS,NORWAY,GIS,Giske,TRUE
NOGJM,NORWAY,GJM,Gjemnes,TRUE
NOGJS,NORWAY,GJS,Gjesdal,TRUE
NOGLO,NORWAY,GLO,Glomfjord,TRUE
NOGLP,NORWAY,GLP,Gloppen,TRUE
NOGNE,NORWAY,GNE,Garnes,TRUE
NOGNR,NORWAY,GNR,Geiranger,TRUE
NOGRD,NORWAY,GRD,Gravdal,TRUE
NOGRE,NORWAY,GRE,Greaker,TRUE
NOGRT,NORWAY,GRT,Gratangen,TRUE
NOGRV,NORWAY,GRV,Granvin,TRUE
NOGRY,NORWAY,GRY,Gryllefjord,TRUE
NOGTD,NORWAY,GTD,Grimstad,TRUE
NOGUD,NORWAY,GUD,Gudvangen,TRUE
NOGUL,NORWAY,GUL,Gulen,TRUE
NOHAA,NORWAY,HAA,Ha,TRUE
NOHAD,NORWAY,HAD,Hadsel,TRUE
NOHAG,NORWAY,HAG,Hagan,TRUE
NOHAL,NORWAY,HAL,Halden,TRUE
NOHAN,NORWAY,HAN,Halvorshavn,TRUE
NOHAR,NORWAY,HAR,Haram,TRUE
NOHAS,NORWAY,HAS,Haslum,TRUE
NOHAU,NORWAY,HAU,Haugesund,TRUE
NOHAV,NORWAY,HAV,Havoysund,TRUE
NOHDL,NORWAY,HDL,Heimdal,TRUE
NOHDV,NORWAY,HDV,Ervik,TRUE
NOHEL,NORWAY,HEL,Hellvik,TRUE
NOHEN,NORWAY,HEN,Henningsvar,TRUE
NOHER,NORWAY,HER,Hermansverk,TRUE
NOHES,NORWAY,HES,Hestvika,TRUE
NOHFL,NORWAY,HFL,Hammerfall,TRUE
NOHFT,NORWAY,HFT,Hammerfest,TRUE
NOHGV,NORWAY,HGV,Haugsvik,TRUE
NOHHF,NORWAY,HHF,Hafrsfjord,TRUE
NOHIT,NORWAY,HIT,Hitra,TRUE
NOHJL,NORWAY,HJL,Hjelmland,TRUE
NOHJO,NORWAY,HJO,Hjorungavag,TRUE
NOHLA,NORWAY,HLA,Holla,TRUE
NOHLM,NORWAY,HLM,Holmedal,TRUE
NOHLS,NORWAY,HLS,Halsa,TRUE
NOHLT,NORWAY,HLT,Hoylandet,TRUE
NOHME,NORWAY,HME,Hemne,TRUE
NOHMS,NORWAY,HMS,Hemnes,TRUE
NOHMY,NORWAY,HMY,Hamaroy,TRUE
NOHND,NORWAY,HND,Hornindal,TRUE
NOHNE,NORWAY,HNE,Hemnesberget,TRUE
NOHOK,NORWAY,HOK,Hommelvik,TRUE
NOHOL,NORWAY,HOL,Holmestrand,TRUE
NOHOR,NORWAY,HOR,Horten,TRUE
NOHRD,NORWAY,HRD,Harstad,TRUE
NOHRI,NORWAY,HRI,Hareid,TRUE
NOHRY,NORWAY,HRY,Heroya,TRUE
NOHSY,NORWAY,HSY,Hellesylt,TRUE
NOHUN,NORWAY,HUN,Hunndalen,TRUE
NOHUR,NORWAY,HUR,Hurum,TRUE
NOHUS,NORWAY,HUS,Husnes,TRUE
NOHVA,NORWAY,HVA,Hvaler,TRUE
NOHVG,NORWAY,HVG,Honningsvag,TRUE
NOHVI,NORWAY,HVI,Havik,TRUE
NOHVK,NORWAY,HVK,Hasvik,TRUE
NOHYL,NORWAY,HYL,Hyllestado,TRUE
NOHYR,NORWAY,HYR,Hoyanger,TRUE
NOIBE,NORWAY,IBE,Ibestad,TRUE
NOIKR,NORWAY,IKR,Ikornnes,TRUE
NOIND,NORWAY,IND,Inderoy,TRUE
NOJEL,NORWAY,JEL,Jelsa,TRUE
NOJLD,NORWAY,JLD,Jorpeland,TRUE
NOJON,NORWAY,JON,Jondal,TRUE
NOJSH,NORWAY,JSH,Jessheim,TRUE
NOJSS,NORWAY,JSS,Jossinghamn,TRUE
NOKAF,NORWAY,KAF,Kafjord,TRUE
NOKAL,NORWAY,KAL,Kvalneset,TRUE
NOKAR,NORWAY,KAR,Karsto,TRUE
NOKAS,NORWAY,KAS,Karmsund,TRUE
NOKAY,NORWAY,KAY,Karlsoy,TRUE
NOKIV,NORWAY,KIV,Kinsarvik,TRUE
NOKJF,NORWAY,KJF,Kjollefjord,TRUE
NOKJK,NORWAY,KJK,Kjopsvik,TRUE
NOKKN,NORWAY,KKN,Kirkenes,TRUE
NOKLE,NORWAY,KLE,Kleppesto,TRUE
NOKLP,NORWAY,KLP,Klepp,TRUE
NOKMO,NORWAY,KMO,Kambo,TRUE
NOKMS,NORWAY,KMS,Kjopmannskjar,TRUE
NOKMY,NORWAY,KMY,Karmoy,TRUE
NOKON,NORWAY,KON,Kollsnes,TRUE
NOKOP,NORWAY,KOP,Kopervik,TRUE
NOKPG,NORWAY,KPG,Kaupanger,TRUE
NOKRA,NORWAY,KRA,Kragero,TRUE
NOKRS,NORWAY,KRS,Kristiansand,TRUE
NOKRV,NORWAY,KRV,Knarrevik,TRUE
NOKRY,NORWAY,KRY,Kraakeroy,TRUE
NOKSD,NORWAY,KSD,Kilsund,TRUE
NOKSU,NORWAY,KSU,Kristiansund,TRUE
NOKSY,NORWAY,KSY,Kvitsoy,TRUE
NOKVA,NORWAY,KVA,Kalvaag,TRUE
NOKVB,NORWAY,KVB,Kvaleberg,TRUE
NOKVF,NORWAY,KVF,Kvafjord,TRUE
NOKVH,NORWAY,KVH,Kvinnherad,TRUE
NOKVM,NORWAY,KVM,Kvam,TRUE
NOKVN,NORWAY,KVN,Kvanangen,TRUE
NOKVS,NORWAY,KVS,Kvalsund,TRUE
NOKYR,NORWAY,KYR,Kyrksaterora,TRUE
NOLAD,NORWAY,LAD,Langesund,TRUE
NOLAR,NORWAY,LAR,Larvik,TRUE
NOLAV,NORWAY,LAV,Lavangen,TRUE
NOLDS,NORWAY,LDS,Lindesnes,TRUE
NOLEB,NORWAY,LEB,Lebesby,TRUE
NOLEF,NORWAY,LEF,Leirfjord,TRUE
NOLEK,NORWAY,LEK,Leikanger,TRUE
NOLEP,NORWAY,LEP,Leirpollen,TRUE
NOLER,NORWAY,LER,Lervik,TRUE
NOLEV,NORWAY,LEV,Levanger,TRUE
NOLIE,NORWAY,LIE,Lier,TRUE
NOLIL,NORWAY,LIL,Lillesand,TRUE
NOLIN,NORWAY,LIN,Lindas,TRUE
NOLKA,NORWAY,LKA,Leka,TRUE
NOLKN,NORWAY,LKN,Leknes,TRUE
NOLKV,NORWAY,LKV,Leksvik,TRUE
NOLNG,NORWAY,LNG,Lyngor,TRUE
NOLOD,NORWAY,LOD,Lodingen,TRUE
NOLOE,NORWAY,LOE,Loen,TRUE
NOLOP,NORWAY,LOP,Loppa,TRUE
NOLRD,NORWAY,LRD,Lardal,TRUE
NOLRI,NORWAY,LRI,Leirvik,TRUE
NOLRK,NORWAY,LRK,Larkollen,TRUE
NOLUR,NORWAY,LUR,Luroy,TRUE
NOLUS,NORWAY,LUS,Luster,TRUE
NOLYN,NORWAY,LYN,Lyngen,TRUE
NOLYS,NORWAY,LYS,Lysaker,TRUE
NOMAK,NORWAY,MAK,Malvik,TRUE
NOMAN,NORWAY,MAN,Mandal,TRUE
NOMAR,NORWAY,MAR,Marikoven,TRUE
NOMAV,NORWAY,MAV,Malselv,TRUE
NOMAY,NORWAY,MAY,Maloy,TRUE
NOMEH,NORWAY,MEH,Mehamn,TRUE
NOMEL,NORWAY,MEL,Melbu,TRUE
NOMEN,NORWAY,MEN,Menstad,TRUE
NOMEV,NORWAY,MEV,Melsomvik,TRUE
NOMEY,NORWAY,MEY,Meloy,TRUE
NOMID,NORWAY,MID,Midsund,TRUE
NOMIN,NORWAY,MIN,Minde,TRUE
NOMJF,NORWAY,MJF,Mosjoen,TRUE
NOMLD,NORWAY,MLD,Meland,TRUE
NOMLK,NORWAY,MLK,Melkoya,TRUE
NOMLM,NORWAY,MLM,Malm,TRUE
NOMLS,NORWAY,MLS,Melhus,TRUE
NOMOD,NORWAY,MOD,Modalen,TRUE
NOMOL,NORWAY,MOL,Molde,TRUE
NOMON,NORWAY,MON,Mongstad,TRUE
NOMQN,NORWAY,MQN,Mo i Rana,TRUE
NOMRV,NORWAY,MRV,Muruvik,TRUE
NOMSF,NORWAY,MSF,Masfjorden,TRUE
NOMSK,NORWAY,MSK,Moskenes,TRUE
NOMSS,NORWAY,MSS,Moss,TRUE
NOMSV,NORWAY,MSV,Mosvik,TRUE
NOMSY,NORWAY,MSY,Masoy,TRUE
NOMYO,NORWAY,MYO,Myre-Oksnes,TRUE
NONAE,NORWAY,NAE,Narbo,TRUE
NONAN,NORWAY,NAN,Nanset,TRUE
NONAU,NORWAY,NAU,Naustdal,TRUE
NONDE,NORWAY,NDE,Namdalseid,TRUE
NONEO,NORWAY,NEO,Nesodden,TRUE
NONFD,NORWAY,NFD,Nordfjordeid,TRUE
NONHS,NORWAY,NHS,Norheimsund,TRUE
NONKB,NORWAY,NKB,Nordkjosbotn,TRUE
NONOD,NORWAY,NOD,Norddal,TRUE
NONOK,NORWAY,NOK,Nordkapp,TRUE
NONOR,NORWAY,NOR,Nordreisa,TRUE
NONRY,NORWAY,NRY,Naroy,TRUE
NONSB,NORWAY,NSB,Nesseby,TRUE
NONSN,NORWAY,NSN,Nesna,TRUE
NONSS,NORWAY,NSS,Narsnes,TRUE
NONST,NORWAY,NST,Nesset,TRUE
NONTY,NORWAY,NTY,Notteroy,TRUE
NONVK,NORWAY,NVK,Narvik,TRUE
NONYG,NORWAY,NYG,Nygard,TRUE
NOOBG,NORWAY,OBG,Oseberg,TRUE
NOODD,NORWAY,ODD,Odda,TRUE
NOOKF,NORWAY,OKF,Oksfjord,TRUE
NOOKS,NORWAY,OKS,Oksnes,TRUE
NOOLA,NORWAY,OLA,Orland,TRUE
NOOLD,NORWAY,OLD,Olden,TRUE
NOOLN,NORWAY,OLN,Olen,TRUE
NOOOS,NORWAY,OOS,Os,TRUE
NOOPG,NORWAY,OPG,Oppegard,TRUE
NOORD,NORWAY,ORD,Orkdal,TRUE
NOORK,NORWAY,ORK,Orkanger,TRUE
NOORS,NORWAY,ORS,Orsta,TRUE
NOORV,NORWAY,ORV,Ortnevik,TRUE
NOOSA,NORWAY,OSA,Osa,TRUE
NOOSG,NORWAY,OSG,Orskog,TRUE
NOOSL,NORWAY,OSL,"Oslo, Norway",TRUE
NOOSN,NORWAY,OSN,Osen,TRUE
NOOST,NORWAY,OST,Osteroy,TRUE
NOOSY,NORWAY,OSY,Namsos,TRUE
NOOYE,NORWAY,OYE,Oye,TRUE
NOOYG,NORWAY,OYG,Oygarden,TRUE
NOPAR,NORWAY,PAR,Porsanger,TRUE
NOPOR,NORWAY,POR,Porsgrunn,TRUE
NORAD,NORWAY,RAD,Rade,TRUE
NORAF,NORWAY,RAF,Rafnes,TRUE
NORAM,NORWAY,RAM,Ramsund,TRUE
NORAU,NORWAY,RAU,Rauma,TRUE
NORAY,NORWAY,RAY,Radoy,TRUE
NORBV,NORWAY,RBV,Raubergvika,TRUE
NORDB,NORWAY,RDB,Randaberg,TRUE
NORDY,NORWAY,RDY,Rodoy,TRUE
NOREK,NORWAY,REK,Rekefjord,TRUE
NOREN,NORWAY,REN,Rennesoy,TRUE
NORET,NORWAY,RET,Rost,TRUE
NORIA,NORWAY,RIA,Rislokka,TRUE
NORIS,NORWAY,RIS,Risor,TRUE
NORMJ,NORWAY,RMJ,Ramfjordnes,TRUE
NORNA,NORWAY,RNA,Rana,TRUE
NORNS,NORWAY,RNS,Risnes,TRUE
NOROA,NORWAY,ROA,Roan,TRUE
NOROE,NORWAY,ROE,Royken,TRUE
NORSN,NORWAY,RSN,Raudsandnes,TRUE
NORVK,NORWAY,RVK,Rorvik,TRUE
NORVY,NORWAY,RVY,Rolvsoy,TRUE
NORYG,NORWAY,RYG,Rygge,TRUE
NOSAA,NORWAY,SAA,Skaland,TRUE
NOSAD,NORWAY,SAD,Sandefjord,TRUE
NOSAL,NORWAY,SAL,Salangen,TRUE
NOSAM,NORWAY,SAM,Samnanger,TRUE
NOSAN,NORWAY,SAN,Skaun,TRUE
NOSAS,NORWAY,SAS,Sandnes,TRUE
NOSAU,NORWAY,SAU,Sauda,TRUE
NOSAY,NORWAY,SAY,Sandsoy,TRUE
NOSBU,NORWAY,SBU,Salsbruket,TRUE
NOSDI,NORWAY,SDI,Sandvika,TRUE
NOSDL,NORWAY,SDL,Saltdal,TRUE
NOSDX,NORWAY,SDX,Sande,TRUE
NOSDZ,NORWAY,SDZ,Stordal,TRUE
NOSEI,NORWAY,SEI,Skanevik,TRUE
NOSGE,NORWAY,SGE,Slagen,TRUE
NOSGJ,NORWAY,SGJ,Straumsgjerde,TRUE
NOSGN,NORWAY,SGN,Sagene,TRUE
NOSIR,NORWAY,SIR,Siri,TRUE
NOSJA,NORWAY,SJA,Senja,TRUE
NOSJE,NORWAY,SJE,Selje,TRUE
NOSJO,NORWAY,SJO,Sjoholt,TRUE
NOSKA,NORWAY,SKA,Skarer,TRUE
NOSKB,NORWAY,SKB,Skibotn,TRUE
NOSKD,NORWAY,SKD,Skedsmokorset,TRUE
NOSKE,NORWAY,SKE,Skien,TRUE
NOSKJ,NORWAY,SKJ,Skjetten,TRUE
NOSKL,NORWAY,SKL,Skanland,TRUE
NOSKN,NORWAY,SKN,Stokmarknes,TRUE
NOSKO,NORWAY,SKO,Skodje,TRUE
NOSKU,NORWAY,SKU,Skudeneshavn,TRUE
NOSKX,NORWAY,SKX,Skogn,TRUE
NOSKY,NORWAY,SKY,Skjervoy,TRUE
NOSLD,NORWAY,SLD,Solund,TRUE
NOSLG,NORWAY,SLG,Slagentangen,TRUE
NOSLM,NORWAY,SLM,Slemmestad,TRUE
NOSLN,NORWAY,SLN,Skjolden,TRUE
NOSLX,NORWAY,SLX,Sortland,TRUE
NOSMN,NORWAY,SMN,Somna,TRUE
NOSMO,NORWAY,SMO,Smola,TRUE
NOSND,NORWAY,SND,Sund,TRUE
NOSNE,NORWAY,SNE,Sogne,TRUE
NOSNI,NORWAY,SNI,Snillfjord,TRUE
NOSOA,NORWAY,SOA,Soroya,TRUE
NOSOE,NORWAY,SOE,Sorumsand,TRUE
NOSOF,NORWAY,SOF,Sorfold,TRUE
NOSOG,NORWAY,SOG,Sogndal,TRUE
NOSOK,NORWAY,SOK,Sokndal,TRUE
NOSOV,NORWAY,SOV,Sovik,TRUE
NOSPG,NORWAY,SPG,Sarpsborg,TRUE
NOSPV,NORWAY,SPV,Spjelkavik,TRUE
NOSRA,NORWAY,SRA,Sorreisa,TRUE
NOSRN,NORWAY,SRN,Stranda,TRUE
NOSRP,NORWAY,SRP,Stord,TRUE
NOSRV,NORWAY,SRV,Sirevaag,TRUE
NOSRX,NORWAY,SRX,Sotra,TRUE
NOSSD,NORWAY,SSD,Steinsund,TRUE
NOSSJ,NORWAY,SSJ,Sandnessjoen,TRUE
NOSSN,NORWAY,SSN,Storsteinnes,TRUE
NOSST,NORWAY,SST,Skjerstad,TRUE
NOSTA,NORWAY,STA,Stathelle,TRUE
NOSTB,NORWAY,STB,Storabo,TRUE
NOSTD,NORWAY,STD,Strand,TRUE
NOSTE,NORWAY,STE,Steinkjar,TRUE
NOSTF,NORWAY,STF,Storfjord,TRUE
NOSTG,NORWAY,STG,Steigen,TRUE
NOSTH,NORWAY,STH,Steinshamn,TRUE
NOSTJ,NORWAY,STJ,Stjordal,TRUE
NOSTK,NORWAY,STK,Stokke,TRUE
NOSTL,NORWAY,STL,Steilene,TRUE
NOSTO,NORWAY,STO,Stokkvaagan,TRUE
NOSTR,NORWAY,STR,Stryn,TRUE
NOSTT,NORWAY,STT,Statfjord Terminal,TRUE
NOSTU,NORWAY,STU,Stura,TRUE
NOSTV,NORWAY,STV,Stavern,TRUE
NOSTY,NORWAY,STY,Stjernoya,TRUE
NOSUA,NORWAY,SUA,Sula,TRUE
NOSUL,NORWAY,SUL,Suldal,TRUE
NOSUN,NORWAY,SUN,Sunndalsora,TRUE
NOSUR,NORWAY,SUR,Surnadal,TRUE
NOSUZ,NORWAY,SUZ,Stamsund,TRUE
NOSVA,NORWAY,SVA,Sor-Varanger,TRUE
NOSVE,NORWAY,SVE,Svelgen,TRUE
NOSVG,NORWAY,SVG,"Stavenger, Norway",TRUE
NOSVJ,NORWAY,SVJ,Svolvar,TRUE
NOSVO,NORWAY,SVO,Sveio,TRUE
NOSVV,NORWAY,SVV,Svelvik,TRUE
NOSYK,NORWAY,SYK,Sykkylven,TRUE
NOTAA,NORWAY,TAA,Tana,TRUE
NOTAE,NORWAY,TAE,Tananger,TRUE
NOTAF,NORWAY,TAF,Tafjord,TRUE
NOTAU,NORWAY,TAU,Tau,TRUE
NOTBO,NORWAY,TBO,Tjeldbergodden,TRUE
NOTHA,NORWAY,THA,Thamshamn,TRUE
NOTIL,NORWAY,TIL,Tiller,TRUE
NOTIN,NORWAY,TIN,Tingvoll,TRUE
NOTJO,NORWAY,TJO,Tjome,TRUE
NOTJR,NORWAY,TJR,Tjorvag,TRUE
NOTJS,NORWAY,TJS,Tjeldsund,TRUE
NOTNS,NORWAY,TNS,Trones,TRUE
NOTOF,NORWAY,TOF,Tofte i Hurum,TRUE
NOTOM,NORWAY,TOM,Tomrefjord,TRUE
NOTON,NORWAY,TON,Tonsberg,TRUE
NOTOR,NORWAY,TOR,Torsken,TRUE
NOTOS,NORWAY,TOS,Tromso,TRUE
NOTOV,NORWAY,TOV,Tovik,TRUE
NOTRA,NORWAY,TRA,Trana,TRUE
NOTRD,NORWAY,TRD,Trondheim,TRUE
NOTRY,NORWAY,TRY,Tranoy,TRUE
NOTSX,NORWAY,TSX,Tyssedal,TRUE
NOTUN,NORWAY,TUN,Tunborg,TRUE
NOTUS,NORWAY,TUS,Tustna,TRUE
NOTVE,NORWAY,TVE,Tvedestrand,TRUE
NOTYF,NORWAY,TYF,Tysfjord,TRUE
NOTYN,NORWAY,TYN,Tysnes,TRUE
NOTYV,NORWAY,TYV,Tysvar,TRUE
NOULL,NORWAY,ULL,Ullensvang,TRUE
NOULS,NORWAY,ULS,Ulsteinvik,TRUE
NOULT,NORWAY,ULT,Ulset,TRUE
NOULV,NORWAY,ULV,Ulven,TRUE
NOUSD,NORWAY,USD,Uskedal,TRUE
NOUTS,NORWAY,UTS,Utsira,TRUE
NOUVG,NORWAY,UVG,Ulsvag,TRUE
NOUVK,NORWAY,UVK,Ulvik,TRUE
NOUVR,NORWAY,UVR,Utvar,TRUE
NOVAA,NORWAY,VAA,Vale,TRUE
NOVAB,NORWAY,VAB,Varangerbotn,TRUE
NOVAK,NORWAY,VAK,Vaksdal,TRUE
NOVAL,NORWAY,VAL,Valloy,TRUE
NOVAN,NORWAY,VAN,Vanvikan-Leksvik,TRUE
NOVAO,NORWAY,VAO,Vardo,TRUE
NOVAY,NORWAY,VAY,Vanylven,TRUE
NOVDA,NORWAY,VDA,Volda,TRUE
NOVDS,NORWAY,VDS,Vadso,TRUE
NOVEF,NORWAY,VEF,Vefsn,TRUE
NOVEG,NORWAY,VEG,Vega,TRUE
NOVER,NORWAY,VER,Verdal,TRUE
NOVEV,NORWAY,VEV,Vevelstad,TRUE
NOVEY,NORWAY,VEY,Varoy,TRUE
NOVGN,NORWAY,VGN,Vagan,TRUE
NOVGY,NORWAY,VGY,Vagsoy,TRUE
NOVHM,NORWAY,VHM,Vadheim,TRUE
NOVHN,NORWAY,VHN,Vikholmen,TRUE
NOVIF,NORWAY,VIF,Vindafjord,TRUE
NOVIS,NORWAY,VIS,Vik i Sogn,TRUE
NOVKN,NORWAY,VKN,Vikna,TRUE
NOVLL,NORWAY,VLL,Voll,TRUE
NOVRE,NORWAY,VRE,Vrengen,TRUE
NOVRR,NORWAY,VRR,Verran,TRUE
NOVST,NORWAY,VST,Vestnes,TRUE
NOVSY,NORWAY,VSY,Vestby,TRUE
NOVVY,NORWAY,VVY,Vestvagoy,TRUE
NPDHG,NEPAL,DHG,Dhaulagiri,TRUE
NRINU,NAURU,INU,Nauru Island,TRUE
NUALO,NIUE,ALO,Alofi,TRUE
NUIUE,NIUE,IUE,Niue Island,TRUE
NZAKA,NEW ZEALAND,AKA,Akaroa,TRUE
NZAKL,NEW ZEALAND,AKL,"Auckland, New Zealand",TRUE
NZASG,NEW ZEALAND,ASG,Ashburton,TRUE
NZBHE,NEW ZEALAND,BHE,Blenheim,TRUE
NZBLU,NEW ZEALAND,BLU,Bluff,TRUE
NZCHC,NEW ZEALAND,CHC,"Christchurch, New Zealand",TRUE
NZCHE,NEW ZEALAND,CHE,Cheviot,TRUE
NZDAN,NEW ZEALAND,DAN,Dannevirke,TRUE
NZDEV,NEW ZEALAND,DEV,Devonport,TRUE
NZDGO,NEW ZEALAND,DGO,Doubtful Sound,TRUE
NZDGR,NEW ZEALAND,DGR,Dargaville,TRUE
NZDPC,NEW ZEALAND,DPC,Deep Cove,TRUE
NZDUD,NEW ZEALAND,DUD,Dunedin,TRUE
NZDUS,NEW ZEALAND,DUS,Dusky Sound,TRUE
NZFOR,NEW ZEALAND,FOR,Fortrose,TRUE
NZFOX,NEW ZEALAND,FOX,Foxton,TRUE
NZGIS,NEW ZEALAND,GIS,Gisborne,TRUE
NZGMN,NEW ZEALAND,GMN,Greymouth,TRUE
NZGOB,NEW ZEALAND,GOB,Golden Bay,TRUE
NZIVC,NEW ZEALAND,IVC,Invercargill,TRUE
NZKAP,NEW ZEALAND,KAP,Kaiapoi,TRUE
NZKBZ,NEW ZEALAND,KBZ,Kaikoura,TRUE
NZKTF,NEW ZEALAND,KTF,Takaka,TRUE
NZKTG,NEW ZEALAND,KTG,Kaitangata,TRUE
NZLYT,NEW ZEALAND,LYT,Lyttelton,TRUE
NZMAP,NEW ZEALAND,MAP,Marsden Point,TRUE
NZMFN,NEW ZEALAND,MFN,Milford Sound,TRUE
NZMKW,NEW ZEALAND,MKW,Makarewa,TRUE
NZMMU,NEW ZEALAND,MMU,Mount Maunganui,TRUE
NZMZP,NEW ZEALAND,MZP,Motueka,TRUE
NZNPE,NEW ZEALAND,NPE,"Napier, New Zealand",TRUE
NZNPL,NEW ZEALAND,NPL,Port Taranaki/New Plymouth,TRUE
NZNSN,NEW ZEALAND,NSN,Nelson,TRUE
NZOAM,NEW ZEALAND,OAM,Oamaru,TRUE
NZOKA,NEW ZEALAND,OKA,Okarito,TRUE
NZOPX,NEW ZEALAND,OPX,Opua,TRUE
NZORR,NEW ZEALAND,ORR,Otago Harbour,TRUE
NZPCN,NEW ZEALAND,PCN,Picton,TRUE
NZPEO,NEW ZEALAND,PEO,Penrose,TRUE
NZPKR,NEW ZEALAND,PKR,Pukeuri Junction,TRUE
NZPOE,NEW ZEALAND,POE,Port Chalmers,TRUE
NZRAV,NEW ZEALAND,RAV,Ravensbourne,TRUE
NZRUS,NEW ZEALAND,RUS,Russel,TRUE
NZSMF,NEW ZEALAND,SMF,Smithfield,TRUE
NZTIU,NEW ZEALAND,TIU,Timaru,TRUE
NZTKH,NEW ZEALAND,TKH,Tarakohe,TRUE
NZTMZ,NEW ZEALAND,TMZ,Thames,TRUE
NZTRG,NEW ZEALAND,TRG,"Tauranga, New Zealand",TRUE
NZWAG,NEW ZEALAND,WAG,Wanganui,TRUE
NZWAR,NEW ZEALAND,WAR,Wairau Valley,TRUE
NZWAT,NEW ZEALAND,WAT,Waharoa,TRUE
NZWAV,NEW ZEALAND,WAV,Waverley Harbour,TRUE
NZWHE,NEW ZEALAND,WHE,Whekenui,TRUE
NZWHN,NEW ZEALAND,WHN,Whangaparapara,TRUE
NZWIR,NEW ZEALAND,WIR,Wairoa,TRUE
NZWKI,NEW ZEALAND,WKI,Waikari,TRUE
NZWKW,NEW ZEALAND,WKW,Waikawa,TRUE
NZWLG,NEW ZEALAND,WLG,"Wellington, New Zealand",TRUE
NZWRE,NEW ZEALAND,WRE,Whangarei,TRUE
NZWSZ,NEW ZEALAND,WSZ,Westport,TRUE
NZWTG,NEW ZEALAND,WTG,Waitangi,TRUE
NZWTI,NEW ZEALAND,WTI,Waitaki,TRUE
NZWWA,NEW ZEALAND,WWA,Warkworth,TRUE
OMFAH,OMAN,FAH,Fahal,TRUE
OMMCT,OMAN,MCT,"Muscat, MU Oman",TRUE
OMMFH,OMAN,MFH,Mina' al Fahl,TRUE
OMMUT,OMAN,MUT,Muthra,TRUE
OMOPQ,OMAN,OPQ,Port Qaboos,TRUE
OMQAL,OMAN,QAL,Qalhat,TRUE
OMRAY,OMAN,RAY,Raysut,TRUE
OMRWI,OMAN,RWI,Ruwi,TRUE
OMSLL,OMAN,SLL,"Salalhah, Oman",TRUE
OMSOH,OMAN,SOH,Sohar,TRUE
OMSUL,OMAN,SUL,Port Sultan,TRUE
PAAGD,PANAMA,AGD,Aguadulce,TRUE
PAAML,PANAMA,AML,Puerto Armuelles,TRUE
PABLB,PANAMA,BLB,"Balboa, Panama",TRUE
PABOC,PANAMA,BOC,Bocas del Toro,TRUE
PACHA,PANAMA,CHA,Charco Azul,TRUE
PACHG,PANAMA,CHG,Chiriqui Grande,TRUE
PACTB,PANAMA,CTB,"Cristobel, Panama",TRUE
PACTD,PANAMA,CTD,Chitre,TRUE
PAELE,PANAMA,ELE,El Real,TRUE
PAGBA,PANAMA,GBA,Gamboa,TRUE
PAGTN,PANAMA,GTN,Gatun,TRUE
PAMFS,PANAMA,MFS,Miraflores,TRUE
PAMIT,PANAMA,MIT,"Manzanillo, Panama",TRUE
PAMNP,PANAMA,MNP,Las Minas,TRUE
PAONX,PANAMA,ONX,"Colon, Panama",TRUE
PAPAI,PANAMA,PAI,Paraiso,TRUE
PAPAM,PANAMA,PAM,Almirante,TRUE
PAPAY,PANAMA,PAY,Payardi,TRUE
PAPBE,PANAMA,PBE,Portobelo,TRUE
PAPBM,PANAMA,PBM,Bahia Las Minas,TRUE
PAPED,PANAMA,PED,Pedregal,TRUE
PAPLP,PANAMA,PLP,La Palma,TRUE
PAPTY,PANAMA,PTY,"Panama City, Panama",TRUE
PATBG,PANAMA,TBG,Taboguilla,TRUE
PAVAC,PANAMA,VAC,Vacamonte,TRUE
PEANC,PERU,ANC,Ancon,TRUE
PEATI,PERU,ATI,Atico,TRUE
PECAB,PERU,CAB,Cabo Blanco,TRUE
PECHM,PERU,CHM,Chimbote,TRUE
PECHY,PERU,CHY,Chancay,TRUE
PECLL,PERU,CLL,"Callao, Peru",TRUE
PEEEN,PERU,EEN,Eten,TRUE
PEGSM,PERU,GSM,General San Martin,TRUE
PEHCO,PERU,HCO,Huacho,TRUE
PEHUY,PERU,HUY,Huarmey,TRUE
PEILQ,PERU,ILQ,"Ilo, Peru",TRUE
PEIQT,PERU,IQT,"Iquitos, Peru",TRUE
PELIM,PERU,LIM,"Lima, Peru",TRUE
PELOB,PERU,LOB,Lobitos,TRUE
PELOO,PERU,LOO,Los Organos,TRUE
PELPP,PERU,LPP,La Pampilla,TRUE
PEMCA,PERU,MCA,Mancora,TRUE
PEMLQ,PERU,MLQ,Mollendo,TRUE
PEMRI,PERU,MRI,Matarani,TRUE
PENGS,PERU,NGS,Negritos,TRUE
PEPAC,PERU,PAC,Pacasmayo,TRUE
PEPAI,PERU,PAI,"Paita, Peru",TRUE
PEPAM,PERU,PAM,Paramonga,TRUE
PEPCH,PERU,PCH,Puerto Chicama,TRUE
PEPCL,PERU,PCL,Pucallpa,TRUE
PEPEM,PERU,PEM,Puerto Maldonado,TRUE
PEPIO,PERU,PIO,Pisco,TRUE
PEPLO,PERU,PLO,Punta Lobitos,TRUE
PEPMT,PERU,PMT,Pimentel,TRUE
PEPUB,PERU,PUB,Bayovar,TRUE
PEPUN,PERU,PUN,Puno,TRUE
PESAM,PERU,SAM,Samanco,TRUE
PESJA,PERU,SJA,"San Juan, Peru",TRUE
PESNX,PERU,SNX,San Nicolas,TRUE
PESUP,PERU,SUP,Supe,TRUE
PESVY,PERU,SVY,Salaverry,TRUE
PETDM,PERU,TDM,Tambo de Mora,TRUE
PETRU,PERU,TRU,Trujillo,TRUE
PETYL,PERU,TYL,Talara,TRUE
PEYMS,PERU,YMS,Yurimaguas,TRUE
PEZOR,PERU,ZOR,Zorritos,TRUE
PFAHU,FRENCH POLYNESIA,AHU,Ahurei,TRUE
PFBOB,FRENCH POLYNESIA,BOB,Bora-Bora,TRUE
PFPPT,FRENCH POLYNESIA,PPT,"Papeete, Polynesia Tahiti",TRUE
PFTAI,FRENCH POLYNESIA,TAI,Taiohae,TRUE
PFUTU,FRENCH POLYNESIA,UTU,Uturoa,TRUE
PFVAI,FRENCH POLYNESIA,VAI,Vaitape,TRUE
PGABW,PAPUA NEW GUINEA,ABW,Abau,TRUE
PGAHO,PAPUA NEW GUINEA,AHO,Ahioma,TRUE
PGAKI,PAPUA NEW GUINEA,AKI,Akinum,TRUE
PGANB,PAPUA NEW GUINEA,ANB,Anewa Bay,TRUE
PGATN,PAPUA NEW GUINEA,ATN,Namatanai,TRUE
PGBNA,PAPUA NEW GUINEA,BNA,Buna,TRUE
PGBOR,PAPUA NEW GUINEA,BOR,Boroko,TRUE
PGBUA,PAPUA NEW GUINEA,BUA,Buka,TRUE
PGDAU,PAPUA NEW GUINEA,DAU,Daru,TRUE
PGFIN,PAPUA NEW GUINEA,FIN,Finschhafen,TRUE
PGFUB,PAPUA NEW GUINEA,FUB,Fulleborn,TRUE
PGGEI,PAPUA NEW GUINEA,GEI,Green Islands,TRUE
PGGIL,PAPUA NEW GUINEA,GIL,Gilau,TRUE
PGGMI,PAPUA NEW GUINEA,GMI,Gasmata Island,TRUE
PGGUR,PAPUA NEW GUINEA,GUR,Alotau,TRUE
PGHKN,PAPUA NEW GUINEA,HKN,Hoskins,TRUE
PGKIE,PAPUA NEW GUINEA,KIE,Kieta,TRUE
PGKIM,PAPUA NEW GUINEA,KIM,Kimbe,TRUE
PGKLO,PAPUA NEW GUINEA,KLO,Kalo,TRUE
PGKMA,PAPUA NEW GUINEA,KMA,Kerema,TRUE
PGKPP,PAPUA NEW GUINEA,KPP,Kakapo,TRUE
PGKRK,PAPUA NEW GUINEA,KRK,Kairuku,TRUE
PGKRX,PAPUA NEW GUINEA,KRX,Karkar Is,TRUE
PGKUL,PAPUA NEW GUINEA,KUL,Kumul,TRUE
PGKVG,PAPUA NEW GUINEA,KVG,Kavieng,TRUE
PGLAE,PAPUA NEW GUINEA,LAE,Lae,TRUE
PGLDT,PAPUA NEW GUINEA,LDT,Londolovit,TRUE
PGLNV,PAPUA NEW GUINEA,LNV,Lihir Island,TRUE
PGLOL,PAPUA NEW GUINEA,LOL,Loloho,TRUE
PGLOR,PAPUA NEW GUINEA,LOR,"Lorengau, Manus Island",TRUE
PGMAG,PAPUA NEW GUINEA,MAG,Madang,TRUE
PGMAM,PAPUA NEW GUINEA,MAM,Manam Island,TRUE
PGMIE,PAPUA NEW GUINEA,MIE,Mielelek,TRUE
PGMIS,PAPUA NEW GUINEA,MIS,Misima Island,TRUE
PGPDO,PAPUA NEW GUINEA,PDO,Pondo Harbour,TRUE
PGPOM,PAPUA NEW GUINEA,POM,Port Moresby,TRUE
PGRAB,PAPUA NEW GUINEA,RAB,Rabaul,TRUE
PGRAM,PAPUA NEW GUINEA,RAM,Rambutyo Island,TRUE
PGRKU,PAPUA NEW GUINEA,RKU,Yule Island,TRUE
PGRNR,PAPUA NEW GUINEA,RNR,Robinson River,TRUE
PGROR,PAPUA NEW GUINEA,ROR,Orobay,TRUE
PGRVI,PAPUA NEW GUINEA,RVI,Russel Island,TRUE
PGSCH,PAPUA NEW GUINEA,SCH,Schauten,TRUE
PGSMU,PAPUA NEW GUINEA,SMU,Salamaua,TRUE
PGSOI,PAPUA NEW GUINEA,SOI,Sokar Island,TRUE
PGSPL,PAPUA NEW GUINEA,SPL,Sipul,TRUE
PGSQT,PAPUA NEW GUINEA,SQT,Samarai,TRUE
PGTAI,PAPUA NEW GUINEA,TAI,Tambutyo Island,TRUE
PGTAU,PAPUA NEW GUINEA,TAU,Taugu Island,TRUE
PGTFI,PAPUA NEW GUINEA,TFI,Tufi,TRUE
PGTGL,PAPUA NEW GUINEA,TGL,Tagula,TRUE
PGTLW,PAPUA NEW GUINEA,TLW,Talasea,TRUE
PGTOI,PAPUA NEW GUINEA,TOI,Tolokiwa Island,TRUE
PGUNG,PAPUA NEW GUINEA,UNG,Kiunga,TRUE
PGVAI,PAPUA NEW GUINEA,VAI,Vanimo,TRUE
PGVLA,PAPUA NEW GUINEA,VLA,Vailala,TRUE
PGWOK,PAPUA NEW GUINEA,WOK,Woodlark,TRUE
PGWWK,PAPUA NEW GUINEA,WWK,Wewak,TRUE
PHABU,PHILIPPINES (THE),ABU,Abulog/Aparri,TRUE
PHADL,PHILIPPINES (THE),ADL,Adlay/Bislig,TRUE
PHAHE,PHILIPPINES (THE),AHE,Aheron/Ozamis,TRUE
PHALA,PHILIPPINES (THE),ALA,Alasang/Siain,TRUE
PHALE,PHILIPPINES (THE),ALE,Aleran/Ozamis,TRUE
PHAMU,PHILIPPINES (THE),AMU,Amunitan/Aparri,TRUE
PHANA,PHILIPPINES (THE),ANA,Anakan/Masao,TRUE
PHAPR,PHILIPPINES (THE),APR,"Aparri, Luzon",TRUE
PHAQE,PHILIPPINES (THE),AQE,Hamtic,TRUE
PHARA,PHILIPPINES (THE),ARA,Aras Asan/Bislig,TRUE
PHATI,PHILIPPINES (THE),ATI,Atimonan/Siain,TRUE
PHBAB,PHILIPPINES (THE),BAB,Babato/Dadiangas,TRUE
PHBAG,PHILIPPINES (THE),BAG,Baguio,TRUE
PHBAI,PHILIPPINES (THE),BAI,Bais/Dumaguete,TRUE
PHBAL,PHILIPPINES (THE),BAL,Balaboe,TRUE
PHBAS,PHILIPPINES (THE),BAS,Basiauang/Dadiangas,TRUE
PHBAU,PHILIPPINES (THE),BAU,Bauan/Batangas,TRUE
PHBCD,PHILIPPINES (THE),BCD,"Bacolod, Negros",TRUE
PHBCO,PHILIPPINES (THE),BCO,Bacon/Legaspi,TRUE
PHBCT,PHILIPPINES (THE),BCT,"Isabela, Basilan",TRUE
PHBCU,PHILIPPINES (THE),BCU,Baculin/Mati,TRUE
PHBGC,PHILIPPINES (THE),BGC,Bagac,TRUE
PHBGI,PHILIPPINES (THE),BGI,Bagui Bay/San Fernando,TRUE
PHBGR,PHILIPPINES (THE),BGR,Bucar Grande/Suriagao,TRUE
PHBGS,PHILIPPINES (THE),BGS,Balingasag,TRUE
PHBGV,PHILIPPINES (THE),BGV,Borongan,TRUE
PHBIY,PHILIPPINES (THE),BIY,Biyawa/Davao,TRUE
PHBLA,PHILIPPINES (THE),BLA,Balanga/Batan,TRUE
PHBLC,PHILIPPINES (THE),BLC,"Balabac, Palawan",TRUE
PHBLG,PHILIPPINES (THE),BLG,Balogo/Batangas,TRUE
PHBLN,PHILIPPINES (THE),BLN,Balengan/Siain,TRUE
PHBLP,PHILIPPINES (THE),BLP,Bolos Point/Aparri,TRUE
PHBLT,PHILIPPINES (THE),BLT,Balintang/Puerto Princesa,TRUE
PHBLU,PHILIPPINES (THE),BLU,Balumo/Zamboanga,TRUE
PHBNG,PHILIPPINES (THE),BNG,Bauang,TRUE
PHBNQ,PHILIPPINES (THE),BNQ,Baganga/Mati,TRUE
PHBNW,PHILIPPINES (THE),BNW,Banawan/Dadiangas,TRUE
PHBOA,PHILIPPINES (THE),BOA,"Boac, Marinduque",TRUE
PHBOG,PHILIPPINES (THE),BOG,Bogo,TRUE
PHBOS,PHILIPPINES (THE),BOS,Boston/Davao,TRUE
PHBPH,PHILIPPINES (THE),BPH,"Bislig, Mindanao",TRUE
PHBQA,PHILIPPINES (THE),BQA,Baler/Siain,TRUE
PHBRB,PHILIPPINES (THE),BRB,Barobo/Bislig,TRUE
PHBRP,PHILIPPINES (THE),BRP,"Brookes Point, Palawan",TRUE
PHBRT,PHILIPPINES (THE),BRT,Barton/Puerto Princesa,TRUE
PHBSY,PHILIPPINES (THE),BSY,Basey/Catbalogan,TRUE
PHBTG,PHILIPPINES (THE),BTG,"Batangas, Luzon",TRUE
PHBTN,PHILIPPINES (THE),BTN,"Bataan, Mariveles",TRUE
PHBTS,PHILIPPINES (THE),BTS,Batarasa/Puerto Princesa,TRUE
PHBTY,PHILIPPINES (THE),BTY,Bantayon/San Jose,TRUE
PHBUD,PHILIPPINES (THE),BUD,Budbud/Davao,TRUE
PHBUG,PHILIPPINES (THE),BUG,Bugo,TRUE
PHBUL,PHILIPPINES (THE),BUL,"Bulan, Luzon",TRUE
PHBUR,PHILIPPINES (THE),BUR,"Burdeos, Polillo Isl",TRUE
PHBXU,PHILIPPINES (THE),BXU,Butuan Bay/Masao,TRUE
PHBYB,PHILIPPINES (THE),BYB,Baybay/Tacloban,TRUE
PHBYP,PHILIPPINES (THE),BYP,Bayang Point,TRUE
PHBYS,PHILIPPINES (THE),BYS,Bayabas/Bislig,TRUE
PHBYW,PHILIPPINES (THE),BYW,Bayawan/Dumaguete,TRUE
PHCAB,PHILIPPINES (THE),CAB,Cabugao Bay/Legaspi,TRUE
PHCAJ,PHILIPPINES (THE),CAJ,"Cajidiocan, Visayan Isl",TRUE
PHCAZ,PHILIPPINES (THE),CAZ,Cadiz,TRUE
PHCBO,PHILIPPINES (THE),CBO,"Cotabato, Mindanao",TRUE
PHCBY,PHILIPPINES (THE),CBY,"Calbayog, Samar",TRUE
PHCCG,PHILIPPINES (THE),CCG,Calag-Calag/Dumaguete,TRUE
PHCDB,PHILIPPINES (THE),CDB,Caldera Bay/Zamboanga,TRUE
PHCEB,PHILIPPINES (THE),CEB,"Cebu, Phillipines",TRUE
PHCGG,PHILIPPINES (THE),CGG,Casiguran/Siain,TRUE
PHCGM,PHILIPPINES (THE),CGM,Camiguin Island/Aparri,TRUE
PHCGP,PHILIPPINES (THE),CGP,Calug Point/Zamboanga,TRUE
PHCGT,PHILIPPINES (THE),CGT,Calaguitan/Tacloban,TRUE
PHCGY,PHILIPPINES (THE),CGY,"Cagayan de Oro, Mindanao",TRUE
PHCLP,PHILIPPINES (THE),CLP,Calapan/Batangas,TRUE
PHCLV,PHILIPPINES (THE),CLV,Claveria/Aparri,TRUE
PHCML,PHILIPPINES (THE),CML,Camalagawan/Aparri,TRUE
PHCMO,PHILIPPINES (THE),CMO,Currimao,TRUE
PHCNT,PHILIPPINES (THE),CNT,Cantilan/Surigao,TRUE
PHCNY,PHILIPPINES (THE),CNY,Canaybon/Catbalogan,TRUE
PHCPL,PHILIPPINES (THE),CPL,Capalonga/Siain,TRUE
PHCRG,PHILIPPINES (THE),CRG,Caraga/Mati,TRUE
PHCSB,PHILIPPINES (THE),CSB,Casul Bay/Ozamis,TRUE
PHCSI,PHILIPPINES (THE),CSI,Culasi,TRUE
PHCST,PHILIPPINES (THE),CST,Castanas,TRUE
PHCTB,PHILIPPINES (THE),CTB,Catamon Bay/Iloilo,TRUE
PHCTS,PHILIPPINES (THE),CTS,"Catbalogan, Samar",TRUE
PHCUG,PHILIPPINES (THE),CUG,"Calubian, Leyte",TRUE
PHCUJ,PHILIPPINES (THE),CUJ,Culion,TRUE
PHCUN,PHILIPPINES (THE),CUN,Catanauan,TRUE
PHCUR,PHILIPPINES (THE),CUR,Curuan/Zamboanga,TRUE
PHCVE,PHILIPPINES (THE),CVE,"Cavite, Luzon",TRUE
PHCWY,PHILIPPINES (THE),CWY,Calowayan/Catabalogan,TRUE
PHDCB,PHILIPPINES (THE),DCB,Dahikan Bay,TRUE
PHDDW,PHILIPPINES (THE),DDW,Dinadiawan/Aparri,TRUE
PHDGL,PHILIPPINES (THE),DGL,Dingalan/Siain,TRUE
PHDGT,PHILIPPINES (THE),DGT,Dumaguete,TRUE
PHDIC,PHILIPPINES (THE),DIC,Diculum/Zamboanga,TRUE
PHDID,PHILIPPINES (THE),DID,Didadongan/Aparri,TRUE
PHDIO,PHILIPPINES (THE),DIO,Diotorin/Siain,TRUE
PHDIR,PHILIPPINES (THE),DIR,Dirgalan,TRUE
PHDIV,PHILIPPINES (THE),DIV,Divilacan/Aparri,TRUE
PHDNG,PHILIPPINES (THE),DNG,Dinagat Island/Surigao,TRUE
PHDNL,PHILIPPINES (THE),DNL,Dinalongan/Siain,TRUE
PHDNO,PHILIPPINES (THE),DNO,Danao,TRUE
PHDPL,PHILIPPINES (THE),DPL,Dipolog/Ozamis,TRUE
PHDPT,PHILIPPINES (THE),DPT,Diapitan/Siain,TRUE
PHDRB,PHILIPPINES (THE),DRB,Diaraboan/Siain,TRUE
PHDUL,PHILIPPINES (THE),DUL,Dulag,TRUE
PHDVO,PHILIPPINES (THE),DVO,"Davao, Philliphines",TRUE
PHENI,PHILIPPINES (THE),ENI,El Nido/Puerto Princesa,TRUE
PHGAC,PHILIPPINES (THE),GAC,Gachitorena/Jose Panganiban,TRUE
PHGAS,PHILIPPINES (THE),GAS,Gasan,TRUE
PHGES,PHILIPPINES (THE),GES,General Santos,TRUE
PHGGG,PHILIPPINES (THE),GGG,"Gigaquit, Mindanao",TRUE
PHGGM,PHILIPPINES (THE),GGM,"Gigmoto, Catanduanes",TRUE
PHGIN,PHILIPPINES (THE),GIN,Gingoog/Masao,TRUE
PHGMS,PHILIPPINES (THE),GMS,Guimaras/Iloilo,TRUE
PHGNI,PHILIPPINES (THE),GNI,General Island/Bislig,TRUE
PHHIJ,PHILIPPINES (THE),HIJ,Hijo Wharf/Davao,TRUE
PHHIM,PHILIPPINES (THE),HIM,"Himamaylan, Negros",TRUE
PHHNB,PHILIPPINES (THE),HNB,Hinobaan/Iloilo,TRUE
PHHNG,PHILIPPINES (THE),HNG,Hinigaran/Iloilo,TRUE
PHHNT,PHILIPPINES (THE),HNT,Hinatuan/Bislig,TRUE
PHHON,PHILIPPINES (THE),HON,Hondagua/Siain,TRUE
PHHOO,PHILIPPINES (THE),HOO,Hook Bay/Siain,TRUE
PHHYB,PHILIPPINES (THE),HYB,Hagnava Bay,TRUE
PHIGN,PHILIPPINES (THE),IGN,"Iligan, Mindanao",TRUE
PHILO,PHILIPPINES (THE),ILO,"Iloilo, Panay",TRUE
PHINP,PHILIPPINES (THE),INP,Inampulugan Island,TRUE
PHIPE,PHILIPPINES (THE),IPE,Ipil/Zamboanga,TRUE
PHISL,PHILIPPINES (THE),ISL,Isabel,TRUE
PHJAG,PHILIPPINES (THE),JAG,Jagna,TRUE
PHJAS,PHILIPPINES (THE),JAS,Jasaan,TRUE
PHJNZ,PHILIPPINES (THE),JNZ,Jimenez/Ozamis,TRUE
PHJOL,PHILIPPINES (THE),JOL,Jolo,TRUE
PHJPM,PHILIPPINES (THE),JPM,"Jose Panganiban, Luzon",TRUE
PHKAR,PHILIPPINES (THE),KAR,Karomatan/Iligan,TRUE
PHKAS,PHILIPPINES (THE),KAS,Kabasalan/Zamboanga,TRUE
PHKAT,PHILIPPINES (THE),KAT,Katipunan/Ozamis,TRUE
PHKIA,PHILIPPINES (THE),KIA,Kiamba/Dadiangas,TRUE
PHKIL,PHILIPPINES (THE),KIL,Kilbay Point/Jose Panganiban,TRUE
PHKIN,PHILIPPINES (THE),KIN,Kinogitan/Iligan,TRUE
PHKIP,PHILIPPINES (THE),KIP,Kipit/Ozamis,TRUE
PHKIW,PHILIPPINES (THE),KIW,Kiwalan/Iligan,TRUE
PHKLM,PHILIPPINES (THE),KLM,Kalamansig,TRUE
PHKOL,PHILIPPINES (THE),KOL,Kolambugan/Iligan,TRUE
PHKUM,PHILIPPINES (THE),KUM,Kumalarang/Zamboanga,TRUE
PHLAB,PHILIPPINES (THE),LAB,Labason/Zamboanga,TRUE
PHLAG,PHILIPPINES (THE),LAG,Lagonoy/Jose Panganiban,TRUE
PHLAM,PHILIPPINES (THE),LAM,Lamit Bay/Jose Panganiban,TRUE
PHLAN,PHILIPPINES (THE),LAN,Lanuza/Bislig,TRUE
PHLAO,PHILIPPINES (THE),LAO,"Laoag, Luzon",TRUE
PHLAY,PHILIPPINES (THE),LAY,Lagondy River,TRUE
PHLBK,PHILIPPINES (THE),LBK,Lebak/Parang,TRUE
PHLEY,PHILIPPINES (THE),LEY,Leyte,TRUE
PHLGG,PHILIPPINES (THE),LGG,Lingig/Bislig,TRUE
PHLGP,PHILIPPINES (THE),LGP,"Legaspi Apt, Luzon",TRUE
PHLIA,PHILIPPINES (THE),LIA,Lianga/Bislig,TRUE
PHLIB,PHILIPPINES (THE),LIB,Libjo/Surigao,TRUE
PHLIM,PHILIPPINES (THE),LIM,Limay/Bataan,TRUE
PHLIN,PHILIPPINES (THE),LIN,"Lingayen, Luzon",TRUE
PHLNK,PHILIPPINES (THE),LNK,Linik/Dadiangas,TRUE
PHLNO,PHILIPPINES (THE),LNO,Lunao,TRUE
PHLOM,PHILIPPINES (THE),LOM,Lomuyon/Dadiangas,TRUE
PHLOO,PHILIPPINES (THE),LOO,Looc Bay/San Jose,TRUE
PHLOP,PHILIPPINES (THE),LOP,Long Point/Puerto Princesa,TRUE
PHLPA,PHILIPPINES (THE),LPA,Lipa,TRUE
PHLPU,PHILIPPINES (THE),LPU,"Lapu-Lapu, Cebu",TRUE
PHLPZ,PHILIPPINES (THE),LPZ,La Paz/Iloilo,TRUE
PHLRP,PHILIPPINES (THE),LRP,La Rap/Jose Panganiban,TRUE
PHLUG,PHILIPPINES (THE),LUG,Lugait,TRUE
PHLUM,PHILIPPINES (THE),LUM,Lumasal/Dadiangas,TRUE
PHLZB,PHILIPPINES (THE),LZB,Lazi,TRUE
PHMAB,PHILIPPINES (THE),MAB,"Mabini, Mindanao",TRUE
PHMAC,PHILIPPINES (THE),MAC,Matho Cortez/Bislig,TRUE
PHMAD,PHILIPPINES (THE),MAD,Madaum/Davao,TRUE
PHMAI,PHILIPPINES (THE),MAI,Maitum/Dadiangas,TRUE
PHMAK,PHILIPPINES (THE),MAK,Makar/Dadiangas,TRUE
PHMAS,PHILIPPINES (THE),MAS,Masao,TRUE
PHMBT,PHILIPPINES (THE),MBT,Masbate,TRUE
PHMCD,PHILIPPINES (THE),MCD,Mercedes/Jose Panganiban,TRUE
PHMCJ,PHILIPPINES (THE),MCJ,Macojalan/Ozamis,TRUE
PHMCO,PHILIPPINES (THE),MCO,Maco/Davao,TRUE
PHMDN,PHILIPPINES (THE),MDN,Medina,TRUE
PHMGA,PHILIPPINES (THE),MGA,Magalona/Iloilo,TRUE
PHMGB,PHILIPPINES (THE),MGB,Magueda Bay/Catbalogan,TRUE
PHMGD,PHILIPPINES (THE),MGD,Mabaguid,TRUE
PHMGG,PHILIPPINES (THE),MGG,Mangogoy/Bislig,TRUE
PHMGI,PHILIPPINES (THE),MGI,Mambagid,TRUE
PHMHT,PHILIPPINES (THE),MHT,"Marihatag, Mindanao",TRUE
PHMIC,PHILIPPINES (THE),MIC,Misamis Or./Cagayan De Oro,TRUE
PHMIL,PHILIPPINES (THE),MIL,Milbuk/Dadiangas,TRUE
PHMIO,PHILIPPINES (THE),MIO,Misamis Occ./Ozamis,TRUE
PHMLB,PHILIPPINES (THE),MLB,"Maluso, Basilan",TRUE
PHMLL,PHILIPPINES (THE),MLL,Malalag/Davao,TRUE
PHMLS,PHILIPPINES (THE),MLS,Magellanes/Masao,TRUE
PHMNL,PHILIPPINES (THE),MNL,"Manila, Phillipines",TRUE
PHMNN,PHILIPPINES (THE),MNN,Manila North Harbour,TRUE
PHMNY,PHILIPPINES (THE),MNY,Manay/Mati,TRUE
PHMON,PHILIPPINES (THE),MON,Monserrat/Mati,TRUE
PHMOR,PHILIPPINES (THE),MOR,Morong/Mariveles,TRUE
PHMSB,PHILIPPINES (THE),MSB,Malasugat Bay/Zamboanga,TRUE
PHMSC,PHILIPPINES (THE),MSC,Masinloc/Sual,TRUE
PHMSS,PHILIPPINES (THE),MSS,Mission/Aparri,TRUE
PHMSY,PHILIPPINES (THE),MSY,Manansalay/Batangas,TRUE
PHMTA,PHILIPPINES (THE),MTA,Matina Aplaya/Davao,TRUE
PHMUL,PHILIPPINES (THE),MUL,Mulanay/Siain,TRUE
PHMVS,PHILIPPINES (THE),MVS,"Mariveles, Luzon",TRUE
PHMXI,PHILIPPINES (THE),MXI,"Mati, Mindanao",TRUE
PHNAB,PHILIPPINES (THE),NAB,Nabulao Bay/Iloilo,TRUE
PHNAL,PHILIPPINES (THE),NAL,Nalungga/Iloilo,TRUE
PHNAP,PHILIPPINES (THE),NAP,Napsan/Puerto Princesa,TRUE
PHNAR,PHILIPPINES (THE),NAR,Naris Point/Puerto Princesa,TRUE
PHNAS,PHILIPPINES (THE),NAS,Nasipit/Masao,TRUE
PHNGH,PHILIPPINES (THE),NGH,Nagh,TRUE
PHNID,PHILIPPINES (THE),NID,Nido Terminal,TRUE
PHNON,PHILIPPINES (THE),NON,Nonoc/Surigao Del Norte,TRUE
PHNOP,PHILIPPINES (THE),NOP,Mactan Island Apt,TRUE
PHNPT,PHILIPPINES (THE),NPT,Napot Point,TRUE
PHNTO,PHILIPPINES (THE),NTO,Nato,TRUE
PHNUG,PHILIPPINES (THE),NUG,"Nasugbu, Luzon",TRUE
PHOLO,PHILIPPINES (THE),OLO,Olongapo,TRUE
PHOPO,PHILIPPINES (THE),OPO,Opol,TRUE
PHORA,PHILIPPINES (THE),ORA,Orayuita,TRUE
PHORC,PHILIPPINES (THE),ORC,Ormoc/Tacloban,TRUE
PHORS,PHILIPPINES (THE),ORS,Oras/Catbalogan,TRUE
PHOTE,PHILIPPINES (THE),OTE,Oteiza/Bislig,TRUE
PHOZC,PHILIPPINES (THE),OZC,"Ozamis, Mindanao",TRUE
PHPAG,PHILIPPINES (THE),PAG,Pagadian/Zamboanga,TRUE
PHPAM,PHILIPPINES (THE),PAM,Pampanga,TRUE
PHPAS,PHILIPPINES (THE),PAS,"Pasay, Luzon",TRUE
PHPBA,PHILIPPINES (THE),PBA,Port Barton/Palawan,TRUE
PHPCA,PHILIPPINES (THE),PCA,Panacosa/Puerto Princesa,TRUE
PHPCN,PHILIPPINES (THE),PCN,Panacan/Davao,TRUE
PHPDC,PHILIPPINES (THE),PDC,"Polanco, Mindanao",TRUE
PHPDR,PHILIPPINES (THE),PDR,Pacio de Rozas/Batangas,TRUE
PHPGT,PHILIPPINES (THE),PGT,Pangutaran/Jolo,TRUE
PHPHD,PHILIPPINES (THE),PHD,Port Holland,TRUE
PHPIN,PHILIPPINES (THE),PIN,Pinamalayan/Batangas,TRUE
PHPLA,PHILIPPINES (THE),PLA,Plaridel/Ozamis,TRUE
PHPLB,PHILIPPINES (THE),PLB,Palamit Bay/San Jose,TRUE
PHPLC,PHILIPPINES (THE),PLC,Polloc,TRUE
PHPLL,PHILIPPINES (THE),PLL,"Polillo, Polillo Isl",TRUE
PHPLP,PHILIPPINES (THE),PLP,Palapag/San Jose,TRUE
PHPLW,PHILIPPINES (THE),PLW,Palawan/Ozamis,TRUE
PHPMT,PHILIPPINES (THE),PMT,Pamintayan/Zamboanga,TRUE
PHPNB,PHILIPPINES (THE),PNB,Panabutan/Zamboanga,TRUE
PHPNN,PHILIPPINES (THE),PNN,Paninirongan/Sanjose,TRUE
PHPNT,PHILIPPINES (THE),PNT,Punti/Aparri,TRUE
PHPPL,PHILIPPINES (THE),PPL,Pamplona/Aparri,TRUE
PHPPP,PHILIPPINES (THE),PPP,"Pagudpud, Luzon",TRUE
PHPPS,PHILIPPINES (THE),PPS,"Puerto Princesa, Palawan",TRUE
PHPRA,PHILIPPINES (THE),PRA,Parang,TRUE
PHPRO,PHILIPPINES (THE),PRO,Poro/San Fernando,TRUE
PHPSL,PHILIPPINES (THE),PSL,"Pasaleng, Luzon",TRUE
PHPSM,PHILIPPINES (THE),PSM,Puerto Santa Maria,TRUE
PHPTL,PHILIPPINES (THE),PTL,Puntalinao/Mati,TRUE
PHPUG,PHILIPPINES (THE),PUG,Pugad/Bislig,TRUE
PHPUL,PHILIPPINES (THE),PUL,Pulupandan,TRUE
PHQBI,PHILIPPINES (THE),QBI,Quinabigan,TRUE
PHQBL,PHILIPPINES (THE),QBL,Quinablagan/Mati,TRUE
PHQPT,PHILIPPINES (THE),QPT,Quipit Bay/Ozamis,TRUE
PHQUE,PHILIPPINES (THE),QUE,Queson/Siain,TRUE
PHQUI,PHILIPPINES (THE),QUI,Quiddiao/Aparri,TRUE
PHREA,PHILIPPINES (THE),REA,Real/Siain,TRUE
PHRLN,PHILIPPINES (THE),RLN,Romblon,TRUE
PHRXS,PHILIPPINES (THE),RXS,Roxas/Puerto Princesa,TRUE
PHSAG,PHILIPPINES (THE),SAG,Sagay/Iloilo,TRUE
PHSAN,PHILIPPINES (THE),SAN,Santa Ana/Aparri,TRUE
PHSAS,PHILIPPINES (THE),SAS,Sasa/Davao,TRUE
PHSAY,PHILIPPINES (THE),SAY,Sayao/Batangas,TRUE
PHSBB,PHILIPPINES (THE),SBB,Sabbot/Siain,TRUE
PHSBG,PHILIPPINES (THE),SBG,Sabang,TRUE
PHSBY,PHILIPPINES (THE),SBY,Sablayan/Batangas,TRUE
PHSCA,PHILIPPINES (THE),SCA,San Carlos/Dumaguete,TRUE
PHSCR,PHILIPPINES (THE),SCR,Santa Cruz/Sual,TRUE
PHSCT,PHILIPPINES (THE),SCT,Santa Catalina/Dumaguete,TRUE
PHSDG,PHILIPPINES (THE),SDG,Sindangan/Ozamis,TRUE
PHSFE,PHILIPPINES (THE),SFE,"San Fernando, Luzon",TRUE
PHSFS,PHILIPPINES (THE),SFS,Subic Bay,TRUE
PHSGD,PHILIPPINES (THE),SGD,Sogod/Tacloban,TRUE
PHSIG,PHILIPPINES (THE),SIG,Sigayan/Parang,TRUE
PHSIN,PHILIPPINES (THE),SIN,"Siain, Luzon",TRUE
PHSIO,PHILIPPINES (THE),SIO,San Ignacio/Mati,TRUE
PHSIR,PHILIPPINES (THE),SIR,Siari/Ozamis,TRUE
PHSIS,PHILIPPINES (THE),SIS,San Isidro/Sanjose,TRUE
PHSIY,PHILIPPINES (THE),SIY,Siay/Zamboanga,TRUE
PHSJI,PHILIPPINES (THE),SJI,"San Jose Apt, Mindoro",TRUE
PHSKU,PHILIPPINES (THE),SKU,Sultan Kudarat/Dadiangas,TRUE
PHSLU,PHILIPPINES (THE),SLU,Santa Lucia/Puerto Princesa,TRUE
PHSMA,PHILIPPINES (THE),SMA,Santa Maria/Zamboanga,TRUE
PHSMR,PHILIPPINES (THE),SMR,Semirara,TRUE
PHSNG,PHILIPPINES (THE),SNG,Sangi/Cebu,TRUE
PHSNI,PHILIPPINES (THE),SNI,Santa Nino,TRUE
PHSOR,PHILIPPINES (THE),SOR,Sorsogon/Legaspi,TRUE
PHSPQ,PHILIPPINES (THE),SPQ,San Pio Quinto/Aparri,TRUE
PHSTE,PHILIPPINES (THE),STE,San Teodoro/Batangas,TRUE
PHSUA,PHILIPPINES (THE),SUA,Sual,TRUE
PHSUG,PHILIPPINES (THE),SUG,"Surigao, Mindanao",TRUE
PHTAC,PHILIPPINES (THE),TAC,"Tacloban, Leyte",TRUE
PHTAG,PHILIPPINES (THE),TAG,"Tagbilaran, Bohol",TRUE
PHTAL,PHILIPPINES (THE),TAL,Talibon,TRUE
PHTAN,PHILIPPINES (THE),TAN,Tandayag,TRUE
PHTAY,PHILIPPINES (THE),TAY,Taytay/Puerto Princesa,TRUE
PHTBC,PHILIPPINES (THE),TBC,Tabaco/Legaspi,TRUE
PHTBG,PHILIPPINES (THE),TBG,Tabangoa,TRUE
PHTBU,PHILIPPINES (THE),TBU,Tagabuli/Davao,TRUE
PHTDC,PHILIPPINES (THE),TDC,Tandoc,TRUE
PHTDG,PHILIPPINES (THE),TDG,Tandag/Bislig,TRUE
PHTGD,PHILIPPINES (THE),TGD,Tagudin/San Fernando,TRUE
PHTGI,PHILIPPINES (THE),TGI,Tuguis/Dadiangas,TRUE
PHTGL,PHILIPPINES (THE),TGL,Taguilon/Ozamis,TRUE
PHTGN,PHILIPPINES (THE),TGN,Tambungon/Davao,TRUE
PHTGO,PHILIPPINES (THE),TGO,Tagoloan,TRUE
PHTGT,PHILIPPINES (THE),TGT,Taguite Bay/Zamboanga,TRUE
PHTGW,PHILIPPINES (THE),TGW,Tungawan Bay/Zamboanga,TRUE
PHTIB,PHILIPPINES (THE),TIB,Tibungco/Davao,TRUE
PHTKW,PHILIPPINES (THE),TKW,Tagkawayan/Siain,TRUE
PHTLD,PHILIPPINES (THE),TLD,Toledo/Cebu,TRUE
PHTLG,PHILIPPINES (THE),TLG,Tolong/Dumaguete,TRUE
PHTLM,PHILIPPINES (THE),TLM,Talomo/Davao,TRUE
PHTLP,PHILIPPINES (THE),TLP,Tolopo,TRUE
PHTLS,PHILIPPINES (THE),TLS,Tolosa/Tacloban,TRUE
PHTNU,PHILIPPINES (THE),TNU,Tanauan/Tacloban,TRUE
PHTOB,PHILIPPINES (THE),TOB,Toboso/Dumaguete,TRUE
PHTRO,PHILIPPINES (THE),TRO,Troloban,TRUE
PHULY,PHILIPPINES (THE),ULY,Ulugan Bay,TRUE
PHURR,PHILIPPINES (THE),URR,Umrur,TRUE
PHVCS,PHILIPPINES (THE),VCS,"Victorias, Negros",TRUE
PHVNV,PHILIPPINES (THE),VNV,Villanueva,TRUE
PHVTL,PHILIPPINES (THE),VTL,Vitali/Zamboanga,TRUE
PHVTO,PHILIPPINES (THE),VTO,Vito/Iloilo,TRUE
PHWAS,PHILIPPINES (THE),WAS,Wasag/Dadiangas,TRUE
PHWAW,PHILIPPINES (THE),WAW,Wawa/Batangas,TRUE
PHWNP,PHILIPPINES (THE),WNP,Naga/Zamboanga,TRUE
PHXSO,PHILIPPINES (THE),XSO,Siocon/Zamboanga,TRUE
PHZAM,PHILIPPINES (THE),ZAM,Zamboanga,TRUE
PKGWD,PAKISTAN,GWD,Gwadar,TRUE
PKJIW,PAKISTAN,JIW,Jiwani,TRUE
PKKBU,PAKISTAN,KBU,Keti Bunder,TRUE
PKKCT,PAKISTAN,KCT,Karachi Container Terminal,TRUE
PKKHI,PAKISTAN,KHI,"Karachi, Pakistan",TRUE
PKORW,PAKISTAN,ORW,Ormara,TRUE
PKPSI,PAKISTAN,PSI,Pasni,TRUE
PLBZG,POLAND,BZG,Bydgoszcz,TRUE
PLDAR,POLAND,DAR,Darlowo,TRUE
PLGCW,POLAND,GCW,Goclaw,TRUE
PLGDN,POLAND,GDN,"Gdansk, Poland",TRUE
PLGDY,POLAND,GDY,"Gdynia, Poland",TRUE
PLGKI,POLAND,GKI,Glinki,TRUE
PLHEL,POLAND,HEL,Hel,TRUE
PLKLI,POLAND,KLI,Klikawa,TRUE
PLKOD,POLAND,KOD,Krosno Odrzanskie,TRUE
PLKOL,POLAND,KOL,Kolobrzeg,TRUE
PLMKW,POLAND,MKW,Mietkow,TRUE
PLMYL,POLAND,MYL,Myslowice,TRUE
PLMYS,POLAND,MYS,Myslakowice,TRUE
PLNFW,POLAND,NFW,Neufahrwasser,TRUE
PLNOW,POLAND,NOW,Nowy Port,TRUE
PLNWA,POLAND,NWA,Nowe Warpno,TRUE
PLOLA,POLAND,OLA,Olawa,TRUE
PLPIL,POLAND,PIL,Pila,TRUE
PLPLC,POLAND,PLC,Police,TRUE
PLSOP,POLAND,SOP,Sopot,TRUE
PLSPA,POLAND,SPA,Stepnica,TRUE
PLSWI,POLAND,SWI,Swinoujscie,TRUE
PLSZZ,POLAND,SZZ,"Szczecin, Poland",TRUE
PLTBZ,POLAND,TBZ,Trzebiez,TRUE
PLTRA,POLAND,TRA,Trawniki,TRUE
PLUST,POLAND,UST,Ustka,TRUE
PLWLA,POLAND,WLA,Wladyslawowo,TRUE
PLWOL,POLAND,WOL,Wolborz,TRUE
PLWYG,POLAND,WYG,Wygledi,TRUE
PLZAG,POLAND,ZAG,Zagan,TRUE
PLZPO,POLAND,ZPO,Zpowtuchola,TRUE
PMFSP,SAINT PIERRE AND MIQUELON,FSP,St Pierre,TRUE
PNPCN,PITCAIRN,PCN,Pitcairn Is,TRUE
PRAGU,PUERTO RICO,AGU,Aguada,TRUE
PRARE,PUERTO RICO,ARE,Arecibo,TRUE
PRARR,PUERTO RICO,ARR,Arroyo/Guayama,TRUE
PRBAS,PUERTO RICO,BAS,Barranquitas,TRUE
PRBQN,PUERTO RICO,BQN,Aguadilla,TRUE
PRCIA,PUERTO RICO,CIA,Cidra,TRUE
PRCUP,PUERTO RICO,CUP,"Cupey, San Juan",TRUE
PRGMA,PUERTO RICO,GMA,Guayama,TRUE
PRGUA,PUERTO RICO,GUA,Guabano,TRUE
PRGUO,PUERTO RICO,GUO,Guaynabo,TRUE
PRGUR,PUERTO RICO,GUR,Gurabo,TRUE
PRGUX,PUERTO RICO,GUX,Guanica,TRUE
PRGUY,PUERTO RICO,GUY,Guayanilla,TRUE
PRHRE,PUERTO RICO,HRE,Hato Rey,TRUE
PRJDI,PUERTO RICO,JDI,Juana Diaz,TRUE
PRJIC,PUERTO RICO,JIC,Jicome,TRUE
PRLAM,PUERTO RICO,LAM,Las Mareas (Guayama),TRUE
PRLJS,PUERTO RICO,LJS,Lajas,TRUE
PRMAR,PUERTO RICO,MAR,Maricao,TRUE
PRMAZ,PUERTO RICO,MAZ,Mayaguez,TRUE
PRMIR,PUERTO RICO,MIR,Miramar,TRUE
PRNXL,PUERTO RICO,NXL,Noxell,TRUE
PRPEN,PUERTO RICO,PEN,Penuelas,TRUE
PRPJO,PUERTO RICO,PJO,Puerto de Jobos,TRUE
PRPNU,PUERTO RICO,PNU,Puerto Nuevo,TRUE
PRPSE,PUERTO RICO,PSE,"Ponce, Puerto Rico",TRUE
PRPYA,PUERTO RICO,PYA,Puerto Yabucoa,TRUE
PRRPS,PUERTO RICO,RPS,Rio Piedras,TRUE
PRSGR,PUERTO RICO,SGR,Sabana Grande,TRUE
PRSJU,PUERTO RICO,SJU,"San Juan, Puerto Rico",TRUE
PRTBJ,PUERTO RICO,TBJ,Toa Baja,TRUE
PRTOT,PUERTO RICO,TOT,Tottillas,TRUE
PTABF,PORTUGAL,ABF,Albufeira,TRUE
PTADH,PORTUGAL,ADH,Angra do Heroismo,TRUE
PTARP,PORTUGAL,ARP,Armacao de Pera,TRUE
PTAVE,PORTUGAL,AVE,Aveiro,TRUE
PTBAN,PORTUGAL,BAN,Banatica,TRUE
PTCAC,PORTUGAL,CAC,Cacem,TRUE
PTCAL,PORTUGAL,CAL,"Calheta, I. Sao Jorge",TRUE
PTCAS,PORTUGAL,CAS,Cascais,TRUE
PTCDP,PORTUGAL,CDP,Cais do Pico,TRUE
PTCML,PORTUGAL,CML,Camara de Lobos,TRUE
PTCNA,PORTUGAL,CNA,Coina,TRUE
PTCPL,PORTUGAL,CPL,Capelo,TRUE
PTEST,PORTUGAL,EST,Estoril,TRUE
PTFAO,PORTUGAL,FAO,Faro,TRUE
PTFDF,PORTUGAL,FDF,Figueira da Foz,TRUE
PTFNC,PORTUGAL,FNC,"Funchal, Madeira",TRUE
PTGIF,PORTUGAL,GIF,Guifoes,TRUE
PTHOR,PORTUGAL,HOR,Horta,TRUE
PTLAJ,PORTUGAL,LAJ,Lajes das Flores,TRUE
PTLDP,PORTUGAL,LDP,Lajes,TRUE
PTLEI,PORTUGAL,LEI,"Leixoes, Portugal",TRUE
PTLEP,PORTUGAL,LEP,Leca da Palmeira,TRUE
PTLIS,PORTUGAL,LIS,"Lisbon, Portugal",TRUE
PTLOS,PORTUGAL,LOS,Lagos,TRUE
PTMAD,PORTUGAL,MAD,Madalena,TRUE
PTMAT,PORTUGAL,MAT,Matosinhos,TRUE
PTMCH,PORTUGAL,MCH,Machico,TRUE
PTNRD,PORTUGAL,NRD,Nordeste,TRUE
PTOEI,PORTUGAL,OEI,Oeiras,TRUE
PTOLH,PORTUGAL,OLH,Olhao,TRUE
PTOPO,PORTUGAL,OPO,Porto,TRUE
PTPCZ,PORTUGAL,PCZ,Porto da Cruz,TRUE
PTPDL,PORTUGAL,PDL,Ponta Delgada,TRUE
PTPDS,PORTUGAL,PDS,Ponte de Sor,TRUE
PTPEN,PORTUGAL,PEN,Peniche,TRUE
PTPFT,PORTUGAL,PFT,Perafita,TRUE
PTPMZ,PORTUGAL,PMZ,Porto Moniz,TRUE
PTPOM,PORTUGAL,POM,Pomarao,TRUE
PTPRG,PORTUGAL,PRG,Praia da Graciosa,TRUE
PTPRM,PORTUGAL,PRM,Portimao,TRUE
PTPRV,PORTUGAL,PRV,Praia da Vitoria,TRUE
PTPVC,PORTUGAL,PVC,Povoacao,TRUE
PTPXO,PORTUGAL,PXO,Porto Santo Island,TRUE
PTQRT,PORTUGAL,QRT,Quarteira,TRUE
PTSCF,PORTUGAL,SCF,Santa Cruz das Flores,TRUE
PTSCG,PORTUGAL,SCG,Santa Cruz da Graciosa,TRUE
PTSET,PORTUGAL,SET,Setubal,TRUE
PTSHA,PORTUGAL,SHA,Senhora da Hora,TRUE
PTSIE,PORTUGAL,SIE,"Sines, Portugal",TRUE
PTSMI,PORTUGAL,SMI,Sao Miguel,TRUE
PTSMT,PORTUGAL,SMT,Sao Mateus,TRUE
PTSSB,PORTUGAL,SSB,Sesimbra,TRUE
PTTER,PORTUGAL,TER,Terceira Island Apt,TRUE
PTTPO,PORTUGAL,TPO,Topo,TRUE
PTVDC,PORTUGAL,VDC,Viana do Castelo,TRUE
PTVDP,PORTUGAL,VDP,Vila do Porto,TRUE
PTVEL,PORTUGAL,VEL,Velas,TRUE
PTVFC,PORTUGAL,VFC,Vila Franca do Campo,TRUE
PTVFX,PORTUGAL,VFX,Vila Franca de Xira,TRUE
PTVIC,PORTUGAL,VIC,Vila do Conde,TRUE
PTVNC,PORTUGAL,VNC,Vila Nova do Corvo,TRUE
PTVRE,PORTUGAL,VRE,Vila Real de Santo Antonio,TRUE
PTZFM,PORTUGAL,ZFM,Zona Franca da Madeira,TRUE
PWANG,PALAU,ANG,Angaur,TRUE
PWROR,PALAU,ROR,Koror,TRUE
PYAGT,PARAGUAY,AGT,Ciudad del Este,TRUE
PYASU,PARAGUAY,ASU,"Asuncion, Paraguay",TRUE
PYCNP,PARAGUAY,CNP,Concepcion,TRUE
PYENO,PARAGUAY,ENO,"Encarnacion, Paraguay",TRUE
PYITE,PARAGUAY,ITE,Ita Enramada,TRUE
PYSAN,PARAGUAY,SAN,San Antonio,TRUE
PYTER,PARAGUAY,TER,Terport (San Antonio),TRUE
PYVLL,PARAGUAY,VLL,Villeta,TRUE
QAASN,QATAR,ASN,Al Shaheen,TRUE
QADOH,QATAR,DOH,"Doha, Qatar",TRUE
QAHAL,QATAR,HAL,Halul,TRUE
QAHNA,QATAR,HNA,Hanna,TRUE
QAMES,QATAR,MES,Mesaieed,TRUE
QARLF,QATAR,RLF,Ras Laffan,TRUE
QAUMS,QATAR,UMS,Umm Sa'id (Mesaieed),TRUE
RELPT,RÉUNION,LPT,Le Port,TRUE
REPDG,RÉUNION,PDG,"Pointe Des Galets, Reunion",TRUE
REREU,RÉUNION,REU,Reunion,TRUE
ROAGI,ROMANIA,AGI,Agigea,TRUE
ROBAB,ROMANIA,BAB,Basarabi,TRUE
ROBRA,ROMANIA,BRA,Braila,TRUE
ROCND,ROMANIA,CND,"Constanta, Romania",TRUE
ROCRU,ROMANIA,CRU,Cerasu,TRUE
ROGMA,ROMANIA,GMA,Garla-Mare,TRUE
ROMAG,ROMANIA,MAG,Mangalia,TRUE
ROMED,ROMANIA,MED,Medgidia,TRUE
ROMID,ROMANIA,MID,Midia,TRUE
ROMNI,ROMANIA,MNI,Moinesti,TRUE
ROMSI,ROMANIA,MSI,Moisei,TRUE
RORZV,ROMANIA,RZV,Roznov,TRUE
ROSUL,ROMANIA,SUL,Sulina (Port et Zone Franche),TRUE
ROTDA,ROMANIA,TDA,Turda,TRUE
ROURA,ROMANIA,URA,Unirea,TRUE
RUABS,RUSSIAN FEDERATION (THE),ABS,Akhtubinsk,TRUE
RUAHR,RUSSIAN FEDERATION (THE),AHR,Akhtari,TRUE
RUAMB,RUSSIAN FEDERATION (THE),AMB,Ambetsu,TRUE
RUARH,RUSSIAN FEDERATION (THE),ARH,Arkhangelsk,TRUE
RUARM,RUSSIAN FEDERATION (THE),ARM,Arman (Magadan),TRUE
RUASF,RUSSIAN FEDERATION (THE),ASF,Astrakhan,TRUE
RUAZO,RUSSIAN FEDERATION (THE),AZO,Azov,TRUE
RUBEL,RUSSIAN FEDERATION (THE),BEL,Belushye,TRUE
RUBEM,RUSSIAN FEDERATION (THE),BEM,Belomorsk,TRUE
RUBER,RUSSIAN FEDERATION (THE),BER,"Beringovskiy, Port",TRUE
RUBKH,RUSSIAN FEDERATION (THE),BKH,Bektyashka,TRUE
RUBLT,RUSSIAN FEDERATION (THE),BLT,Baltiysk,TRUE
RUBOS,RUSSIAN FEDERATION (THE),BOS,Boshnyakovo,TRUE
RUCEE,RUSSIAN FEDERATION (THE),CEE,Cherepovets,TRUE
RUCHA,RUSSIAN FEDERATION (THE),CHA,Chamgu,TRUE
RUCIH,RUSSIAN FEDERATION (THE),CIH,Chikacheva,TRUE
RUDKA,RUSSIAN FEDERATION (THE),DKA,De-Kastri,TRUE
RUDUD,RUSSIAN FEDERATION (THE),DUD,Dudinka,TRUE
RUDYR,RUSSIAN FEDERATION (THE),DYR,Anadyr,TRUE
RUEGV,RUSSIAN FEDERATION (THE),EGV,Egvekinot,TRUE
RUEKO,RUSSIAN FEDERATION (THE),EKO,Ekonomiya,TRUE
RUGKA,RUSSIAN FEDERATION (THE),GKA,Golchikka,TRUE
RUGOJ,RUSSIAN FEDERATION (THE),GOJ,Nizhniy Novgorod (ex Gorkiy),TRUE
RUGRH,RUSSIAN FEDERATION (THE),GRH,Gremikha,TRUE
RUIAA,RUSSIAN FEDERATION (THE),IAA,Igarka,TRUE
RUIAR,RUSSIAN FEDERATION (THE),IAR,Yaroslavl,TRUE
RUIKS,RUSSIAN FEDERATION (THE),IKS,Tiksi,TRUE
RUIOK,RUSSIAN FEDERATION (THE),IOK,Iokanka,TRUE
RUIOY,RUSSIAN FEDERATION (THE),IOY,Ikryanoye,TRUE
RUKAN,RUSSIAN FEDERATION (THE),KAN,Kandalaksha,TRUE
RUKDN,RUSSIAN FEDERATION (THE),KDN,Kildin,TRUE
RUKDT,RUSSIAN FEDERATION (THE),KDT,Kronshtadt,TRUE
RUKEM,RUSSIAN FEDERATION (THE),KEM,Kem,TRUE
RUKER,RUSSIAN FEDERATION (THE),KER,Keret,TRUE
RUKGD,RUSSIAN FEDERATION (THE),KGD,Kaliningrad,TRUE
RUKHO,RUSSIAN FEDERATION (THE),KHO,Kholmsk,TRUE
RUKHV,RUSSIAN FEDERATION (THE),KHV,Khabarovsk,TRUE
RUKIN,RUSSIAN FEDERATION (THE),KIN,Kineshma,TRUE
RUKJA,RUSSIAN FEDERATION (THE),KJA,Krasnojarsk,TRUE
RUKMM,RUSSIAN FEDERATION (THE),KMM,Malaya Kheta,TRUE
RUKMU,RUSSIAN FEDERATION (THE),KMU,Kamskoye Ustye,TRUE
RUKMV,RUSSIAN FEDERATION (THE),KMV,Velikaya Kema,TRUE
RUKNV,RUSSIAN FEDERATION (THE),KNV,Krasnovodsk,TRUE
RUKNY,RUSSIAN FEDERATION (THE),KNY,Khvalynsk,TRUE
RUKOR,RUSSIAN FEDERATION (THE),KOR,Korsakov,TRUE
RUKRF,RUSSIAN FEDERATION (THE),KRF,Korf,TRUE
RUKRR,RUSSIAN FEDERATION (THE),KRR,Krasnodar,TRUE
RUKSL,RUSSIAN FEDERATION (THE),KSL,Kislaya Guba,TRUE
RUKUF,RUSSIAN FEDERATION (THE),KUF,Samara (ex Kuibyshev),TRUE
RUKYB,RUSSIAN FEDERATION (THE),KYB,Krasnyye Barrikady,TRUE
RULAZ,RUSSIAN FEDERATION (THE),LAZ,Lazarev,TRUE
RULES,RUSSIAN FEDERATION (THE),LES,Lesogorsk,TRUE
RULNR,RUSSIAN FEDERATION (THE),LNR,Linakhamari,TRUE
RULOM,RUSSIAN FEDERATION (THE),LOM,Lomonosov,TRUE
RULVR,RUSSIAN FEDERATION (THE),LVR,Lavrentiya,TRUE
RUMAG,RUSSIAN FEDERATION (THE),MAG,"Magadansky, Port",TRUE
RUMCX,RUSSIAN FEDERATION (THE),MCX,Makhachkala,TRUE
RUMEG,RUSSIAN FEDERATION (THE),MEG,Medvezhyegorsk,TRUE
RUMEZ,RUSSIAN FEDERATION (THE),MEZ,Mezen,TRUE
RUMGO,RUSSIAN FEDERATION (THE),MGO,Mago,TRUE
RUMMK,RUSSIAN FEDERATION (THE),MMK,Murmansk,TRUE
RUMOW,RUSSIAN FEDERATION (THE),MOW,"Moscow, Russia",TRUE
RUMSH,RUSSIAN FEDERATION (THE),MSH,Mys Shmidta,TRUE
RUMVO,RUSSIAN FEDERATION (THE),MVO,Moskalvo,TRUE
RUNAC,RUSSIAN FEDERATION (THE),NAC,Naberezhnyye Chelny,TRUE
RUNEV,RUSSIAN FEDERATION (THE),NEV,Nevelsk,TRUE
RUNIA,RUSSIAN FEDERATION (THE),NIA,Nikolayevsk-na-Amure,TRUE
RUNJK,RUSSIAN FEDERATION (THE),NJK,Nakhodka,TRUE
RUNNM,RUSSIAN FEDERATION (THE),NNM,Naryan Mar,TRUE
RUNOG,RUSSIAN FEDERATION (THE),NOG,Nogliki,TRUE
RUNVS,RUSSIAN FEDERATION (THE),NVS,Novorossiysk,TRUE
RUOHO,RUSSIAN FEDERATION (THE),OHO,Okhotsk,TRUE
RUOKA,RUSSIAN FEDERATION (THE),OKA,"Okha, Sakhalin",TRUE
RUOKT,RUSSIAN FEDERATION (THE),OKT,Oktyabr'skiy,TRUE
RUOLB,RUSSIAN FEDERATION (THE),OLB,Bukhta Olga,TRUE
RUOLG,RUSSIAN FEDERATION (THE),OLG,"Olenya, Guba",TRUE
RUOLO,RUSSIAN FEDERATION (THE),OLO,Oleniy Ostrov,TRUE
RUONG,RUSSIAN FEDERATION (THE),ONG,Onega,TRUE
RUOYA,RUSSIAN FEDERATION (THE),OYA,Olya,TRUE
RUOZE,RUSSIAN FEDERATION (THE),OZE,Oranzherei,TRUE
RUOZK,RUSSIAN FEDERATION (THE),OZK,Ozerko,TRUE
RUPCE,RUSSIAN FEDERATION (THE),PCE,Pechenga,TRUE
RUPEK,RUSSIAN FEDERATION (THE),PEK,Petrokrepost,TRUE
RUPES,RUSSIAN FEDERATION (THE),PES,Petrozavodsk,TRUE
RUPEX,RUSSIAN FEDERATION (THE),PEX,Pechora,TRUE
RUPGN,RUSSIAN FEDERATION (THE),PGN,Prigorodnoye,TRUE
RUPKC,RUSSIAN FEDERATION (THE),PKC,Petropavlovsk-Kamchatskiy,TRUE
RUPRI,RUSSIAN FEDERATION (THE),PRI,Primorsk (Koivisto),TRUE
RUPRN,RUSSIAN FEDERATION (THE),PRN,Poronaisk,TRUE
RUPRY,RUSSIAN FEDERATION (THE),PRY,Preobrazheniye,TRUE
RUPSE,RUSSIAN FEDERATION (THE),PSE,Posyet,TRUE
RUPTN,RUSSIAN FEDERATION (THE),PTN,Plastun,TRUE
RUPUD,RUSSIAN FEDERATION (THE),PUD,Pudozh,TRUE
RUPVS,RUSSIAN FEDERATION (THE),PVS,"Provideniya, Bukhta",TRUE
RUPWE,RUSSIAN FEDERATION (THE),PWE,Pevek,TRUE
RUPYO,RUSSIAN FEDERATION (THE),PYO,Poyarkovo,TRUE
RURDP,RUSSIAN FEDERATION (THE),RDP,Rudnaya Pristan,TRUE
RUROV,RUSSIAN FEDERATION (THE),ROV,Rostov,TRUE
RURTW,RUSSIAN FEDERATION (THE),RTW,Saratov,TRUE
RURYB,RUSSIAN FEDERATION (THE),RYB,Rybinsk,TRUE
RUSEG,RUSSIAN FEDERATION (THE),SEG,Segezha,TRUE
RUSEW,RUSSIAN FEDERATION (THE),SEW,Severodvinsk,TRUE
RUSHA,RUSSIAN FEDERATION (THE),SHA,Shakhtersk,TRUE
RUSIZ,RUSSIAN FEDERATION (THE),SIZ,Siziman,TRUE
RUSKA,RUSSIAN FEDERATION (THE),SKA,Slavyanka,TRUE
RUSOC,RUSSIAN FEDERATION (THE),SOC,Sochi,TRUE
RUSOG,RUSSIAN FEDERATION (THE),SOG,Sovetskaya Gavan,TRUE
RUSPA,RUSSIAN FEDERATION (THE),SPA,"Spafaryeva, O",TRUE
RUSRM,RUSSIAN FEDERATION (THE),SRM,Severomorsk,TRUE
RUSVE,RUSSIAN FEDERATION (THE),SVE,Svetlaya,TRUE
RUSVK,RUSSIAN FEDERATION (THE),SVK,Severo-Kurilsk,TRUE
RUSYZ,RUSSIAN FEDERATION (THE),SYZ,Syzran,TRUE
RUTAG,RUSSIAN FEDERATION (THE),TAG,Taganrog,TRUE
RUTAU,RUSSIAN FEDERATION (THE),TAU,Tauisk,TRUE
RUTDO,RUSSIAN FEDERATION (THE),TDO,Trudfront,TRUE
RUTRR,RUSSIAN FEDERATION (THE),TRR,Trifonov Ruchey,TRUE
RUTTI,RUSSIAN FEDERATION (THE),TTI,Tolyatti,TRUE
RUTUA,RUSSIAN FEDERATION (THE),TUA,Tuapse,TRUE
RUUGC,RUSSIAN FEDERATION (THE),UGC,Uglich,TRUE
RUUGL,RUSSIAN FEDERATION (THE),UGL,Uglegorsk,TRUE
RUUKK,RUSSIAN FEDERATION (THE),UKK,Ust-Kamchatsk,TRUE
RUUMB,RUSSIAN FEDERATION (THE),UMB,Umba,TRUE
RUURA,RUSSIAN FEDERATION (THE),URA,Ura-Guba,TRUE
RUVIT,RUSSIAN FEDERATION (THE),VIT,Vitino,TRUE
RUVNN,RUSSIAN FEDERATION (THE),VNN,Vanino,TRUE
RUVTZ,RUSSIAN FEDERATION (THE),VTZ,Vityaz,TRUE
RUVVO,RUSSIAN FEDERATION (THE),VVO,Vladivostok,TRUE
RUVYG,RUSSIAN FEDERATION (THE),VYG,Vyborg,TRUE
RUVYP,RUSSIAN FEDERATION (THE),VYP,"Vostochniy, Port",TRUE
RUVZB,RUSSIAN FEDERATION (THE),VZB,"Vozrozhdeniya, Bukhta",TRUE
RUYAB,RUSSIAN FEDERATION (THE),YAB,Yagelnaya Bukhta,TRUE
RUYEY,RUSSIAN FEDERATION (THE),YEY,Yeysk,TRUE
RUZAO,RUSSIAN FEDERATION (THE),ZAO,"Zavyalova, O",TRUE
RUZAR,RUSSIAN FEDERATION (THE),ZAR,Zarubino,TRUE
RUZEM,RUSSIAN FEDERATION (THE),ZEM,Zeleniy Mys,TRUE
SAAHA,SAUDI ARABIA,AHA,Al Hada,TRUE
SAALK,SAUDI ARABIA,ALK,Al Khobar,TRUE
SADHA,SAUDI ARABIA,DHA,Dhahran,TRUE
SADHU,SAUDI ARABIA,DHU,Dhuba,TRUE
SADMM,SAUDI ARABIA,DMM,Ad Dammam,TRUE
SADMN,SAUDI ARABIA,DMN,"Damman, Saudi Arabia",TRUE
SAEJH,SAUDI ARABIA,EJH,Wedjh,TRUE
SAGIZ,SAUDI ARABIA,GIZ,Jizan,TRUE
SAJBI,SAUDI ARABIA,JBI,Al Jubayl Industrial City,TRUE
SAJED,SAUDI ARABIA,JED,"Jeddah, Saudi Arabia",TRUE
SAJIZ,SAUDI ARABIA,JIZ,Jizan,TRUE
SAJUB,SAUDI ARABIA,JUB,Jubail,TRUE
SAJUT,SAUDI ARABIA,JUT,Juaymah Terminal,TRUE
SAKFH,SAUDI ARABIA,KFH,King Fhad,TRUE
SAKKH,SAUDI ARABIA,KKH,King Khalid,TRUE
SALIT,SAUDI ARABIA,LIT,Lith,TRUE
SAMAK,SAUDI ARABIA,MAK,Makkah,TRUE
SAMAN,SAUDI ARABIA,MAN,Manailih,TRUE
SAMUF,SAUDI ARABIA,MUF,Manfouha,TRUE
SAQAL,SAUDI ARABIA,QAL,Qalsn,TRUE
SAQUR,SAUDI ARABIA,QUR,Qurayyah,TRUE
SARAB,SAUDI ARABIA,RAB,Rabigh,TRUE
SARAM,SAUDI ARABIA,RAM,Ras al Mishab,TRUE
SARAR,SAUDI ARABIA,RAR,Ras al Khafji,TRUE
SARTA,SAUDI ARABIA,RTA,Ras Tanura,TRUE
SASUH,SAUDI ARABIA,SUH,Salboukh,TRUE
SAVLA,SAUDI ARABIA,VLA,Umm Lajj,TRUE
SAYBI,SAUDI ARABIA,YBI,Yanbu Industrial City,TRUE
SAYNB,SAUDI ARABIA,YNB,Yanbu al-Bahr,TRUE
SAZUY,SAUDI ARABIA,ZUY,Zulayfayn,TRUE
SBAKS,SOLOMON ISLANDS,AKS,"Auki, Malaita Is",TRUE
SBAOB,SOLOMON ISLANDS,AOB,Aola Bay,TRUE
SBCHY,SOLOMON ISLANDS,CHY,Choiseul Bay,TRUE
SBGZO,SOLOMON ISLANDS,GZO,Gizo,TRUE
SBHIR,SOLOMON ISLANDS,HIR,"Honiara, Guadalcanal Is",TRUE
SBIRA,SOLOMON ISLANDS,IRA,"Kirakira, San Cristobal Is",TRUE
SBLEV,SOLOMON ISLANDS,LEV,Lever Harbour,TRUE
SBLOF,SOLOMON ISLANDS,LOF,Lofung,TRUE
SBNEM,SOLOMON ISLANDS,NEM,Nemba,TRUE
SBNOR,SOLOMON ISLANDS,NOR,"Noro, New Georgia",TRUE
SBRIN,SOLOMON ISLANDS,RIN,"Ringgi Cove, Kolombangara",TRUE
SBRUS,SOLOMON ISLANDS,RUS,"Marau Sound, Guadalcanal Is",TRUE
SBSCZ,SOLOMON ISLANDS,SCZ,Santa Cruz Is,TRUE
SBSHH,SOLOMON ISLANDS,SHH,Shortland Harbour,TRUE
SBTLG,SOLOMON ISLANDS,TLG,"Tulagi, Ngella",TRUE
SBVIU,SOLOMON ISLANDS,VIU,Viru Harbour,TRUE
SBXYA,SOLOMON ISLANDS,XYA,"Yandina, Russell Island",TRUE
SCMAW,SEYCHELLES,MAW,Mahe,TRUE
SCPOV,SEYCHELLES,POV,Port Victoria,TRUE
SDMBH,SUDAN (THE),MBH,Marsa Bashayer,TRUE
SDPZU,SUDAN (THE),PZU,"Port Soudan, Sudan",TRUE
SDSWA,SUDAN (THE),SWA,Swakin,TRUE
SEAAR,SWEDEN,AAR,Ar,TRUE
SEADG,SWEDEN,ADG,Arildslage,TRUE
SEAGB,SWEDEN,AGB,Agnesberg,TRUE
SEAGN,SWEDEN,AGN,Alvangen,TRUE
SEAHU,SWEDEN,AHU,Ahus,TRUE
SEALA,SWEDEN,ALA,Ala,TRUE
SEALF,SWEDEN,ALF,Alfredshem,TRUE
SEALN,SWEDEN,ALN,Alvenas,TRUE
SEAMA,SWEDEN,AMA,Amal,TRUE
SEANK,SWEDEN,ANK,Ankarsvik,TRUE
SEARA,SWEDEN,ARA,Arboga,TRUE
SEARB,SWEDEN,ARB,Arbra,TRUE
SEARK,SWEDEN,ARK,Arnoviken,TRUE
SEARV,SWEDEN,ARV,Arvika,TRUE
SEASD,SWEDEN,ASD,Askersund,TRUE
SEASU,SWEDEN,ASU,Arkosund,TRUE
SEAVK,SWEDEN,AVK,Almvik,TRUE
SEBAC,SWEDEN,BAC,Backviken,TRUE
SEBAS,SWEDEN,BAS,Bastad,TRUE
SEBAT,SWEDEN,BAT,Batskarsnas,TRUE
SEBDQ,SWEDEN,BDQ,Boda,TRUE
SEBEA,SWEDEN,BEA,Bergkvara,TRUE
SEBER,SWEDEN,BER,Bergs oljehamn,TRUE
SEBJR,SWEDEN,BJR,Bjarred,TRUE
SEBLA,SWEDEN,BLA,Blankaholm,TRUE
SEBLD,SWEDEN,BLD,Bovallstrand,TRUE
SEBLV,SWEDEN,BLV,Ballstaviken,TRUE
SEBOG,SWEDEN,BOG,Borensberg,TRUE
SEBOH,SWEDEN,BOH,Bohus,TRUE
SEBOL,SWEDEN,BOL,Bollstabruk,TRUE
SEBOM,SWEDEN,BOM,Borgholm,TRUE
SEBRE,SWEDEN,BRE,Bredviken,TRUE
SEBRO,SWEDEN,BRO,Brofjorden,TRUE
SEBRT,SWEDEN,BRT,Brottby,TRUE
SEBTF,SWEDEN,BTF,Bengtsfors,TRUE
SEBUR,SWEDEN,BUR,Burea,TRUE
SEBUV,SWEDEN,BUV,Burgsvik,TRUE
SEBYX,SWEDEN,BYX,Byxelkrok,TRUE
SEDEG,SWEDEN,DEG,Degerhamn,TRUE
SEDJN,SWEDEN,DJN,Djuron,TRUE
SEDJP,SWEDEN,DJP,Djupvik,TRUE
SEDJU,SWEDEN,DJU,Djurmo,TRUE
SEDLA,SWEDEN,DLA,Dalaro,TRUE
SEDOM,SWEDEN,DOM,Domsjo,TRUE
SEDON,SWEDEN,DON,Donso,TRUE
SEDYN,SWEDEN,DYN,Dynas,TRUE
SEENK,SWEDEN,ENK,Enkoping,TRUE
SEESS,SWEDEN,ESS,Essvik,TRUE
SEFAG,SWEDEN,FAG,Falkenberg,TRUE
SEFAK,SWEDEN,FAK,Fagervik,TRUE
SEFBK,SWEDEN,FBK,Fiskebackskil,TRUE
SEFIG,SWEDEN,FIG,Figeholm,TRUE
SEFIL,SWEDEN,FIL,Filipstad,TRUE
SEFIS,SWEDEN,FIS,Fiskeback,TRUE
SEFJA,SWEDEN,FJA,Fjallbacka,TRUE
SEFKG,SWEDEN,FKG,Falkoping,TRUE
SEFLX,SWEDEN,FLX,Flaxenvik,TRUE
SEFOR,SWEDEN,FOR,Forsmark,TRUE
SEFRA,SWEDEN,FRA,Frano,TRUE
SEFSB,SWEDEN,FSB,Falsterbo,TRUE
SEFSD,SWEDEN,FSD,Farosund,TRUE
SEGAD,SWEDEN,GAD,Gaddviken,TRUE
SEGAM,SWEDEN,GAM,Gamleby,TRUE
SEGKS,SWEDEN,GKS,Gustavsvik/Stockholm,TRUE
SEGKV,SWEDEN,GKV,Grankullaviken,TRUE
SEGOA,SWEDEN,GOA,Gota,TRUE
SEGOT,SWEDEN,GOT,"Goteborg, Sweden",TRUE
SEGRD,SWEDEN,GRD,Grundsund,TRUE
SEGRE,SWEDEN,GRE,Grebbestad,TRUE
SEGRH,SWEDEN,GRH,Grisslehamn,TRUE
SEGRK,SWEDEN,GRK,Grundvik,TRUE
SEGRU,SWEDEN,GRU,Gruvon,TRUE
SEGUB,SWEDEN,GUB,Gustavsberg,TRUE
SEGUN,SWEDEN,GUN,Gunnebo,TRUE
SEGUS,SWEDEN,GUS,Gustavsvik,TRUE
SEGVN,SWEDEN,GVN,Gravarne,TRUE
SEGVX,SWEDEN,GVX,Gavle,TRUE
SEHAA,SWEDEN,HAA,Haparanda,TRUE
SEHAD,SWEDEN,HAD,Halmstad,TRUE
SEHAH,SWEDEN,HAH,Haraholmen,TRUE
SEHAK,SWEDEN,HAK,Hallstavik,TRUE
SEHAN,SWEDEN,HAN,Hargshamn,TRUE
SEHAS,SWEDEN,HAS,Hallstanas,TRUE
SEHBG,SWEDEN,HBG,Hamburgsund,TRUE
SEHBV,SWEDEN,HBV,Hasselbyverket/Stockholm,TRUE
SEHEL,SWEDEN,HEL,"Helsingborgs, Sweden",TRUE
SEHER,SWEDEN,HER,Herrang,TRUE
SEHGS,SWEDEN,HGS,Hogsjo,TRUE
SEHLD,SWEDEN,HLD,Holmsund,TRUE
SEHLN,SWEDEN,HLN,Helgenas,TRUE
SEHLS,SWEDEN,HLS,Hallekis,TRUE
SEHNB,SWEDEN,HNB,Horneborg,TRUE
SEHND,SWEDEN,HND,Harnosand,TRUE
SEHNF,SWEDEN,HNF,Hornefors,TRUE
SEHOG,SWEDEN,HOG,Hoganas,TRUE
SEHON,SWEDEN,HON,Honsater,TRUE
SEHUN,SWEDEN,HUN,Hunnebostrand,TRUE
SEHUS,SWEDEN,HUS,Husum,TRUE
SEHUV,SWEDEN,HUV,Hudiksvall,TRUE
SEHYP,SWEDEN,HYP,Hyppeln,TRUE
SEIGG,SWEDEN,IGG,Iggesund,TRUE
SEJAR,SWEDEN,JAR,Jarfalla,TRUE
SEJAT,SWEDEN,JAT,Jatterson,TRUE
SEJKG,SWEDEN,JKG,Jonkoping,TRUE
SEJOH,SWEDEN,JOH,Johannedal,TRUE
SEKAA,SWEDEN,KAA,Karlskrona,TRUE
SEKAG,SWEDEN,KAG,Kage,TRUE
SEKAK,SWEDEN,KAK,Karlsvik,TRUE
SEKAN,SWEDEN,KAN,Karlshamn,TRUE
SEKAO,SWEDEN,KAO,Karo,TRUE
SEKAS,SWEDEN,KAS,Karskar,TRUE
SEKAT,SWEDEN,KAT,Katthammarsvik,TRUE
SEKAX,SWEDEN,KAX,Kalix,TRUE
SEKBK,SWEDEN,KBK,Karlholmsbruk,TRUE
SEKGR,SWEDEN,KGR,Kungsor,TRUE
SEKHN,SWEDEN,KHN,Kristinehamn,TRUE
SEKID,SWEDEN,KID,Kristianstad,TRUE
SEKKS,SWEDEN,KKS,Kyrkesund,TRUE
SEKLI,SWEDEN,KLI,Klintehamn,TRUE
SEKLR,SWEDEN,KLR,Kalmar,TRUE
SEKMH,SWEDEN,KMH,Kopmanholmen,TRUE
SEKOG,SWEDEN,KOG,Koping,TRUE
SEKPH,SWEDEN,KPH,Kappelshamn,TRUE
SEKPS,SWEDEN,KPS,Kapellskar,TRUE
SEKRF,SWEDEN,KRF,Kramfors,TRUE
SEKRH,SWEDEN,KRH,Karehamn,TRUE
SEKSD,SWEDEN,KSD,Karlstad,TRUE
SEKUB,SWEDEN,KUB,Kubikenborg,TRUE
SEKUN,SWEDEN,KUN,Kungshamn,TRUE
SEKUV,SWEDEN,KUV,Kungalv,TRUE
SEKVA,SWEDEN,KVA,Kvarnholmen,TRUE
SEKVH,SWEDEN,KVH,Kopparverkshamnen,TRUE
SEKXV,SWEDEN,KXV,Karlsborg Axelvik,TRUE
SEKYR,SWEDEN,KYR,Kyrkebyn,TRUE
SELAA,SWEDEN,LAA,Landskrona,TRUE
SELDK,SWEDEN,LDK,Lidkoping,TRUE
SELDO,SWEDEN,LDO,Lodose,TRUE
SELED,SWEDEN,LED,Lilla Edet,TRUE
SELIM,SWEDEN,LIM,Limhamn,TRUE
SELIO,SWEDEN,LIO,Lidingo,TRUE
SELIS,SWEDEN,LIS,Linanas,TRUE
SELJU,SWEDEN,LJU,Ljusne,TRUE
SELLA,SWEDEN,LLA,Lulea,TRUE
SELOM,SWEDEN,LOM,Lomma,TRUE
SELOU,SWEDEN,LOU,Loudden/Stockholm,TRUE
SELUG,SWEDEN,LUG,Lugnvik,TRUE
SELUN,SWEDEN,LUN,Lovholmen,TRUE
SELVR,SWEDEN,LVR,Lovanger,TRUE
SELYS,SWEDEN,LYS,Lysekil,TRUE
SEMAD,SWEDEN,MAD,Mariestad,TRUE
SEMAN,SWEDEN,MAN,Marsviken,TRUE
SEMAR,SWEDEN,MAR,Marieberg,TRUE
SEMDM,SWEDEN,MDM,Munkedalshamn,TRUE
SEMEM,SWEDEN,MEM,Mem,TRUE
SEMLO,SWEDEN,MLO,Mollosund,TRUE
SEMMA,SWEDEN,MMA,Malmo,TRUE
SEMON,SWEDEN,MON,Monsteras,TRUE
SEMOO,SWEDEN,MOO,Mo,TRUE
SEMOR,SWEDEN,MOR,Morbylanga,TRUE
SEMRF,SWEDEN,MRF,Mariefred,TRUE
SEMSD,SWEDEN,MSD,Marstrand,TRUE
SEMUN,SWEDEN,MUN,Munksund,TRUE
SEMVK,SWEDEN,MVK,Maryvik,TRUE
SENAS,SWEDEN,NAS,Nas,TRUE
SENAV,SWEDEN,NAV,Navekvarn,TRUE
SENHN,SWEDEN,NHN,Nyhamn,TRUE
SENJA,SWEDEN,NJA,Norrbottens Jarnverk-SSAB,TRUE
SENOE,SWEDEN,NOE,Norrtalje,TRUE
SENOG,SWEDEN,NOG,Nordmaling,TRUE
SENOL,SWEDEN,NOL,Nol (ports),TRUE
SENOR,SWEDEN,NOR,Norrbyskar,TRUE
SENOT,SWEDEN,NOT,Norrsundet,TRUE
SENRK,SWEDEN,NRK,Norrkoping,TRUE
SENYN,SWEDEN,NYN,Nynashamn,TRUE
SENYO,SWEDEN,NYO,Nykoping,TRUE
SENYP,SWEDEN,NYP,Nyvarp,TRUE
SEOAX,SWEDEN,OAX,Oaxen,TRUE
SEOBB,SWEDEN,OBB,Obbola,TRUE
SEOCO,SWEDEN,OCO,Ockero,TRUE
SEOER,SWEDEN,OER,Ornskoldsvik,TRUE
SEOGR,SWEDEN,OGR,Oregrund,TRUE
SEORT,SWEDEN,ORT,Ortviken,TRUE
SEORV,SWEDEN,ORV,Orviken,TRUE
SEOSK,SWEDEN,OSK,Oskarshamn,TRUE
SEOST,SWEDEN,OST,Ostrand,TRUE
SEOTT,SWEDEN,OTT,Otterbacken,TRUE
SEOXE,SWEDEN,OXE,Oxelosund,TRUE
SEPAS,SWEDEN,PAS,Paskallavik,TRUE
SEPIT,SWEDEN,PIT,Pitea,TRUE
SERAA,SWEDEN,RAA,Raa,TRUE
SERAM,SWEDEN,RAM,Ramvik,TRUE
SERBY,SWEDEN,RBY,Ronnebyhamn,TRUE
SERNB,SWEDEN,RNB,Ronneby,TRUE
SERNG,SWEDEN,RNG,Ronnang,TRUE
SERNH,SWEDEN,RNH,Ronehamn,TRUE
SEROR,SWEDEN,ROR,Ronnskar,TRUE
SEROV,SWEDEN,ROV,Ronnskarsverken,TRUE
SERST,SWEDEN,RST,Ransta,TRUE
SERUV,SWEDEN,RUV,Rundvik,TRUE
SESAE,SWEDEN,SAE,Sandarne,TRUE
SESAF,SWEDEN,SAF,Saffle,TRUE
SESAK,SWEDEN,SAK,Sandvik,TRUE
SESBB,SWEDEN,SBB,Saltsjo-Boo,TRUE
SESBN,SWEDEN,SBN,Saltsjobaden,TRUE
SESDL,SWEDEN,SDL,Sundsvall,TRUE
SESES,SWEDEN,SES,Seskaro,TRUE
SESFT,SWEDEN,SFT,Skelleftea,TRUE
SESGM,SWEDEN,SGM,Skagshamn,TRUE
SESGT,SWEDEN,SGT,Sigtuna,TRUE
SESIK,SWEDEN,SIK,Sikea,TRUE
SESIM,SWEDEN,SIM,Simrishamn,TRUE
SESKB,SWEDEN,SKB,Skarblacka,TRUE
SESKE,SWEDEN,SKE,Skelleftehamn,TRUE
SESKL,SWEDEN,SKL,Skalhamn,TRUE
SESKM,SWEDEN,SKM,Skarhamn,TRUE
SESKN,SWEDEN,SKN,Skuthamn,TRUE
SESKO,SWEDEN,SKO,Skoghall,TRUE
SESKR,SWEDEN,SKR,Skredsvik,TRUE
SESKT,SWEDEN,SKT,Skattkarr,TRUE
SESLI,SWEDEN,SLI,Slite,TRUE
SESMD,SWEDEN,SMD,Stromstad,TRUE
SESMO,SWEDEN,SMO,Smogen,TRUE
SESMS,SWEDEN,SMS,Salmis,TRUE
SESOE,SWEDEN,SOE,Sodertalje,TRUE
SESOG,SWEDEN,SOG,Soderkoping,TRUE
SESOL,SWEDEN,SOL,Solvesborg,TRUE
SESOO,SWEDEN,SOO,Soderhamn,TRUE
SESOR,SWEDEN,SOR,Soraker,TRUE
SESPR,SWEDEN,SPR,Sprangsviken,TRUE
SESSR,SWEDEN,SSR,Skutskar,TRUE
SESTA,SWEDEN,STA,Stocka,TRUE
SESTE,SWEDEN,STE,Stenungsund,TRUE
SESTG,SWEDEN,STG,Stigtomta,TRUE
SESTK,SWEDEN,STK,Stockvik,TRUE
SESTL,SWEDEN,STL,Saltkallan,TRUE
SESTO,SWEDEN,STO,"Stockholm, Sweden",TRUE
SESTQ,SWEDEN,STQ,Strangnas,TRUE
SESTU,SWEDEN,STU,Stugsund,TRUE
SESTV,SWEDEN,STV,Stora Vika,TRUE
SESUD,SWEDEN,SUD,Stocksund,TRUE
SESUG,SWEDEN,SUG,Sundbyberg,TRUE
SESUN,SWEDEN,SUN,Sund,TRUE
SESUR,SWEDEN,SUR,Surte,TRUE
SESVK,SWEDEN,SVK,Svartvik,TRUE
SESVX,SWEDEN,SVX,Svano,TRUE
SETHN,SWEDEN,THN,Trollhattan,TRUE
SETOA,SWEDEN,TOA,Torshalla,TRUE
SETOE,SWEDEN,TOE,Tore,TRUE
SETOV,SWEDEN,TOV,Torekov,TRUE
SETRG,SWEDEN,TRG,Trelleborg,TRUE
SETUN,SWEDEN,TUN,Tunadal,TRUE
SEUDD,SWEDEN,UDD,Uddevalla,TRUE
SEUGN,SWEDEN,UGN,Ulebergshamn,TRUE
SEULF,SWEDEN,ULF,Ulfvik,TRUE
SEUME,SWEDEN,UME,Umea,TRUE
SEURS,SWEDEN,URS,Ursviken,TRUE
SEUTA,SWEDEN,UTA,Utansjo,TRUE
SEVAG,SWEDEN,VAG,Varberg,TRUE
SEVAJ,SWEDEN,VAJ,Vaja,TRUE
SEVAK,SWEDEN,VAK,Valdemarsvik,TRUE
SEVAL,SWEDEN,VAL,Vallvik,TRUE
SEVAN,SWEDEN,VAN,Vanersborg,TRUE
SEVBY,SWEDEN,VBY,Visby,TRUE
SEVER,SWEDEN,VER,Verkeback,TRUE
SEVGN,SWEDEN,VGN,Vargon,TRUE
SEVGO,SWEDEN,VGO,Vrango,TRUE
SEVIV,SWEDEN,VIV,Vivstavarv,TRUE
SEVST,SWEDEN,VST,Vasteras,TRUE
SEVVK,SWEDEN,VVK,Vastervik,TRUE
SEVXH,SWEDEN,VXH,Vaxholm,TRUE
SEWAL,SWEDEN,WAL,Wallhamn,TRUE
SEYST,SWEDEN,YST,Ystad,TRUE
SGAYC,SINGAPORE,AYC,Pulan Ayer Chawan,TRUE
SGJUR,SINGAPORE,JUR,Jurong/Singapore,TRUE
SGKEP,SINGAPORE,KEP,Keppel Wharves,TRUE
SGPAP,SINGAPORE,PAP,Pasir Panjang Wharves,TRUE
SGPUB,SINGAPORE,PUB,Pulau Bukom,TRUE
SGSCT,SINGAPORE,SCT,Singapore Container Terminal,TRUE
SGSEB,SINGAPORE,SEB,Pulau Sebarok,TRUE
SGSEM,SINGAPORE,SEM,Sembawang Port,TRUE
SGSIN,SINGAPORE,SIN,"Singapore, Singapore",TRUE
SGSLT,SINGAPORE,SLT,Seletar,TRUE
SGTAY,SINGAPORE,TAY,Telok Ayer Basin,TRUE
SGTPG,SINGAPORE,TPG,Tanjong Pagar,TRUE
SGTPN,SINGAPORE,TPN,Tanjong Penjuru,TRUE
SGWDL,SINGAPORE,WDL,Woodlands,TRUE
SHASC,"SAINT HELENA, ASCENSION AND TRISTAN DA CUNHA",ASC,Ascension,TRUE
SHASI,"SAINT HELENA, ASCENSION AND TRISTAN DA CUNHA",ASI,Georgetown,TRUE
SHSHN,"SAINT HELENA, ASCENSION AND TRISTAN DA CUNHA",SHN,Jamestown,TRUE
SHTDC,"SAINT HELENA, ASCENSION AND TRISTAN DA CUNHA",TDC,Tristan da Cunha,TRUE
SIIZO,SLOVENIA,IZO,Izola,TRUE
SIJCE,SLOVENIA,JCE,Jesenice,TRUE
SIKOP,SLOVENIA,KOP,"Koper, Slovenia",TRUE
SIPIR,SLOVENIA,PIR,Piran,TRUE
SIPOW,SLOVENIA,POW,Portoroz,TRUE
SJBAR,SVALBARD AND JAN MAYEN,BAR,Barentsburg,TRUE
SJLYR,SVALBARD AND JAN MAYEN,LYR,Longyearbyen,TRUE
SJNYA,SVALBARD AND JAN MAYEN,NYA,Ny-Alesund,TRUE
SJSVE,SVALBARD AND JAN MAYEN,SVE,Sveagruva,TRUE
SKBAB,SLOVAKIA,BAB,Bratislava Port,TRUE
SKGLT,SLOVAKIA,GLT,Galanta,TRUE
SKKNP,SLOVAKIA,KNP,Komarno Port,TRUE
SKNRA,SLOVAKIA,NRA,Nitra,TRUE
SKTLM,SLOVAKIA,TLM,Tlmace,TRUE
SKTNA,SLOVAKIA,TNA,Trnava,TRUE
SLBTE,SIERRA LEONE,BTE,Bonthe,TRUE
SLFNA,SIERRA LEONE,FNA,"Freetown, Sierra Leone",TRUE
SLNIT,SIERRA LEONE,NIT,Nitti,TRUE
SLPEP,SIERRA LEONE,PEP,Pepel,TRUE
SLSBO,SIERRA LEONE,SBO,Sherbro,TRUE
SNDKR,SENEGAL,DKR,"Dakar, Senegal",TRUE
SNFOU,SENEGAL,FOU,Foundiougne,TRUE
SNKLC,SENEGAL,KLC,Kaolack,TRUE
SNLYN,SENEGAL,LYN,Lyndiane,TRUE
SNMBA,SENEGAL,MBA,M'bao Terminal,TRUE
SNXLS,SENEGAL,XLS,St Louis,TRUE
SNZIG,SENEGAL,ZIG,Ziguinchor,TRUE
SOBBO,SOMALIA,BBO,Berbera,TRUE
SODAN,SOMALIA,DAN,Dante (Ras Hafun),TRUE
SOELM,SOMALIA,ELM,El Maan,TRUE
SOKMU,SOMALIA,KMU,Kismayu,TRUE
SOMER,SOMALIA,MER,Merca,TRUE
SOMGQ,SOMALIA,MGQ,Mogadishu,TRUE
SRABN,SURINAME,ABN,Albina,TRUE
SRAGI,SURINAME,AGI,Wageningen,TRUE
SRICK,SURINAME,ICK,Nieuw Nickerie,TRUE
SRMOJ,SURINAME,MOJ,Moengo,TRUE
SRPBM,SURINAME,PBM,"Paramaribo, Suriname",TRUE
SRPRM,SURINAME,PRM,Paranam,TRUE
SRSMA,SURINAME,SMA,Smalkalden,TRUE
STPCP,SAO TOME AND PRINCIPE,PCP,Principe,TRUE
STSAA,SAO TOME AND PRINCIPE,SAA,Santo Antonio,TRUE
STSOK,SAO TOME AND PRINCIPE,SOK,Stormskaer,TRUE
STTMS,SAO TOME AND PRINCIPE,TMS,Sao Tome Island,TRUE
SVAQJ,EL SALVADOR,AQJ,"Acajutla, El Salvador",TRUE
SVLLD,EL SALVADOR,LLD,"La Libertad, El Salvador",TRUE
SVLUN,EL SALVADOR,LUN,La Union,TRUE
SVSAL,EL SALVADOR,SAL,"San Salvador, El Salvador",TRUE
SYARW,SYRIAN ARAB REPUBLIC (THE),ARW,Arwad,TRUE
SYBAN,SYRIAN ARAB REPUBLIC (THE),BAN,Baniyas,TRUE
SYDAM,SYRIAN ARAB REPUBLIC (THE),DAM,Damascus (Damas),TRUE
SYLTK,SYRIAN ARAB REPUBLIC (THE),LTK,"Latakia, Syria",TRUE
SYQHM,SYRIAN ARAB REPUBLIC (THE),QHM,Hama,TRUE
SYRAD,SYRIAN ARAB REPUBLIC (THE),RAD,Rouad,TRUE
SYRUI,SYRIAN ARAB REPUBLIC (THE),RUI,Ruad Island,TRUE
SYTTS,SYRIAN ARAB REPUBLIC (THE),TTS,Tartus,TRUE
SYWST,SYRIAN ARAB REPUBLIC (THE),WST,Wasit,TRUE
SZMAL,ESWATINI,MAL,Malkerns,TRUE
SZNHL,ESWATINI,NHL,Nhlangano,TRUE
TCGDT,TURKS AND CAICOS ISLANDS (THE),GDT,Grand Turk Island,TRUE
TCNCA,TURKS AND CAICOS ISLANDS (THE),NCA,North Caicos,TRUE
TCPLS,TURKS AND CAICOS ISLANDS (THE),PLS,Providenciales,TRUE
TCSLX,TURKS AND CAICOS ISLANDS (THE),SLX,Salt Cay,TRUE
TCXSC,TURKS AND CAICOS ISLANDS (THE),XSC,South Caicos,TRUE
TGANE,TOGO,ANE,Aneho,TRUE
TGKPE,TOGO,KPE,Kpeme,TRUE
TGLFW,TOGO,LFW,Lome,TRUE
THARA,THAILAND,ARA,Aranyaprathet,TRUE
THBAI,THAILAND,BAI,Bangpoomai,TRUE
THBGP,THAILAND,BGP,Bangpakong,TRUE
THBKK,THAILAND,BKK,"Bankok,Thailand",TRUE
THBND,THAILAND,BND,Bandon,TRUE
THBNG,THAILAND,BNG,Bangnara,TRUE
THBNK,THAILAND,BNK,Ban Kantang,TRUE
THBNL,THAILAND,BNL,Banlaem,TRUE
THBPG,THAILAND,BPG,Ban Pong,TRUE
THBTP,THAILAND,BTP,Ban Talat Takua Pa,TRUE
THCHA,THAILAND,CHA,Chanthaburi,TRUE
THCHU,THAILAND,CHU,Chumporn,TRUE
THHDY,THAILAND,HDY,Hat Yai,TRUE
THHKT,THAILAND,HKT,Phuket,TRUE
THHOP,THAILAND,HOP,Hoping,TRUE
THKAN,THAILAND,KAN,Kantang,TRUE
THKBV,THAILAND,KBV,Krabi,TRUE
THKHA,THAILAND,KHA,Khanom,TRUE
THKLA,THAILAND,KLA,Koh Lanta,TRUE
THKLY,THAILAND,KLY,Khlong Yai,TRUE
THKNO,THAILAND,KNO,Koh Nok,TRUE
THKSI,THAILAND,KSI,Koh Sichang,TRUE
THKTY,THAILAND,KTY,Khlong Toei,TRUE
THKYO,THAILAND,KYO,Koh Yao,TRUE
THLAS,THAILAND,LAS,Lang Suan,TRUE
THLCH,THAILAND,LCH,"Laem Chabang, Thailand",TRUE
THMAT,THAILAND,MAT,Mab Tapud,TRUE
THMEK,THAILAND,MEK,Meklong,TRUE
THMTP,THAILAND,MTP,Ban Map Ta Phut,TRUE
THNAW,THAILAND,NAW,Narathiwat,TRUE
THNIM,THAILAND,NIM,Nim Port,TRUE
THNST,THAILAND,NST,Nakhon Si Thammarat,TRUE
THPAN,THAILAND,PAN,Pattani,TRUE
THPHA,THAILAND,PHA,Phangnga,TRUE
THPKB,THAILAND,PKB,Pakbara,TRUE
THPKN,THAILAND,PKN,Paknam,TRUE
THPKP,THAILAND,PKP,Pakpanang,TRUE
THPPA,THAILAND,PPA,Phra Pradeng,TRUE
THPTR,THAILAND,PTR,Photharam,TRUE
THSAT,THAILAND,SAT,Sattahip,TRUE
THSBP,THAILAND,SBP,Siam Bangkok Port,TRUE
THSGZ,THAILAND,SGZ,"Songkhla, Thailand",TRUE
THSIC,THAILAND,SIC,Sichol,TRUE
THSPR,THAILAND,SPR,Samut Prakarn,TRUE
THSRI,THAILAND,SRI,Sriracha,TRUE
THSTH,THAILAND,STH,Sathun,TRUE
THTAC,THAILAND,TAC,Ta-Chalaeb,TRUE
THTHA,THAILAND,THA,"Thailand(All Ports), Thailand",TRUE
THTST,THAILAND,TST,Trang,TRUE
THUCT,THAILAND,UCT,"Unithai, Unknown",TRUE
THUNN,THAILAND,UNN,Ranong,TRUE
THUSM,THAILAND,USM,Koh Samui,TRUE
TKAFU,TOKELAU,AFU,Atafu,TRUE
TKFKO,TOKELAU,FKO,Fakaofo,TRUE
TKNKU,TOKELAU,NKU,Nukunonu,TRUE
TLDIL,TIMOR-LESTE,DIL,Dili,TRUE
TMKRA,TURKMENISTAN,KRA,Krasnovodsk,TRUE
TMKRW,TURKMENISTAN,KRW,Turkmenbashi,TRUE
TMTMZ,TURKMENISTAN,TMZ,Termez,TRUE
TNASH,TUNISIA,ASH,Ashtart Terminal,TRUE
TNBIZ,TUNISIA,BIZ,Bizerte,TRUE
TNCHB,TUNISIA,CHB,Chebba,TRUE
TNDJE,TUNISIA,DJE,Djerba,TRUE
TNGAE,TUNISIA,GAE,Gabes,TRUE
TNJAR,TUNISIA,JAR,Jarjis,TRUE
TNLSK,TUNISIA,LSK,La Skhirra,TRUE
TNMAD,TUNISIA,MAD,Mahdia,TRUE
TNMBA,TUNISIA,MBA,Menzel Bourguiba,TRUE
TNRDS,TUNISIA,RDS,Rades/Tunis,TRUE
TNSFA,TUNISIA,SFA,Sfax,TRUE
TNSUS,TUNISIA,SUS,Sousse,TRUE
TNTAT,TUNISIA,TAT,Tazerka Terminal,TRUE
TNTUN,TUNISIA,TUN,"Tunis, Tunisa",TRUE
TOHPA,TONGA,HPA,Ha'apai,TRUE
TONEI,TONGA,NEI,Neiafu,TRUE
TOPAN,TONGA,PAN,Pangai,TRUE
TOTBU,TONGA,TBU,"Nuku'Alofa, Tonga",TRUE
TRACI,TÜRKIYE,ACI,Acibadem,TRUE
TRADA,TÜRKIYE,ADA,Adana,TRUE
TRADI,TÜRKIYE,ADI,Adiyaman,TRUE
TRADK,TÜRKIYE,ADK,Anadolukavagi,TRUE
TRADN,TÜRKIYE,ADN,Aydin,TRUE
TRAHM,TÜRKIYE,AHM,Ahmetli,TRUE
TRAHR,TÜRKIYE,AHR,Aksehir,TRUE
TRAHS,TÜRKIYE,AHS,Akhisar,TRUE
TRAKB,TÜRKIYE,AKB,Akcaabat,TRUE
TRAKI,TÜRKIYE,AKI,Akseki,TRUE
TRAKS,TÜRKIYE,AKS,Aksaray,TRUE
TRAKY,TÜRKIYE,AKY,Akcay,TRUE
TRAKZ,TÜRKIYE,AKZ,Akyazi,TRUE
TRALA,TÜRKIYE,ALA,Alanya,TRUE
TRALE,TÜRKIYE,ALE,Alemdag,TRUE
TRALI,TÜRKIYE,ALI,"Aliaga, Turkey",TRUE
TRALT,TÜRKIYE,ALT,Altintepe,TRUE
TRAMA,TÜRKIYE,AMA,Amasra,TRUE
TRAMY,TÜRKIYE,AMY,Amasya,TRUE
TRANA,TÜRKIYE,ANA,Anamur,TRUE
TRAPI,TÜRKIYE,API,Alapli,TRUE
TRAPY,TÜRKIYE,APY,Acipayam,TRUE
TRARI,TÜRKIYE,ARI,Ayranci,TRUE
TRARY,TÜRKIYE,ARY,Aksaray,TRUE
TRASH,TÜRKIYE,ASH,Alasehir,TRUE
TRAVN,TÜRKIYE,AVN,Artvin,TRUE
TRAYA,TÜRKIYE,AYA,Ayancik,TRUE
TRAYD,TÜRKIYE,AYD,Altinkum,TRUE
TRAYK,TÜRKIYE,AYK,Aydinlikoy,TRUE
TRAYS,TÜRKIYE,AYS,Ayas,TRUE
TRAYT,TÜRKIYE,AYT,Antalya,TRUE
TRAYV,TÜRKIYE,AYV,Ayvalik,TRUE
TRAYZ,TÜRKIYE,AYZ,"Ayazaga, TR Turkey",TRUE
TRBAB,TÜRKIYE,BAB,Babaeski,TRUE
TRBAF,TÜRKIYE,BAF,Bafra,TRUE
TRBAG,TÜRKIYE,BAG,Bagcilar,TRUE
TRBAN,TÜRKIYE,BAN,Banaz,TRUE
TRBAY,TÜRKIYE,BAY,Bayrampasa,TRUE
TRBBD,TÜRKIYE,BBD,Babadag,TRUE
TRBBI,TÜRKIYE,BBI,Beylerbeyi,TRUE
TRBCE,TÜRKIYE,BCE,Buyukcekmece,TRUE
TRBCK,TÜRKIYE,BCK,Bucak,TRUE
TRBDG,TÜRKIYE,BDG,Bozdogan,TRUE
TRBDM,TÜRKIYE,BDM,Bandirma,TRUE
TRBDN,TÜRKIYE,BDN,Buldan,TRUE
TRBDR,TÜRKIYE,BDR,Burdur,TRUE
TRBER,TÜRKIYE,BER,Bergama,TRUE
TRBEY,TÜRKIYE,BEY,Beykoz,TRUE
TRBHN,TÜRKIYE,BHN,Burhaniye,TRUE
TRBIG,TÜRKIYE,BIG,Biga,TRUE
TRBIL,TÜRKIYE,BIL,Bilecik,TRUE
TRBLY,TÜRKIYE,BLY,Balya,TRUE
TRBOG,TÜRKIYE,BOG,Bogazagzi,TRUE
TRBOL,TÜRKIYE,BOL,Bolu,TRUE
TRBOR,TÜRKIYE,BOR,Bornova,TRUE
TRBOS,TÜRKIYE,BOS,Bostanci,TRUE
TRBOT,TÜRKIYE,BOT,Botas,TRUE
TRBPZ,TÜRKIYE,BPZ,Beypazari,TRUE
TRBTN,TÜRKIYE,BTN,Bartin,TRUE
TRBTS,TÜRKIYE,BTS,Besiktas,TRUE
TRBUC,TÜRKIYE,BUC,Buca,TRUE
TRBUH,TÜRKIYE,BUH,Buharkent,TRUE
TRBUY,TÜRKIYE,BUY,Buyukcukur,TRUE
TRBVN,TÜRKIYE,BVN,Bolvadin,TRUE
TRBXN,TÜRKIYE,BXN,Bodrum,TRUE
TRBYD,TÜRKIYE,BYD,Beydag,TRUE
TRBYL,TÜRKIYE,BYL,Beylikduzu,TRUE
TRBYM,TÜRKIYE,BYM,Bayramic,TRUE
TRBYN,TÜRKIYE,BYN,Bayindir,TRUE
TRBYR,TÜRKIYE,BYR,Bayramoglu,TRUE
TRBYS,TÜRKIYE,BYS,Beysehir,TRUE
TRBYT,TÜRKIYE,BYT,Bayburt,TRUE
TRBZB,TÜRKIYE,BZB,Bozburun,TRUE
TRBZC,TÜRKIYE,BZC,Bozcaada,TRUE
TRBZI,TÜRKIYE,BZI,Balikesir,TRUE
TRCAL,TÜRKIYE,CAL,Cal,TRUE
TRCAM,TÜRKIYE,CAM,Camalti,TRUE
TRCES,TÜRKIYE,CES,Cesme,TRUE
TRCEV,TÜRKIYE,CEV,Cevizli,TRUE
TRCEY,TÜRKIYE,CEY,Ceyhan,TRUE
TRCHB,TÜRKIYE,CHB,Cihanbeyli,TRUE
TRCID,TÜRKIYE,CID,Cide,TRUE
TRCIF,TÜRKIYE,CIF,Ciftehavuzlar,TRUE
TRCIG,TÜRKIYE,CIG,Cigli,TRUE
TRCIN,TÜRKIYE,CIN,Cine,TRUE
TRCKZ,TÜRKIYE,CKZ,Canakkale,TRUE
TRCNE,TÜRKIYE,CNE,Cigne,TRUE
TRCTK,TÜRKIYE,CTK,Celtik,TRUE
TRCUB,TÜRKIYE,CUB,Cubuklu,TRUE
TRDAR,TÜRKIYE,DAR,Darica,TRUE
TRDAT,TÜRKIYE,DAT,Datca,TRUE
TRDAZ,TÜRKIYE,DAZ,Dazkiri,TRUE
TRDCI,TÜRKIYE,DCI,Demirci,TRUE
TRDDM,TÜRKIYE,DDM,Didim,TRUE
TRDHN,TÜRKIYE,DHN,Doganhisar,TRUE
TRDIK,TÜRKIYE,DIK,Dikili,TRUE
TRDIL,TÜRKIYE,DIL,Diliskelesi,TRUE
TRDLV,TÜRKIYE,DLV,Dilovasi,TRUE
TRDNR,TÜRKIYE,DNR,Dinar,TRUE
TRDOL,TÜRKIYE,DOL,Dolayoba,TRUE
TRDPR,TÜRKIYE,DPR,Dumlupinar,TRUE
TRDRC,TÜRKIYE,DRC,Derince,TRUE
TRDRK,TÜRKIYE,DRK,Devrek,TRUE
TRDRY,TÜRKIYE,DRY,Dursunbey,TRUE
TRDUD,TÜRKIYE,DUD,Dudullu,TRUE
TRDYL,TÜRKIYE,DYL,Dortyol,TRUE
TRECE,TÜRKIYE,ECE,Eceabat,TRUE
TREDI,TÜRKIYE,EDI,Edirne,TRUE
TREDK,TÜRKIYE,EDK,Edincik,TRUE
TREGI,TÜRKIYE,EGI,Egirdir,TRUE
TREGZ,TÜRKIYE,EGZ,Emirgazi,TRUE
TRELI,TÜRKIYE,ELI,Eregli,TRUE
TRELM,TÜRKIYE,ELM,Elmali,TRUE
TREME,TÜRKIYE,EME,Emet,TRUE
TREMG,TÜRKIYE,EMG,Emirdag,TRUE
TRENE,TÜRKIYE,ENE,Enez,TRUE
TRERE,TÜRKIYE,ERE,Eregli,TRUE
TRERG,TÜRKIYE,ERG,Konya Ereglisi,TRUE
TRERK,TÜRKIYE,ERK,Erdek,TRUE
TRESE,TÜRKIYE,ESE,Esenler,TRUE
TRESM,TÜRKIYE,ESM,Esme,TRUE
TRESY,TÜRKIYE,ESY,Esenyurt,TRUE
TRETI,TÜRKIYE,ETI,Etiler,TRUE
TREZI,TÜRKIYE,EZI,Ezine,TRUE
TRFAS,TÜRKIYE,FAS,Fatsa,TRUE
TRFET,TÜRKIYE,FET,Fethiye,TRUE
TRFIK,TÜRKIYE,FIK,Fikirtepe,TRUE
TRFIN,TÜRKIYE,FIN,Finike,TRUE
TRFLO,TÜRKIYE,FLO,Florya,TRUE
TRFOC,TÜRKIYE,FOC,Foca,TRUE
TRGAY,TÜRKIYE,GAY,Gayrettepe,TRUE
TRGAZ,TÜRKIYE,GAZ,Gaziosmanpasa,TRUE
TRGCA,TÜRKIYE,GCA,Imroz,TRUE
TRGCK,TÜRKIYE,GCK,Gocek,TRUE
TRGDZ,TÜRKIYE,GDZ,Gediz,TRUE
TRGEL,TÜRKIYE,GEL,Gelibolu,TRUE
TRGEM,TÜRKIYE,GEM,"Gemlik, Turkey",TRUE
TRGER,TÜRKIYE,GER,Gerede,TRUE
TRGEY,TÜRKIYE,GEY,Geyve,TRUE
TRGIR,TÜRKIYE,GIR,Giresun,TRUE
TRGKV,TÜRKIYE,GKV,Akcapinar,TRUE
TRGOR,TÜRKIYE,GOR,Gorele,TRUE
TRGRK,TÜRKIYE,GRK,Germencik,TRUE
TRGTA,TÜRKIYE,GTA,Galata,TRUE
TRGUL,TÜRKIYE,GUL,Gulluk,TRUE
TRGUN,TÜRKIYE,GUN,Gunesli,TRUE
TRGZE,TÜRKIYE,GZE,Gerze,TRUE
TRHAB,TÜRKIYE,HAB,Habibler,TRUE
TRHAD,TÜRKIYE,HAD,Boyalik,TRUE
TRHAK,TÜRKIYE,HAK,Hakkari,TRUE
TRHAP,TÜRKIYE,HAP,Hasanpasa,TRUE
TRHAR,TÜRKIYE,HAR,Haramidere,TRUE
TRHAS,TÜRKIYE,HAS,Haskoy,TRUE
TRHAT,TÜRKIYE,HAT,Hatay,TRUE
TRHAV,TÜRKIYE,HAV,Havsa,TRUE
TRHAY,TÜRKIYE,HAY,"Haydarpasa, Turkey",TRUE
TRHEN,TÜRKIYE,HEN,Hendek,TRUE
TRHER,TÜRKIYE,HER,Hereke,TRUE
TRHIS,TÜRKIYE,HIS,Hisaronu,TRUE
TRHMA,TÜRKIYE,HMA,Haymana,TRUE
TRHOP,TÜRKIYE,HOP,Hopa,TRUE
TRHVR,TÜRKIYE,HVR,Havran,TRUE
TRHYR,TÜRKIYE,HYR,Hayrabolu,TRUE
TRICE,TÜRKIYE,ICE,Icerenkoy,TRUE
TRICO,TÜRKIYE,ICO,Incirliova,TRUE
TRIGD,TÜRKIYE,IGD,Igdir,TRUE
TRIGN,TÜRKIYE,IGN,Igneada,TRUE
TRIKI,TÜRKIYE,IKI,Ikitelli,TRUE
TRILG,TÜRKIYE,ILG,Ilgin,TRUE
TRINE,TÜRKIYE,INE,Inebolu,TRUE
TRINH,TÜRKIYE,INH,Inhisar,TRUE
TRISK,TÜRKIYE,ISK,"Iskenderum, Turkey",TRUE
TRIST,TÜRKIYE,IST,"Istanbul, Turkey",TRUE
TRIZK,TÜRKIYE,IZK,Iznik,TRUE
TRIZM,TÜRKIYE,IZM,"Izmir (Smyrna), Turkey",TRUE
TRIZT,TÜRKIYE,IZT,Izmit,TRUE
TRKAD,TÜRKIYE,KAD,Kadikoy,TRUE
TRKAL,TÜRKIYE,KAL,Kalekoy,TRUE
TRKAN,TÜRKIYE,KAN,Kandira,TRUE
TRKAR,TÜRKIYE,KAR,Kartal,TRUE
TRKAS,TÜRKIYE,KAS,Kas,TRUE
TRKAY,TÜRKIYE,KAY,Kaynarca,TRUE
TRKAZ,TÜRKIYE,KAZ,Kazlicesme,TRUE
TRKBN,TÜRKIYE,KBN,Karaburun,TRUE
TRKBY,TÜRKIYE,KBY,Karacabey,TRUE
TRKCA,TÜRKIYE,KCA,Kaynarca,TRUE
TRKCK,TÜRKIYE,KCK,Kuyucak,TRUE
TRKCU,TÜRKIYE,KCU,Karacasu,TRUE
TRKCZ,TÜRKIYE,KCZ,Koycegiz,TRUE
TRKEB,TÜRKIYE,KEB,Keban,TRUE
TRKEM,TÜRKIYE,KEM,Kemerburgaz,TRUE
TRKES,TÜRKIYE,KES,Kesan,TRUE
TRKFK,TÜRKIYE,KFK,Kefken,TRUE
TRKHN,TÜRKIYE,KHN,Kadinhani,TRUE
TRKIR,TÜRKIYE,KIR,Kirklareli,TRUE
TRKLA,TÜRKIYE,KLA,Kula,TRUE
TRKLS,TÜRKIYE,KLS,Keles,TRUE
TRKLU,TÜRKIYE,KLU,Karpuzlu,TRUE
TRKMN,TÜRKIYE,KMN,Karaman,TRUE
TRKMR,TÜRKIYE,KMR,Kemer,TRUE
TRKMX,TÜRKIYE,KMX,Kumport,TRUE
TRKNK,TÜRKIYE,KNK,Kinik,TRUE
TRKOC,TÜRKIYE,KOC,Kusukkuyu,TRUE
TRKOR,TÜRKIYE,KOR,Korkuteli,TRUE
TRKOZ,TÜRKIYE,KOZ,Kozyatagi,TRUE
TRKPN,TÜRKIYE,KPN,Karapinar,TRUE
TRKPS,TÜRKIYE,KPS,Kemalpasa,TRUE
TRKRB,TÜRKIYE,KRB,Karabiga,TRUE
TRKRH,TÜRKIYE,KRH,Karahanli,TRUE
TRKRS,TÜRKIYE,KRS,Karasu,TRUE
TRKRZ,TÜRKIYE,KRZ,Kiraz,TRUE
TRKSH,TÜRKIYE,KSH,Kirsehir,TRUE
TRKSL,TÜRKIYE,KSL,Kestel,TRUE
TRKST,TÜRKIYE,KST,Kepsut,TRUE
TRKUL,TÜRKIYE,KUL,Kulu,TRUE
TRKUM,TÜRKIYE,KUM,Kumluca,TRUE
TRKUS,TÜRKIYE,KUS,Kusadasi,TRUE
TRKZM,TÜRKIYE,KZM,Kizilcahamam,TRUE
TRKZN,TÜRKIYE,KZN,Kozan,TRUE
TRKZZ,TÜRKIYE,KZZ,Kazan,TRUE
TRLAP,TÜRKIYE,LAP,Lapseki,TRUE
TRLEV,TÜRKIYE,LEV,Levent,TRUE
TRLMA,TÜRKIYE,LMA,Limas,TRUE
TRMAH,TÜRKIYE,MAH,Mahmutbey,TRUE
TRMAL,TÜRKIYE,MAL,Maltepe,TRUE
TRMAR,TÜRKIYE,MAR,Marmara Ereglisi,TRUE
TRMAS,TÜRKIYE,MAS,Maslak,TRUE
TRMDN,TÜRKIYE,MDN,Mardin,TRUE
TRMDR,TÜRKIYE,MDR,Mudurnu,TRUE
TRMEK,TÜRKIYE,MEK,Mevlanakapi,TRUE
TRMEN,TÜRKIYE,MEN,Menderes,TRUE
TRMER,TÜRKIYE,MER,"Mersin, Turkey",TRUE
TRMFZ,TÜRKIYE,MFZ,Mersin-Free Zone,TRUE
TRMHM,TÜRKIYE,MHM,Mahmudiye,TRUE
TRMIL,TÜRKIYE,MIL,Milas,TRUE
TRMKP,TÜRKIYE,MKP,M.Kemalpasa,TRUE
TRMLK,TÜRKIYE,MLK,Malkara,TRUE
TRMNM,TÜRKIYE,MNM,Menemen,TRUE
TRMRA,TÜRKIYE,MRA,Marmara Adasi,TRUE
TRMRM,TÜRKIYE,MRM,Marmaris,TRUE
TRMRT,TÜRKIYE,MRT,Merter,TRUE
TRMUD,TÜRKIYE,MUD,Mudanya,TRUE
TRMUG,TÜRKIYE,MUG,Mugla,TRUE
TRMUR,TÜRKIYE,MUR,Muratli,TRUE
TRMUT,TÜRKIYE,MUT,Mut,TRUE
TRMVG,TÜRKIYE,MVG,Manavgat,TRUE
TRMYS,TÜRKIYE,MYS,Manyas,TRUE
TRNAL,TÜRKIYE,NAL,Nallihan,TRUE
TRNEM,TÜRKIYE,NEM,Nemrut Bay,TRUE
TRNIG,TÜRKIYE,NIG,Nigde,TRUE
TRNZL,TÜRKIYE,NZL,Nazilli,TRUE
TRODU,TÜRKIYE,ODU,Odunluk,TRUE
TROGZ,TÜRKIYE,OGZ,Orhangazi,TRUE
TROHL,TÜRKIYE,OHL,Orhaneli,TRUE
TROKM,TÜRKIYE,OKM,Okmeydani,TRUE
TROLI,TÜRKIYE,OLI,Osmaneli,TRUE
TROME,TÜRKIYE,OME,Omerli,TRUE
TRORD,TÜRKIYE,ORD,Ordu,TRUE
TRORH,TÜRKIYE,ORH,Orhanli,TRUE
TRORN,TÜRKIYE,ORN,Ornektepe,TRUE
TRORT,TÜRKIYE,ORT,Ortaca,TRUE
TROSZ,TÜRKIYE,OSZ,Osmangazi,TRUE
TRPAY,TÜRKIYE,PAY,Payas,TRUE
TRPEN,TÜRKIYE,PEN,Pendik,TRUE
TRPIN,TÜRKIYE,PIN,Pinarhisar,TRUE
TRPOV,TÜRKIYE,POV,Pamukova,TRUE
TRPTL,TÜRKIYE,PTL,Polatli,TRUE
TRPYI,TÜRKIYE,PYI,Pazaryeri,TRUE
TRPZR,TÜRKIYE,PZR,Pazar,TRUE
TRRAH,TÜRKIYE,RAH,Rahmanlar,TRUE
TRRAI,TÜRKIYE,RAI,Rami,TRUE
TRRES,TÜRKIYE,RES,Resadiye,TRUE
TRRIZ,TÜRKIYE,RIZ,Rize,TRUE
TRSAM,TÜRKIYE,SAM,Samandira,TRUE
TRSAR,TÜRKIYE,SAR,Saray,TRUE
TRSCA,TÜRKIYE,SCA,Sapanca,TRUE
TRSCN,TÜRKIYE,SCN,Sincan,TRUE
TRSDG,TÜRKIYE,SDG,Sindirgi,TRUE
TRSDI,TÜRKIYE,SDI,Sultandagi,TRUE
TRSEF,TÜRKIYE,SEF,Sefakoy,TRUE
TRSEI,TÜRKIYE,SEI,Serik,TRUE
TRSEL,TÜRKIYE,SEL,Selimiye,TRUE
TRSEN,TÜRKIYE,SEN,Senirkent,TRUE
TRSER,TÜRKIYE,SER,Serviburun,TRUE
TRSFH,TÜRKIYE,SFH,Seferhisar,TRUE
TRSHL,TÜRKIYE,SHL,Saruhanli,TRUE
TRSHN,TÜRKIYE,SHN,Saphane,TRUE
TRSHR,TÜRKIYE,SHR,Sultanhisar,TRUE
TRSIC,TÜRKIYE,SIC,Sinop,TRUE
TRSIS,TÜRKIYE,SIS,Sisli,TRUE
TRSKE,TÜRKIYE,SKE,Soke,TRUE
TRSKR,TÜRKIYE,SKR,S.Karaagac,TRUE
TRSLE,TÜRKIYE,SLE,Sile,TRUE
TRSMA,TÜRKIYE,SMA,Soma,TRUE
TRSMV,TÜRKIYE,SMV,Simav,TRUE
TRSRG,TÜRKIYE,SRG,Sarigazi,TRUE
TRSRN,TÜRKIYE,SRN,Sirinevler,TRUE
TRSRS,TÜRKIYE,SRS,Sariseki,TRUE
TRSRY,TÜRKIYE,SRY,Sariyer,TRUE
TRSSL,TÜRKIYE,SSL,Susurluk,TRUE
TRSSX,TÜRKIYE,SSX,Samsun,TRUE
TRSUA,TÜRKIYE,SUA,Suadiye,TRUE
TRSUR,TÜRKIYE,SUR,Surmene,TRUE
TRSUT,TÜRKIYE,SUT,Sutluce,TRUE
TRSVR,TÜRKIYE,SVR,Sivrihisar,TRUE
TRSVS,TÜRKIYE,SVS,Sivasli,TRUE
TRSYR,TÜRKIYE,SYR,Seyrantepe,TRUE
TRSYT,TÜRKIYE,SYT,Seyitgazi,TRUE
TRTAS,TÜRKIYE,TAS,Tasucu,TRUE
TRTAV,TÜRKIYE,TAV,Tavas,TRUE
TRTBY,TÜRKIYE,TBY,Tarabya,TRUE
TRTEK,TÜRKIYE,TEK,Tekirdag,TRUE
TRTFN,TÜRKIYE,TFN,Tefenni,TRUE
TRTGL,TÜRKIYE,TGL,Turgutlu,TRUE
TRTIR,TÜRKIYE,TIR,Tirebolu,TRUE
TRTOC,TÜRKIYE,TOC,Topcular,TRUE
TRTOP,TÜRKIYE,TOP,Topkapi,TRUE
TRTOR,TÜRKIYE,TOR,Torbali,TRUE
TRTRE,TÜRKIYE,TRE,Tire,TRUE
TRTSD,TÜRKIYE,TSD,Tasdelen,TRUE
TRTUN,TÜRKIYE,TUN,Tunceli,TRUE
TRTUR,TÜRKIYE,TUR,Turan,TRUE
TRTUT,TÜRKIYE,TUT,Tutunciftlik,TRUE
TRTUZ,TÜRKIYE,TUZ,Tuzla,TRUE
TRTVS,TÜRKIYE,TVS,Tavsanli,TRUE
TRTZX,TÜRKIYE,TZX,Trabzon,TRUE
TRULA,TÜRKIYE,ULA,Ula,TRUE
TRULU,TÜRKIYE,ULU,Ulubey,TRUE
TRUMR,TÜRKIYE,UMR,Umraniye,TRUE
TRUNY,TÜRKIYE,UNY,Unye,TRUE
TRURL,TÜRKIYE,URL,Urla,TRUE
TRUSK,TÜRKIYE,USK,Uskudar,TRUE
TRVAK,TÜRKIYE,VAK,Vakfikebir,TRUE
TRVIZ,TÜRKIYE,VIZ,Vize,TRUE
TRYAK,TÜRKIYE,YAK,Yakacik,TRUE
TRYAR,TÜRKIYE,YAR,Yarimca,TRUE
TRYBS,TÜRKIYE,YBS,Yenibosna,TRUE
TRYEN,TÜRKIYE,YEN,Yenice,TRUE
TRYEZ,TÜRKIYE,YEZ,Yenipazar,TRUE
TRYOZ,TÜRKIYE,YOZ,Yozgat,TRUE
TRYPZ,TÜRKIYE,YPZ,Yenipazar,TRUE
TRYSR,TÜRKIYE,YSR,Yenisehir,TRUE
TRYTG,TÜRKIYE,YTG,Yatagan,TRUE
TRYUM,TÜRKIYE,YUM,Yumurtalik Bay,TRUE
TRZEY,TÜRKIYE,ZEY,Zeytinburnu,TRUE
TRZON,TÜRKIYE,ZON,Zonguldak,TRUE
TTCHA,TRINIDAD AND TOBAGO,CHA,"Chaguaramas, TT",TRUE
TTLAB,TRINIDAD AND TOBAGO,LAB,La Brea (Brighton),TRUE
TTPLY,TRINIDAD AND TOBAGO,PLY,Plymouth,TRUE
TTPOS,TRINIDAD AND TOBAGO,POS,"Port Of Spain,TT",TRUE
TTPTF,TRINIDAD AND TOBAGO,PTF,"Point Fortin, TT",TRUE
TTPTG,TRINIDAD AND TOBAGO,PTG,Point Galeota,TRUE
TTPTP,TRINIDAD AND TOBAGO,PTP,Pointe a Pierre,TRUE
TTPTS,TRINIDAD AND TOBAGO,PTS,"Point Lisas, TT",TRUE
TTSCA,TRINIDAD AND TOBAGO,SCA,Scarborough/Tobago,TRUE
TTSFE,TRINIDAD AND TOBAGO,SFE,San Fernando,TRUE
TTTEM,TRINIDAD AND TOBAGO,TEM,Tembladora,TRUE
TVFUN,TUVALU,FUN,Funafuti,TRUE
TWAPG,TAIWAN (PROVINCE OF CHINA),APG,An Ping,TRUE
TWHUN,TAIWAN (PROVINCE OF CHINA),HUN,Hualien,TRUE
TWKEL,TAIWAN (PROVINCE OF CHINA),KEL,"Keelung, Taiwan",TRUE
TWKEZ,TAIWAN (PROVINCE OF CHINA),KEZ,Kepz,TRUE
TWKHH,TAIWAN (PROVINCE OF CHINA),KHH,"Kosichung, Taiwan",TRUE
TWMAL,TAIWAN (PROVINCE OF CHINA),MAL,Mai-Liai,TRUE
TWMLI,TAIWAN (PROVINCE OF CHINA),MLI,Mai-liao,TRUE
TWNEZ,TAIWAN (PROVINCE OF CHINA),NEZ,"Nepz, Nantze",TRUE
TWSHL,TAIWAN (PROVINCE OF CHINA),SHL,Sha-lun,TRUE
TWSUO,TAIWAN (PROVINCE OF CHINA),SUO,Suao,TRUE
TWTGH,TAIWAN (PROVINCE OF CHINA),TGH,Tung Hai,TRUE
TWTNN,TAIWAN (PROVINCE OF CHINA),TNN,Tainan,TRUE
TWTTT,TAIWAN (PROVINCE OF CHINA),TTT,Taitung,TRUE
TWTXG,TAIWAN (PROVINCE OF CHINA),TXG,"Taichung, Taiwan",TRUE
TWWTU,TAIWAN (PROVINCE OF CHINA),WTU,Wu-tu,TRUE
TZKIK,"TANZANIA, UNITED REPUBLIC OF",KIK,Kilwa Kivinje,TRUE
TZKIM,"TANZANIA, UNITED REPUBLIC OF",KIM,Kilwa Masoko,TRUE
TZLDI,"TANZANIA, UNITED REPUBLIC OF",LDI,Lindi,TRUE
TZMIC,"TANZANIA, UNITED REPUBLIC OF",MIC,Michiuja,TRUE
TZMIK,"TANZANIA, UNITED REPUBLIC OF",MIK,Mikindani,TRUE
TZMKO,"TANZANIA, UNITED REPUBLIC OF",MKO,"Mkokotoni, Zanzibar",TRUE
TZMOH,"TANZANIA, UNITED REPUBLIC OF",MOH,Mohoro,TRUE
TZMTS,"TANZANIA, UNITED REPUBLIC OF",MTS,Mtsora,TRUE
TZMWZ,"TANZANIA, UNITED REPUBLIC OF",MWZ,Mwanza,TRUE
TZMYW,"TANZANIA, UNITED REPUBLIC OF",MYW,Mtwara,TRUE
TZPAN,"TANZANIA, UNITED REPUBLIC OF",PAN,Pangani,TRUE
TZPMA,"TANZANIA, UNITED REPUBLIC OF",PMA,Pemba,TRUE
TZRIJ,"TANZANIA, UNITED REPUBLIC OF",RIJ,Rijiju,TRUE
TZSAM,"TANZANIA, UNITED REPUBLIC OF",SAM,Samanga,TRUE
TZTGT,"TANZANIA, UNITED REPUBLIC OF",TGT,Tanga,TRUE
TZTKQ,"TANZANIA, UNITED REPUBLIC OF",TKQ,Kigoma,TRUE
TZWHA,"TANZANIA, UNITED REPUBLIC OF",WHA,Wesha,TRUE
TZZNZ,"TANZANIA, UNITED REPUBLIC OF",ZNZ,Zanzibar,TRUE
UABGD,UKRAINE,BGD,Belgorod-Dnestrovskiy,TRUE
UAERD,UKRAINE,ERD,Berdyansk,TRUE
UAFEO,UKRAINE,FEO,Feodosiya,TRUE
UAIEV,UKRAINE,IEV,Kiev,TRUE
UAILK,UKRAINE,ILK,Illichivs'k,TRUE
UAIZM,UKRAINE,IZM,Izmail,TRUE
UAKEH,UKRAINE,KEH,Kerch,TRUE
UAKHE,UKRAINE,KHE,Kherson,TRUE
UAKIA,UKRAINE,KIA,Kiliya,TRUE
UAMPW,UKRAINE,MPW,Mariupol (ex Zhdanov),TRUE
UANIK,UKRAINE,NIK,Nikolayev,TRUE
UAOCT,UKRAINE,OCT,Oktyabrsk,TRUE
UAODS,UKRAINE,ODS,"Odessa, Ukraine",TRUE
UARNI,UKRAINE,RNI,Reni,TRUE
UASKD,UKRAINE,SKD,Skadovsk,TRUE
UASLY,UKRAINE,SLY,Susly,TRUE
UASVP,UKRAINE,SVP,Sevastopol,TRUE
UAUDY,UKRAINE,UDY,Ust Dunaysk,TRUE
UAUGL,UKRAINE,UGL,Uglegorsk,TRUE
UAUSD,UKRAINE,USD,Ust Donetskiy,TRUE
UAYAL,UKRAINE,YAL,Yalta,TRUE
UAYUZ,UKRAINE,YUZ,Yuzhnyy,TRUE
UGBUG,UGANDA,BUG,Bugembe,TRUE
UGFPO,UGANDA,FPO,Fort Portal,TRUE
UGJIN,UGANDA,JIN,Jinja,TRUE
UGKAB,UGANDA,KAB,Kabale,TRUE
UGLIR,UGANDA,LIR,Lira,TRUE
UGMBA,UGANDA,MBA,Mbale,TRUE
UGMSK,UGANDA,MSK,Masaka,TRUE
UGMUB,UGANDA,MUB,Mubende,TRUE
UMAWK,UNITED STATES MINOR OUTLYING ISLANDS,AWK,Wake Island,TRUE
UMBAK,UNITED STATES MINOR OUTLYING ISLANDS,BAK,Baker Island,TRUE
UMHOW,UNITED STATES MINOR OUTLYING ISLANDS,HOW,Howland Island,TRUE
UMJAR,UNITED STATES MINOR OUTLYING ISLANDS,JAR,Jarvis Island,TRUE
UMJON,UNITED STATES MINOR OUTLYING ISLANDS,JON,Johnston Atoll,TRUE
UMKIN,UNITED STATES MINOR OUTLYING ISLANDS,KIN,Kingman Reef,TRUE
UMMDY,UNITED STATES MINOR OUTLYING ISLANDS,MDY,Midway Islands,TRUE
UMNAV,UNITED STATES MINOR OUTLYING ISLANDS,NAV,Navassa Island,TRUE
UMPAL,UNITED STATES MINOR OUTLYING ISLANDS,PAL,Palmyra Atoll,TRUE
USAAF,UNITED STATES OF AMERICA (THE),AAF,Apalachicola,TRUE
USABC,UNITED STATES OF AMERICA (THE),ABC,Pt Hadlock,TRUE
USACC,UNITED STATES OF AMERICA (THE),ACC,Raymond,TRUE
USACJ,UNITED STATES OF AMERICA (THE),ACJ,South Bend,TRUE
USAEO,UNITED STATES OF AMERICA (THE),AEO,Calverton,TRUE
USAEZ,UNITED STATES OF AMERICA (THE),AEZ,Armstrong,TRUE
USAFK,UNITED STATES OF AMERICA (THE),AFK,Afognak,TRUE
USAGV,UNITED STATES OF AMERICA (THE),AGV,Autaugaville,TRUE
USAHU,UNITED STATES OF AMERICA (THE),AHU,Alachua,TRUE
USALB,UNITED STATES OF AMERICA (THE),ALB,Albany,TRUE
USANC,UNITED STATES OF AMERICA (THE),ANC,Anchorage,TRUE
USANP,UNITED STATES OF AMERICA (THE),ANP,Annapolis,TRUE
USARB,UNITED STATES OF AMERICA (THE),ARB,Ann Arbor,TRUE
USASF,UNITED STATES OF AMERICA (THE),ASF,Ashtabula,TRUE
USASS,UNITED STATES OF AMERICA (THE),ASS,Ware Shoals,TRUE
USAST,UNITED STATES OF AMERICA (THE),AST,Astoria,TRUE
USASX,UNITED STATES OF AMERICA (THE),ASX,Ashland,TRUE
USATR,UNITED STATES OF AMERICA (THE),ATR,Atreco,TRUE
USATW,UNITED STATES OF AMERICA (THE),ATW,Appleton,TRUE
USAVD,UNITED STATES OF AMERICA (THE),AVD,Avondale,TRUE
USAWY,UNITED STATES OF AMERICA (THE),AWY,Gallaway,TRUE
USAZL,UNITED STATES OF AMERICA (THE),AZL,Azle,TRUE
USBAL,UNITED STATES OF AMERICA (THE),BAL,"Baltimore, USA",TRUE
USBAY,UNITED STATES OF AMERICA (THE),BAY,Bayonne,TRUE
USBCG,UNITED STATES OF AMERICA (THE),BCG,Boca Grande,TRUE
USBCH,UNITED STATES OF AMERICA (THE),BCH,Brushvale,TRUE
USBCI,UNITED STATES OF AMERICA (THE),BCI,Berlin,TRUE
USBCL,UNITED STATES OF AMERICA (THE),BCL,Beulaville,TRUE
USBCM,UNITED STATES OF AMERICA (THE),BCM,Bruceton Mills,TRUE
USBCW,UNITED STATES OF AMERICA (THE),BCW,Brewster,TRUE
USBDB,UNITED STATES OF AMERICA (THE),BDB,Bridgeport,TRUE
USBDE,UNITED STATES OF AMERICA (THE),BDE,Baudette,TRUE
USBDR,UNITED STATES OF AMERICA (THE),BDR,Bridgeport,TRUE
USBDS,UNITED STATES OF AMERICA (THE),BDS,Biscoe,TRUE
USBEL,UNITED STATES OF AMERICA (THE),BEL,Belfast,TRUE
USBEX,UNITED STATES OF AMERICA (THE),BEX,Bethlehem,TRUE
USBFJ,UNITED STATES OF AMERICA (THE),BFJ,Briarcliff Manor,TRUE
USBFO,UNITED STATES OF AMERICA (THE),BFO,Beaufort,TRUE
USBGR,UNITED STATES OF AMERICA (THE),BGR,Bangor,TRUE
USBHB,UNITED STATES OF AMERICA (THE),BHB,Bar Harbor,TRUE
USBHC,UNITED STATES OF AMERICA (THE),BHC,Bridgehampton,TRUE
USBHF,UNITED STATES OF AMERICA (THE),BHF,Brandon,TRUE
USBHI,UNITED STATES OF AMERICA (THE),BHI,Bruce,TRUE
USBHJ,UNITED STATES OF AMERICA (THE),BHJ,Burlington,TRUE
USBLI,UNITED STATES OF AMERICA (THE),BLI,Bellingham,TRUE
USBNA,UNITED STATES OF AMERICA (THE),BNA,Nashville,TRUE
USBNC,UNITED STATES OF AMERICA (THE),BNC,Benicia,TRUE
USBNI,UNITED STATES OF AMERICA (THE),BNI,Burnsville,TRUE
USBOC,UNITED STATES OF AMERICA (THE),BOC,Brooklyn,TRUE
USBOS,UNITED STATES OF AMERICA (THE),BOS,"Boston, MA United States",TRUE
USBOY,UNITED STATES OF AMERICA (THE),BOY,Brooklyn/New York,TRUE
USBPT,UNITED STATES OF AMERICA (THE),BPT,Beaumont,TRUE
USBRA,UNITED STATES OF AMERICA (THE),BRA,Bradwood,TRUE
USBRO,UNITED STATES OF AMERICA (THE),BRO,Brownsville,TRUE
USBSM,UNITED STATES OF AMERICA (THE),BSM,Big Sandy,TRUE
USBTH,UNITED STATES OF AMERICA (THE),BTH,Bath,TRUE
USBTR,UNITED STATES OF AMERICA (THE),BTR,Baton Rouge,TRUE
USBTV,UNITED STATES OF AMERICA (THE),BTV,Burlington,TRUE
USBUF,UNITED STATES OF AMERICA (THE),BUF,Buffalo,TRUE
USBUI,UNITED STATES OF AMERICA (THE),BUI,Butler,TRUE
USBUJ,UNITED STATES OF AMERICA (THE),BUJ,Butler,TRUE
USBUP,UNITED STATES OF AMERICA (THE),BUP,Bucksport,TRUE
USBUS,UNITED STATES OF AMERICA (THE),BUS,Buras,TRUE
USBVV,UNITED STATES OF AMERICA (THE),BVV,Berryville,TRUE
USBWB,UNITED STATES OF AMERICA (THE),BWB,Brownsburg,TRUE
USBZZ,UNITED STATES OF AMERICA (THE),BZZ,Blacklick,TRUE
USCAP,UNITED STATES OF AMERICA (THE),CAP,Capitan,TRUE
USCBD,UNITED STATES OF AMERICA (THE),CBD,Cambridge,TRUE
USCBS,UNITED STATES OF AMERICA (THE),CBS,Centerburg,TRUE
USCBT,UNITED STATES OF AMERICA (THE),CBT,Clinton,TRUE
USCCJ,UNITED STATES OF AMERICA (THE),CCJ,Cape Charles,TRUE
USCCS,UNITED STATES OF AMERICA (THE),CCS,Cave City,TRUE
USCCT,UNITED STATES OF AMERICA (THE),CCT,Calvert City,TRUE
USCDD,UNITED STATES OF AMERICA (THE),CDD,Camden,TRUE
USCDE,UNITED STATES OF AMERICA (THE),CDE,Camden,TRUE
USCDF,UNITED STATES OF AMERICA (THE),CDF,Candler,TRUE
USCDU,UNITED STATES OF AMERICA (THE),CDU,Cedar Lake,TRUE
USCDV,UNITED STATES OF AMERICA (THE),CDV,Cordova,TRUE
USCDY,UNITED STATES OF AMERICA (THE),CDY,Conneaut,TRUE
USCDZ,UNITED STATES OF AMERICA (THE),CDZ,Caledonia,TRUE
USCEC,UNITED STATES OF AMERICA (THE),CEC,Crescent City,TRUE
USCFF,UNITED STATES OF AMERICA (THE),CFF,Cherryfield,TRUE
USCFG,UNITED STATES OF AMERICA (THE),CFG,Chesterfield,TRUE
USCGE,UNITED STATES OF AMERICA (THE),CGE,Cambridge,TRUE
USCGJ,UNITED STATES OF AMERICA (THE),CGJ,Cerro Gordo,TRUE
USCGW,UNITED STATES OF AMERICA (THE),CGW,Chickasaw,TRUE
USCHI,UNITED STATES OF AMERICA (THE),CHI,"Chicago, United States",TRUE
USCHS,UNITED STATES OF AMERICA (THE),CHS,"Charleston, United States",TRUE
USCHT,UNITED STATES OF AMERICA (THE),CHT,Chester,TRUE
USCIB,UNITED STATES OF AMERICA (THE),CIB,Casselberry,TRUE
USCJO,UNITED STATES OF AMERICA (THE),CJO,Caro,TRUE
USCKG,UNITED STATES OF AMERICA (THE),CKG,Cherokee,TRUE
USCLA,UNITED STATES OF AMERICA (THE),CLA,Claymont,TRUE
USCLE,UNITED STATES OF AMERICA (THE),CLE,"Cleveland, OH United States",TRUE
USCLM,UNITED STATES OF AMERICA (THE),CLM,Pt Angeles,TRUE
USCLQ,UNITED STATES OF AMERICA (THE),CLQ,Chalmette,TRUE
USCLY,UNITED STATES OF AMERICA (THE),CLY,Clayton,TRUE
USCMU,UNITED STATES OF AMERICA (THE),CMU,Cameron,TRUE
USCNM,UNITED STATES OF AMERICA (THE),CNM,Carlsbad,TRUE
USCOB,UNITED STATES OF AMERICA (THE),COB,Coos Bay,TRUE
USCPT,UNITED STATES OF AMERICA (THE),CPT,Carpinteria,TRUE
USCRB,UNITED STATES OF AMERICA (THE),CRB,Carrabelle,TRUE
USCRM,UNITED STATES OF AMERICA (THE),CRM,Crockett,TRUE
USCRP,UNITED STATES OF AMERICA (THE),CRP,Corpus Christi,TRUE
USCRW,UNITED STATES OF AMERICA (THE),CRW,Charleston,TRUE
USCSF,UNITED STATES OF AMERICA (THE),CSF,Carteret,TRUE
USCSJ,UNITED STATES OF AMERICA (THE),CSJ,Carlisle,TRUE
USCUM,UNITED STATES OF AMERICA (THE),CUM,Canaan,TRUE
USCUQ,UNITED STATES OF AMERICA (THE),CUQ,Caney,TRUE
USCUU,UNITED STATES OF AMERICA (THE),CUU,Cannelton,TRUE
USCUZ,UNITED STATES OF AMERICA (THE),CUZ,Carlisle,TRUE
USCVG,UNITED STATES OF AMERICA (THE),CVG,Cincinnati,TRUE
USCVI,UNITED STATES OF AMERICA (THE),CVI,Cape Vincent,TRUE
USCWF,UNITED STATES OF AMERICA (THE),CWF,Centerville,TRUE
USCWQ,UNITED STATES OF AMERICA (THE),CWQ,Center Valley,TRUE
USCWU,UNITED STATES OF AMERICA (THE),CWU,Carroll,TRUE
USCWW,UNITED STATES OF AMERICA (THE),CWW,Clarkesville,TRUE
USCWX,UNITED STATES OF AMERICA (THE),CWX,Cleveland,TRUE
USCWZ,UNITED STATES OF AMERICA (THE),CWZ,Clinton,TRUE
USCXV,UNITED STATES OF AMERICA (THE),CXV,Clover,TRUE
USCZI,UNITED STATES OF AMERICA (THE),CZI,Cassopolis,TRUE
USDAV,UNITED STATES OF AMERICA (THE),DAV,Davenport,TRUE
USDBQ,UNITED STATES OF AMERICA (THE),DBQ,Dubuque,TRUE
USDCB,UNITED STATES OF AMERICA (THE),DCB,DeKalb,TRUE
USDDR,UNITED STATES OF AMERICA (THE),DDR,Darien,TRUE
USDEC,UNITED STATES OF AMERICA (THE),DEC,Decatur,TRUE
USDET,UNITED STATES OF AMERICA (THE),DET,"Detroit, MI United States",TRUE
USDFU,UNITED STATES OF AMERICA (THE),DFU,Dunnellon,TRUE
USDIA,UNITED STATES OF AMERICA (THE),DIA,Adrian,TRUE
USDLH,UNITED STATES OF AMERICA (THE),DLH,Duluth,TRUE
USDNE,UNITED STATES OF AMERICA (THE),DNE,Dane,TRUE
USDOG,UNITED STATES OF AMERICA (THE),DOG,"Douglas, Allegan",TRUE
USDPH,UNITED STATES OF AMERICA (THE),DPH,Doniphan,TRUE
USDSH,UNITED STATES OF AMERICA (THE),DSH,Deshler,TRUE
USDSL,UNITED STATES OF AMERICA (THE),DSL,Donalsonville,TRUE
USDSM,UNITED STATES OF AMERICA (THE),DSM,Des Moines,TRUE
USDST,UNITED STATES OF AMERICA (THE),DST,Adamston,TRUE
USDTT,UNITED STATES OF AMERICA (THE),DTT,Detroit,TRUE
USDUP,UNITED STATES OF AMERICA (THE),DUP,Dupo,TRUE
USDUT,UNITED STATES OF AMERICA (THE),DUT,Dutch Harbor,TRUE
USDVN,UNITED STATES OF AMERICA (THE),DVN,Davenport,TRUE
USDVQ,UNITED STATES OF AMERICA (THE),DVQ,Delmont,TRUE
USDVT,UNITED STATES OF AMERICA (THE),DVT,Davant,TRUE
USDVV,UNITED STATES OF AMERICA (THE),DVV,Davisville,TRUE
USDWD,UNITED STATES OF AMERICA (THE),DWD,Deerwood,TRUE
USDWX,UNITED STATES OF AMERICA (THE),DWX,De Witt,TRUE
USDZM,UNITED STATES OF AMERICA (THE),DZM,Dorchester,TRUE
USECH,UNITED STATES OF AMERICA (THE),ECH,East Chicago,TRUE
USECP,UNITED STATES OF AMERICA (THE),ECP,El Campo,TRUE
USECR,UNITED STATES OF AMERICA (THE),ECR,Spencer,TRUE
USEDL,UNITED STATES OF AMERICA (THE),EDL,Allendale,TRUE
USEDV,UNITED STATES OF AMERICA (THE),EDV,Eddyville,TRUE
USEHL,UNITED STATES OF AMERICA (THE),EHL,Bethlehem,TRUE
USEIE,UNITED STATES OF AMERICA (THE),EIE,Bernie,TRUE
USEKA,UNITED STATES OF AMERICA (THE),EKA,Eureka,TRUE
USEKI,UNITED STATES OF AMERICA (THE),EKI,Elkhart,TRUE
USEKT,UNITED STATES OF AMERICA (THE),EKT,Elkton,TRUE
USELS,UNITED STATES OF AMERICA (THE),ELS,El Segundo,TRUE
USEMY,UNITED STATES OF AMERICA (THE),EMY,Emery,TRUE
USENW,UNITED STATES OF AMERICA (THE),ENW,Kenosha,TRUE
USEOG,UNITED STATES OF AMERICA (THE),EOG,East Orange,TRUE
USEOM,UNITED STATES OF AMERICA (THE),EOM,Welcome,TRUE
USEOW,UNITED STATES OF AMERICA (THE),EOW,Edmonds,TRUE
USEOY,UNITED STATES OF AMERICA (THE),EOY,Eloy,TRUE
USEPA,UNITED STATES OF AMERICA (THE),EPA,Earl Park,TRUE
USEPM,UNITED STATES OF AMERICA (THE),EPM,Eastport,TRUE
USEQE,UNITED STATES OF AMERICA (THE),EQE,East Dubuque,TRUE
USEQZ,UNITED STATES OF AMERICA (THE),EQZ,Ellport,TRUE
USERE,UNITED STATES OF AMERICA (THE),ERE,Earl,TRUE
USERI,UNITED STATES OF AMERICA (THE),ERI,Erie,TRUE
USERN,UNITED STATES OF AMERICA (THE),ERN,Clermont,TRUE
USERY,UNITED STATES OF AMERICA (THE),ERY,Elroy,TRUE
USESC,UNITED STATES OF AMERICA (THE),ESC,Escanaba,TRUE
USETI,UNITED STATES OF AMERICA (THE),ETI,Centerville,TRUE
USETT,UNITED STATES OF AMERICA (THE),ETT,Etter,TRUE
USEUD,UNITED STATES OF AMERICA (THE),EUD,Eudora,TRUE
USEVV,UNITED STATES OF AMERICA (THE),EVV,Evansville,TRUE
USEWB,UNITED STATES OF AMERICA (THE),EWB,New Bedford-Fall River Apt,TRUE
USEYW,UNITED STATES OF AMERICA (THE),EYW,Key West,TRUE
USFAI,UNITED STATES OF AMERICA (THE),FAI,Fairbanks,TRUE
USFAU,UNITED STATES OF AMERICA (THE),FAU,Franklin Furnace,TRUE
USFCV,UNITED STATES OF AMERICA (THE),FCV,Francesville,TRUE
USFEL,UNITED STATES OF AMERICA (THE),FEL,Fellsmere,TRUE
USFIK,UNITED STATES OF AMERICA (THE),FIK,Fishkill,TRUE
USFMU,UNITED STATES OF AMERICA (THE),FMU,Fairmount,TRUE
USFMW,UNITED STATES OF AMERICA (THE),FMW,"Fairmont, Will",TRUE
USFNE,UNITED STATES OF AMERICA (THE),FNE,Florence,TRUE
USFOB,UNITED STATES OF AMERICA (THE),FOB,Fort Bragg,TRUE
USFOC,UNITED STATES OF AMERICA (THE),FOC,Port Fourchon,TRUE
USFPO,UNITED STATES OF AMERICA (THE),FPO,Freeport,TRUE
USFPR,UNITED STATES OF AMERICA (THE),FPR,Fort Pierce,TRUE
USFPT,UNITED STATES OF AMERICA (THE),FPT,Fairport Harbor Village,TRUE
USFSQ,UNITED STATES OF AMERICA (THE),FSQ,Forest Dale,TRUE
USFSY,UNITED STATES OF AMERICA (THE),FSY,Falls City,TRUE
USFTC,UNITED STATES OF AMERICA (THE),FTC,Fort Calhoun,TRUE
USFVR,UNITED STATES OF AMERICA (THE),FVR,Fort Recovery,TRUE
USFZZ,UNITED STATES OF AMERICA (THE),FZZ,Freedom,TRUE
USGBC,UNITED STATES OF AMERICA (THE),GBC,Gibson City,TRUE
USGCA,UNITED STATES OF AMERICA (THE),GCA,Golconda,TRUE
USGDR,UNITED STATES OF AMERICA (THE),GDR,Gardiner,TRUE
USGEB,UNITED STATES OF AMERICA (THE),GEB,Greenboro,TRUE
USGGE,UNITED STATES OF AMERICA (THE),GGE,Georgetown,TRUE
USGHC,UNITED STATES OF AMERICA (THE),GHC,Grays Harbor City,TRUE
USGHE,UNITED STATES OF AMERICA (THE),GHE,Ghent,TRUE
USGHN,UNITED STATES OF AMERICA (THE),GHN,Grand Haven,TRUE
USGID,UNITED STATES OF AMERICA (THE),GID,Gideon,TRUE
USGLC,UNITED STATES OF AMERICA (THE),GLC,Gloucester City,TRUE
USGLH,UNITED STATES OF AMERICA (THE),GLH,Greenville,TRUE
USGLO,UNITED STATES OF AMERICA (THE),GLO,Gloucester,TRUE
USGLS,UNITED STATES OF AMERICA (THE),GLS,Galveston,TRUE
USGNC,UNITED STATES OF AMERICA (THE),GNC,Garner,TRUE
USGNR,UNITED STATES OF AMERICA (THE),GNR,Garner,TRUE
USGNS,UNITED STATES OF AMERICA (THE),GNS,"Greenwood, Guernsey",TRUE
USGOP,UNITED STATES OF AMERICA (THE),GOP,Good Hope,TRUE
USGPT,UNITED STATES OF AMERICA (THE),GPT,Gulfport,TRUE
USGQQ,UNITED STATES OF AMERICA (THE),GQQ,Galion,TRUE
USGRA,UNITED STATES OF AMERICA (THE),GRA,Grand Portage,TRUE
USGRB,UNITED STATES OF AMERICA (THE),GRB,Green Bay,TRUE
USGRR,UNITED STATES OF AMERICA (THE),GRR,Grand Rapids,TRUE
USGRY,UNITED STATES OF AMERICA (THE),GRY,Gramercy,TRUE
USGTG,UNITED STATES OF AMERICA (THE),GTG,Grovetown,TRUE
USGVA,UNITED STATES OF AMERICA (THE),GVA,Gore,TRUE
USGVR,UNITED STATES OF AMERICA (THE),GVR,Gansevoort,TRUE
USGVZ,UNITED STATES OF AMERICA (THE),GVZ,Gordonville,TRUE
USGYY,UNITED STATES OF AMERICA (THE),GYY,Gary,TRUE
USGZB,UNITED STATES OF AMERICA (THE),GZB,Grabill,TRUE
USHAH,UNITED STATES OF AMERICA (THE),HAH,Hahnville,TRUE
USHBK,UNITED STATES OF AMERICA (THE),HBK,Hoboken,TRUE
USHEZ,UNITED STATES OF AMERICA (THE),HEZ,Natchez,TRUE
USHGW,UNITED STATES OF AMERICA (THE),HGW,Huntington Woods,TRUE
USHHT,UNITED STATES OF AMERICA (THE),HHT,Harwood Heights,TRUE
USHID,UNITED STATES OF AMERICA (THE),HID,Hidalgo,TRUE
USHLJ,UNITED STATES OF AMERICA (THE),HLJ,Halls,TRUE
USHMR,UNITED STATES OF AMERICA (THE),HMR,Hamer,TRUE
USHNL,UNITED STATES OF AMERICA (THE),HNL,"Honolulu, United States",TRUE
USHNS,UNITED STATES OF AMERICA (THE),HNS,Haines,TRUE
USHOM,UNITED STATES OF AMERICA (THE),HOM,Homer,TRUE
USHOR,UNITED STATES OF AMERICA (THE),HOR,Homer,TRUE
USHOU,UNITED STATES OF AMERICA (THE),HOU,"Houston, United States",TRUE
USHOY,UNITED STATES OF AMERICA (THE),HOY,Howe,TRUE
USHPY,UNITED STATES OF AMERICA (THE),HPY,Baytown,TRUE
USHRM,UNITED STATES OF AMERICA (THE),HRM,Hollister,TRUE
USHRQ,UNITED STATES OF AMERICA (THE),HRQ,High Ridge,TRUE
USHVN,UNITED STATES OF AMERICA (THE),HVN,"New Haven, CO United States",TRUE
USHZA,UNITED STATES OF AMERICA (THE),HZA,Saint Henry,TRUE
USHZZ,UNITED STATES OF AMERICA (THE),HZZ,Hawesville,TRUE
USIAM,UNITED STATES OF AMERICA (THE),IAM,Miamisburg,TRUE
USICH,UNITED STATES OF AMERICA (THE),ICH,Nicholls,TRUE
USIFL,UNITED STATES OF AMERICA (THE),IFL,Island Falls,TRUE
USIFT,UNITED STATES OF AMERICA (THE),IFT,Clifton,TRUE
USIGS,UNITED STATES OF AMERICA (THE),IGS,Big Stone,TRUE
USILG,UNITED STATES OF AMERICA (THE),ILG,Wilmington,TRUE
USILM,UNITED STATES OF AMERICA (THE),ILM,"Wilmington, United States",TRUE
USINL,UNITED STATES OF AMERICA (THE),INL,International Falls,TRUE
USIPR,UNITED STATES OF AMERICA (THE),IPR,Millport,TRUE
USITN,UNITED STATES OF AMERICA (THE),ITN,Smithton,TRUE
USITO,UNITED STATES OF AMERICA (THE),ITO,Hilo,TRUE
USITV,UNITED STATES OF AMERICA (THE),ITV,Pittsville,TRUE
USIUK,UNITED STATES OF AMERICA (THE),IUK,Iuka,TRUE
USIVK,UNITED STATES OF AMERICA (THE),IVK,Irvine,TRUE
USJAM,UNITED STATES OF AMERICA (THE),JAM,Jackman,TRUE
USJAX,UNITED STATES OF AMERICA (THE),JAX,"Jacksonville, United States",TRUE
USJAY,UNITED STATES OF AMERICA (THE),JAY,Jay,TRUE
USJBK,UNITED STATES OF AMERICA (THE),JBK,Berkeley,TRUE
USJEC,UNITED STATES OF AMERICA (THE),JEC,Jersey City,TRUE
USJMB,UNITED STATES OF AMERICA (THE),JMB,Jamesburg,TRUE
USJMC,UNITED STATES OF AMERICA (THE),JMC,Sausalito,TRUE
USJNP,UNITED STATES OF AMERICA (THE),JNP,Newport Beach,TRUE
USJNU,UNITED STATES OF AMERICA (THE),JNU,Juneau,TRUE
USJOA,UNITED STATES OF AMERICA (THE),JOA,Johnson,TRUE
USJON,UNITED STATES OF AMERICA (THE),JON,Jonesport,TRUE
USJQK,UNITED STATES OF AMERICA (THE),JQK,Jacksboro,TRUE
USJSA,UNITED STATES OF AMERICA (THE),JSA,Judsonia,TRUE
USJUK,UNITED STATES OF AMERICA (THE),JUK,Jenks,TRUE
USJVL,UNITED STATES OF AMERICA (THE),JVL,Janesville,TRUE
USKAY,UNITED STATES OF AMERICA (THE),KAY,Kaysville,TRUE
USKCK,UNITED STATES OF AMERICA (THE),KCK,"Kansas City, United States",TRUE
USKIS,UNITED STATES OF AMERICA (THE),KIS,Kiska Island,TRUE
USKLS,UNITED STATES OF AMERICA (THE),KLS,Kelso,TRUE
USKMR,UNITED STATES OF AMERICA (THE),KMR,Kenmore,TRUE
USKPP,UNITED STATES OF AMERICA (THE),KPP,Koppel,TRUE
USKTN,UNITED STATES OF AMERICA (THE),KTN,Ketchikan,TRUE
USKWM,UNITED STATES OF AMERICA (THE),KWM,King William,TRUE
USLAT,UNITED STATES OF AMERICA (THE),LAT,Los Alamitos,TRUE
USLAX,UNITED STATES OF AMERICA (THE),LAX,"Los Angeles, United States",TRUE
USLCF,UNITED STATES OF AMERICA (THE),LCF,Leitchfield,TRUE
USLCH,UNITED STATES OF AMERICA (THE),LCH,"Lake Charles, United States",TRUE
USLDM,UNITED STATES OF AMERICA (THE),LDM,Ludington,TRUE
USLEQ,UNITED STATES OF AMERICA (THE),LEQ,Lewis Center,TRUE
USLGB,UNITED STATES OF AMERICA (THE),LGB,"Long Beach, United States",TRUE
USLHK,UNITED STATES OF AMERICA (THE),LHK,Little Hocking,TRUE
USLIB,UNITED STATES OF AMERICA (THE),LIB,Liberty,TRUE
USLIZ,UNITED STATES OF AMERICA (THE),LIZ,Limestone,TRUE
USLLC,UNITED STATES OF AMERICA (THE),LLC,Leland,TRUE
USLLM,UNITED STATES OF AMERICA (THE),LLM,Stillmore,TRUE
USLLU,UNITED STATES OF AMERICA (THE),LLU,Los Lunas,TRUE
USLOG,UNITED STATES OF AMERICA (THE),LOG,Longview,TRUE
USLOR,UNITED STATES OF AMERICA (THE),LOR,Lorain,TRUE
USLRC,UNITED STATES OF AMERICA (THE),LRC,Long Reach,TRUE
USLTZ,UNITED STATES OF AMERICA (THE),LTZ,Lutz,TRUE
USLUI,UNITED STATES OF AMERICA (THE),LUI,"Louisville, KY United States",TRUE
USLUU,UNITED STATES OF AMERICA (THE),LUU,Le Sueur,TRUE
USLVU,UNITED STATES OF AMERICA (THE),LVU,Lawrenceburg,TRUE
USLWD,UNITED STATES OF AMERICA (THE),LWD,Lewisport,TRUE
USLWM,UNITED STATES OF AMERICA (THE),LWM,Lawrence,TRUE
USLWY,UNITED STATES OF AMERICA (THE),LWY,Lowell,TRUE
USLYR,UNITED STATES OF AMERICA (THE),LYR,Lyerly,TRUE
USLZV,UNITED STATES OF AMERICA (THE),LZV,Landing,TRUE
USMCD,UNITED STATES OF AMERICA (THE),MCD,Mackinac Island,TRUE
USMCR,UNITED STATES OF AMERICA (THE),MCR,Manchester,TRUE
USMEM,UNITED STATES OF AMERICA (THE),MEM,Memphis,TRUE
USMGF,UNITED STATES OF AMERICA (THE),MGF,Melvindale,TRUE
USMGQ,UNITED STATES OF AMERICA (THE),MGQ,Mount Gilead,TRUE
USMIA,UNITED STATES OF AMERICA (THE),MIA,"Miami, United States",TRUE
USMKC,UNITED STATES OF AMERICA (THE),MKC,Kansas City,TRUE
USMKE,UNITED STATES OF AMERICA (THE),MKE,Milwaukee,TRUE
USMKG,UNITED STATES OF AMERICA (THE),MKG,Muskegon,TRUE
USMKI,UNITED STATES OF AMERICA (THE),MKI,Mukilteo,TRUE
USMKJ,UNITED STATES OF AMERICA (THE),MKJ,McKees Rocks,TRUE
USMKW,UNITED STATES OF AMERICA (THE),MKW,Mill Creek,TRUE
USMNH,UNITED STATES OF AMERICA (THE),MNH,Manhattan/New York,TRUE
USMOB,UNITED STATES OF AMERICA (THE),MOB,"Mobile, United States",TRUE
USMPP,UNITED STATES OF AMERICA (THE),MPP,Morgans Point,TRUE
USMRH,UNITED STATES OF AMERICA (THE),MRH,Morehead City,TRUE
USMRQ,UNITED STATES OF AMERICA (THE),MRQ,Milford,TRUE
USMRT,UNITED STATES OF AMERICA (THE),MRT,Morristown,TRUE
USMSY,UNITED STATES OF AMERICA (THE),MSY,"New Orleans, United States",TRUE
USMTK,UNITED STATES OF AMERICA (THE),MTK,Mount Carmel,TRUE
USMTM,UNITED STATES OF AMERICA (THE),MTM,Metlakatla,TRUE
USMTW,UNITED STATES OF AMERICA (THE),MTW,Manitowoc,TRUE
USMXP,UNITED STATES OF AMERICA (THE),MXP,Meraux,TRUE
USMYG,UNITED STATES OF AMERICA (THE),MYG,Myrtle Grove,TRUE
USNAK,UNITED STATES OF AMERICA (THE),NAK,Natick,TRUE
USNAU,UNITED STATES OF AMERICA (THE),NAU,North Augusta,TRUE
USNBD,UNITED STATES OF AMERICA (THE),NBD,New Bedford,TRUE
USNBL,UNITED STATES OF AMERICA (THE),NBL,New Bloomfield,TRUE
USNCM,UNITED STATES OF AMERICA (THE),NCM,"Norco, United States",TRUE
USNCX,UNITED STATES OF AMERICA (THE),NCX,Norcross,TRUE
USNCY,UNITED STATES OF AMERICA (THE),NCY,New Caney,TRUE
USNDA,UNITED STATES OF AMERICA (THE),NDA,Neodesha,TRUE
USNED,UNITED STATES OF AMERICA (THE),NED,New London,TRUE
USNEW,UNITED STATES OF AMERICA (THE),NEW,Destrehan,TRUE
USNFR,UNITED STATES OF AMERICA (THE),NFR,New Freedom,TRUE
USNGZ,UNITED STATES OF AMERICA (THE),NGZ,Alameda,TRUE
USNHN,UNITED STATES OF AMERICA (THE),NHN,New Hudson,TRUE
USNHQ,UNITED STATES OF AMERICA (THE),NHQ,North Hartland,TRUE
USNIX,UNITED STATES OF AMERICA (THE),NIX,Nixon,TRUE
USNKO,UNITED STATES OF AMERICA (THE),NKO,Anadarko,TRUE
USNLI,UNITED STATES OF AMERICA (THE),NLI,New Lisbon,TRUE
USNMA,UNITED STATES OF AMERICA (THE),NMA,Marshall,TRUE
USNMH,UNITED STATES OF AMERICA (THE),NMH,Champlin,TRUE
USNOB,UNITED STATES OF AMERICA (THE),NOB,North Bend,TRUE
USNOW,UNITED STATES OF AMERICA (THE),NOW,Norwell,TRUE
USNPC,UNITED STATES OF AMERICA (THE),NPC,Neptune City,TRUE
USNPO,UNITED STATES OF AMERICA (THE),NPO,Newport,TRUE
USNPT,UNITED STATES OF AMERICA (THE),NPT,Newport,TRUE
USNPX,UNITED STATES OF AMERICA (THE),NPX,New Providence,TRUE
USNQZ,UNITED STATES OF AMERICA (THE),NQZ,North Rose,TRUE
USNRP,UNITED STATES OF AMERICA (THE),NRP,"Newport, Perry",TRUE
USNSC,UNITED STATES OF AMERICA (THE),NSC,North Sioux City,TRUE
USNTD,UNITED STATES OF AMERICA (THE),NTD,Port Hueneme,TRUE
USNTR,UNITED STATES OF AMERICA (THE),NTR,Norton Shores,TRUE
USNXZ,UNITED STATES OF AMERICA (THE),NXZ,Nesbit,TRUE
USNYC,UNITED STATES OF AMERICA (THE),NYC,"New York, United States",TRUE
USNYU,UNITED STATES OF AMERICA (THE),NYU,Nassau,TRUE
USNYX,UNITED STATES OF AMERICA (THE),NYX,Nyack,TRUE
USNZQ,UNITED STATES OF AMERICA (THE),NZQ,Needmore,TRUE
USOAK,UNITED STATES OF AMERICA (THE),OAK,"Oakland, United States",TRUE
USOBC,UNITED STATES OF AMERICA (THE),OBC,Orange Beach,TRUE
USOBI,UNITED STATES OF AMERICA (THE),OBI,Obion,TRUE
USOEN,UNITED STATES OF AMERICA (THE),OEN,Goshen,TRUE
USOFX,UNITED STATES OF AMERICA (THE),OFX,Colfax,TRUE
USOGS,UNITED STATES OF AMERICA (THE),OGS,Ogdensburg,TRUE
USOGY,UNITED STATES OF AMERICA (THE),OGY,Oglesby,TRUE
USOIT,UNITED STATES OF AMERICA (THE),OIT,Lolita,TRUE
USOKV,UNITED STATES OF AMERICA (THE),OKV,Oakville,TRUE
USOLM,UNITED STATES OF AMERICA (THE),OLM,Olympia,TRUE
USOLS,UNITED STATES OF AMERICA (THE),OLS,Nogales,TRUE
USOMA,UNITED STATES OF AMERICA (THE),OMA,Omaha,TRUE
USOMD,UNITED STATES OF AMERICA (THE),OMD,Romoland,TRUE
USOME,UNITED STATES OF AMERICA (THE),OME,Nome,TRUE
USONG,UNITED STATES OF AMERICA (THE),ONG,Ontonagon,TRUE
USOOM,UNITED STATES OF AMERICA (THE),OOM,Bloomer,TRUE
USORF,UNITED STATES OF AMERICA (THE),ORF,"Norfolk, United States",TRUE
USORH,UNITED STATES OF AMERICA (THE),ORH,Worcester,TRUE
USOSM,UNITED STATES OF AMERICA (THE),OSM,Selma,TRUE
USOSW,UNITED STATES OF AMERICA (THE),OSW,Oswego,TRUE
USOTH,UNITED STATES OF AMERICA (THE),OTH,North Bend,TRUE
USOTL,UNITED STATES OF AMERICA (THE),OTL,Ottawa Lake,TRUE
USOTM,UNITED STATES OF AMERICA (THE),OTM,Ottumwa,TRUE
USOWB,UNITED STATES OF AMERICA (THE),OWB,Owensboro,TRUE
USOXR,UNITED STATES OF AMERICA (THE),OXR,Oxnard-Ventura Apt,TRUE
USPAA,UNITED STATES OF AMERICA (THE),PAA,Pine Apple,TRUE
USPAH,UNITED STATES OF AMERICA (THE),PAH,Paducah,TRUE
USPAY,UNITED STATES OF AMERICA (THE),PAY,Perth Amboy,TRUE
USPBI,UNITED STATES OF AMERICA (THE),PBI,West Palm Beach,TRUE
USPCV,UNITED STATES OF AMERICA (THE),PCV,Port Canaveral,TRUE
USPDX,UNITED STATES OF AMERICA (THE),PDX,"Portland, ME United States",TRUE
USPEA,UNITED STATES OF AMERICA (THE),PEA,Pearl Harbor,TRUE
USPFN,UNITED STATES OF AMERICA (THE),PFN,Panama City,TRUE
USPGE,UNITED STATES OF AMERICA (THE),PGE,Pagedale,TRUE
USPGH,UNITED STATES OF AMERICA (THE),PGH,Pt Gamble,TRUE
USPGL,UNITED STATES OF AMERICA (THE),PGL,Pascagoula,TRUE
USPGY,UNITED STATES OF AMERICA (THE),PGY,"Spring Valley, San Diego",TRUE
USPHL,UNITED STATES OF AMERICA (THE),PHL,"Philadelphia, United States",TRUE
USPHN,UNITED STATES OF AMERICA (THE),PHN,Pt Huron,TRUE
USPIE,UNITED STATES OF AMERICA (THE),PIE,St Petersburg,TRUE
USPIS,UNITED STATES OF AMERICA (THE),PIS,Port Isabel,TRUE
USPIT,UNITED STATES OF AMERICA (THE),PIT,Pittsburgh,TRUE
USPKT,UNITED STATES OF AMERICA (THE),PKT,Parkton,TRUE
USPLL,UNITED STATES OF AMERICA (THE),PLL,Pt Allen,TRUE
USPLP,UNITED STATES OF AMERICA (THE),PLP,Pleasant Prairie,TRUE
USPLU,UNITED STATES OF AMERICA (THE),PLU,Pt Ludlow,TRUE
USPLV,UNITED STATES OF AMERICA (THE),PLV,Port Lavaca,TRUE
USPME,UNITED STATES OF AMERICA (THE),PME,Port Manatee,TRUE
USPMZ,UNITED STATES OF AMERICA (THE),PMZ,Palmertown,TRUE
USPNS,UNITED STATES OF AMERICA (THE),PNS,Pensacola,TRUE
USPOA,UNITED STATES OF AMERICA (THE),POA,Pt Arthur,TRUE
USPOB,UNITED STATES OF AMERICA (THE),POB,Pt Bolivar,TRUE
USPOD,UNITED STATES OF AMERICA (THE),POD,Porterdale,TRUE
USPOJ,UNITED STATES OF AMERICA (THE),POJ,Portage,TRUE
USPQM,UNITED STATES OF AMERICA (THE),PQM,Palm,TRUE
USPQN,UNITED STATES OF AMERICA (THE),PQN,Pequannock,TRUE
USPRS,UNITED STATES OF AMERICA (THE),PRS,Point Roberts,TRUE
USPRY,UNITED STATES OF AMERICA (THE),PRY,Pt Blakely,TRUE
USPSJ,UNITED STATES OF AMERICA (THE),PSJ,Port Saint Joe,TRUE
USPSL,UNITED STATES OF AMERICA (THE),PSL,Pt San Luis,TRUE
USPSM,UNITED STATES OF AMERICA (THE),PSM,Portsmouth,TRUE
USPSY,UNITED STATES OF AMERICA (THE),PSY,Port Sulphur,TRUE
USPTM,UNITED STATES OF AMERICA (THE),PTM,Portsmouth,TRUE
USPVC,UNITED STATES OF AMERICA (THE),PVC,Provincetown,TRUE
USPVD,UNITED STATES OF AMERICA (THE),PVD,Providence,TRUE
USPWM,UNITED STATES OF AMERICA (THE),PWM,Portland,TRUE
USPWT,UNITED STATES OF AMERICA (THE),PWT,Bremerton,TRUE
USQAC,UNITED STATES OF AMERICA (THE),QAC,Cato,TRUE
USQAI,UNITED STATES OF AMERICA (THE),QAI,Clare,TRUE
USQAP,UNITED STATES OF AMERICA (THE),QAP,Creekside,TRUE
USQCB,UNITED STATES OF AMERICA (THE),QCB,Claysburg,TRUE
USQCC,UNITED STATES OF AMERICA (THE),QCC,Chevy Chase,TRUE
USQCH,UNITED STATES OF AMERICA (THE),QCH,Carthage,TRUE
USQCN,UNITED STATES OF AMERICA (THE),QCN,Coal Center,TRUE
USQCQ,UNITED STATES OF AMERICA (THE),QCQ,Chautauqua,TRUE
USQCZ,UNITED STATES OF AMERICA (THE),QCZ,Cozad,TRUE
USQDM,UNITED STATES OF AMERICA (THE),QDM,Elmont,TRUE
USQDQ,UNITED STATES OF AMERICA (THE),QDQ,DeQuincy,TRUE
USQDV,UNITED STATES OF AMERICA (THE),QDV,Devenscrest,TRUE
USQDY,UNITED STATES OF AMERICA (THE),QDY,Dolgeville,TRUE
USQEB,UNITED STATES OF AMERICA (THE),QEB,Edinboro,TRUE
USQEI,UNITED STATES OF AMERICA (THE),QEI,Ewing,TRUE
USQEO,UNITED STATES OF AMERICA (THE),QEO,Earlington,TRUE
USQET,UNITED STATES OF AMERICA (THE),QET,East Setauket,TRUE
USQEV,UNITED STATES OF AMERICA (THE),QEV,Earlville,TRUE
USQEW,UNITED STATES OF AMERICA (THE),QEW,Erwins,TRUE
USQEY,UNITED STATES OF AMERICA (THE),QEY,Eakly,TRUE
USQFA,UNITED STATES OF AMERICA (THE),QFA,Fort Davis,TRUE
USQFC,UNITED STATES OF AMERICA (THE),QFC,Fairmont City,TRUE
USQFI,UNITED STATES OF AMERICA (THE),QFI,Ferriday,TRUE
USQFM,UNITED STATES OF AMERICA (THE),QFM,Farmington Hill,TRUE
USQFU,UNITED STATES OF AMERICA (THE),QFU,Fort Lupton,TRUE
USQFY,UNITED STATES OF AMERICA (THE),QFY,Fairmont City,TRUE
USQGB,UNITED STATES OF AMERICA (THE),QGB,Grand Blanc,TRUE
USQGT,UNITED STATES OF AMERICA (THE),QGT,Garrett,TRUE
USQGX,UNITED STATES OF AMERICA (THE),QGX,Goldthwaite,TRUE
USQHA,UNITED STATES OF AMERICA (THE),QHA,Hatton,TRUE
USQHE,UNITED STATES OF AMERICA (THE),QHE,Hooker,TRUE
USQHG,UNITED STATES OF AMERICA (THE),QHG,Huger,TRUE
USQHK,UNITED STATES OF AMERICA (THE),QHK,Hopkinton,TRUE
USQHS,UNITED STATES OF AMERICA (THE),QHS,Mount Holly Springs,TRUE
USQHT,UNITED STATES OF AMERICA (THE),QHT,Huber Heights,TRUE
USQIL,UNITED STATES OF AMERICA (THE),QIL,Idabel,TRUE
USQIM,UNITED STATES OF AMERICA (THE),QIM,Coldwater,TRUE
USQJB,UNITED STATES OF AMERICA (THE),QJB,Jobstown,TRUE
USQKC,UNITED STATES OF AMERICA (THE),QKC,Kimberling City,TRUE
USQKK,UNITED STATES OF AMERICA (THE),QKK,Keswick,TRUE
USQKM,UNITED STATES OF AMERICA (THE),QKM,Ketchum,TRUE
USQLF,UNITED STATES OF AMERICA (THE),QLF,Linn Creek,TRUE
USQLH,UNITED STATES OF AMERICA (THE),QLH,Laurelville,TRUE
USQLI,UNITED STATES OF AMERICA (THE),QLI,Loves Park,TRUE
USQLO,UNITED STATES OF AMERICA (THE),QLO,Leonia,TRUE
USQLR,UNITED STATES OF AMERICA (THE),QLR,Laureldale,TRUE
USQLT,UNITED STATES OF AMERICA (THE),QLT,Loretto,TRUE
USQLY,UNITED STATES OF AMERICA (THE),QLY,Lyles,TRUE
USQMC,UNITED STATES OF AMERICA (THE),QMC,McLeansville,TRUE
USQMK,UNITED STATES OF AMERICA (THE),QMK,Markleville,TRUE
USQMM,UNITED STATES OF AMERICA (THE),QMM,Marne,TRUE
USQMU,UNITED STATES OF AMERICA (THE),QMU,Mantua,TRUE
USQMW,UNITED STATES OF AMERICA (THE),QMW,McCleary,TRUE
USQNE,UNITED STATES OF AMERICA (THE),QNE,Newportville,TRUE
USQNM,UNITED STATES OF AMERICA (THE),QNM,North Miami,TRUE
USQNN,UNITED STATES OF AMERICA (THE),QNN,New Ipswich,TRUE
USQNV,UNITED STATES OF AMERICA (THE),QNV,Nokesville,TRUE
USQOA,UNITED STATES OF AMERICA (THE),QOA,Olyphant,TRUE
USQOP,UNITED STATES OF AMERICA (THE),QOP,Oak Park,TRUE
USQOR,UNITED STATES OF AMERICA (THE),QOR,Moravia,TRUE
USQOT,UNITED STATES OF AMERICA (THE),QOT,Olton,TRUE
USQPD,UNITED STATES OF AMERICA (THE),QPD,Poland,TRUE
USQPH,UNITED STATES OF AMERICA (THE),QPH,Pocahontas,TRUE
USQPM,UNITED STATES OF AMERICA (THE),QPM,Pamplin,TRUE
USQPN,UNITED STATES OF AMERICA (THE),QPN,Peconic,TRUE
USQPS,UNITED STATES OF AMERICA (THE),QPS,Pine Bluffs,TRUE
USQPX,UNITED STATES OF AMERICA (THE),QPX,Prosper,TRUE
USQPY,UNITED STATES OF AMERICA (THE),QPY,Pine Plains,TRUE
USQRI,UNITED STATES OF AMERICA (THE),QRI,Burlison,TRUE
USQRL,UNITED STATES OF AMERICA (THE),QRL,Erial,TRUE
USQSG,UNITED STATES OF AMERICA (THE),QSG,Spring Green,TRUE
USQST,UNITED STATES OF AMERICA (THE),QST,Stoystown,TRUE
USQSW,UNITED STATES OF AMERICA (THE),QSW,South Walpole,TRUE
USQTB,UNITED STATES OF AMERICA (THE),QTB,Tabor City,TRUE
USQTF,UNITED STATES OF AMERICA (THE),QTF,Three Forks Junction,TRUE
USQTH,UNITED STATES OF AMERICA (THE),QTH,Tomah,TRUE
USQTI,UNITED STATES OF AMERICA (THE),QTI,Trinity,TRUE
USQTN,UNITED STATES OF AMERICA (THE),QTN,Tornillo,TRUE
USQTO,UNITED STATES OF AMERICA (THE),QTO,Tonica,TRUE
USQTY,UNITED STATES OF AMERICA (THE),QTY,Terry,TRUE
USQUI,UNITED STATES OF AMERICA (THE),QUI,Quincy,TRUE
USQUS,UNITED STATES OF AMERICA (THE),QUS,Upper Saint Regis,TRUE
USQWD,UNITED STATES OF AMERICA (THE),QWD,Waelder,TRUE
USQWL,UNITED STATES OF AMERICA (THE),QWL,Willimantic,TRUE
USQWW,UNITED STATES OF AMERICA (THE),QWW,Wynnewood,TRUE
USQYL,UNITED STATES OF AMERICA (THE),QYL,Loudonville,TRUE
USRAC,UNITED STATES OF AMERICA (THE),RAC,Racine,TRUE
USRAF,UNITED STATES OF AMERICA (THE),RAF,Ringle,TRUE
USRAI,UNITED STATES OF AMERICA (THE),RAI,Rainier,TRUE
USRAJ,UNITED STATES OF AMERICA (THE),RAJ,Rotterdam,TRUE
USRBO,UNITED STATES OF AMERICA (THE),RBO,Rancho Bernardo,TRUE
USRCH,UNITED STATES OF AMERICA (THE),RCH,Richmond,TRUE
USRCY,UNITED STATES OF AMERICA (THE),RCY,Rogers City,TRUE
USRDK,UNITED STATES OF AMERICA (THE),RDK,Red Oak,TRUE
USRIM,UNITED STATES OF AMERICA (THE),RIM,Rimer,TRUE
USRKD,UNITED STATES OF AMERICA (THE),RKD,Rockland,TRUE
USRKY,UNITED STATES OF AMERICA (THE),RKY,Rocky River,TRUE
USRLT,UNITED STATES OF AMERICA (THE),RLT,Roosevelt,TRUE
USRMA,UNITED STATES OF AMERICA (THE),RMA,Hermann,TRUE
USRNN,UNITED STATES OF AMERICA (THE),RNN,Clarendon,TRUE
USROC,UNITED STATES OF AMERICA (THE),ROC,Rochester,TRUE
USRRT,UNITED STATES OF AMERICA (THE),RRT,Warroad,TRUE
USRSG,UNITED STATES OF AMERICA (THE),RSG,Rosenberg,TRUE
USRWC,UNITED STATES OF AMERICA (THE),RWC,Redwood City,TRUE
USSAB,UNITED STATES OF AMERICA (THE),SAB,Sabine,TRUE
USSAC,UNITED STATES OF AMERICA (THE),SAC,"Sacramento, United States",TRUE
USSAN,UNITED STATES OF AMERICA (THE),SAN,San Diego,TRUE
USSAV,UNITED STATES OF AMERICA (THE),SAV,"Savannah, United States",TRUE
USSBA,UNITED STATES OF AMERICA (THE),SBA,Santa Barbara,TRUE
USSBB,UNITED STATES OF AMERICA (THE),SBB,Sabina,TRUE
USSEA,UNITED STATES OF AMERICA (THE),SEA,"Seattle, United States",TRUE
USSEW,UNITED STATES OF AMERICA (THE),SEW,Seward,TRUE
USSFO,UNITED STATES OF AMERICA (THE),SFO,San Francisco,TRUE
USSFY,UNITED STATES OF AMERICA (THE),SFY,Springfield,TRUE
USSGI,UNITED STATES OF AMERICA (THE),SGI,Sterling,TRUE
USSGY,UNITED STATES OF AMERICA (THE),SGY,Skagway,TRUE
USSIB,UNITED STATES OF AMERICA (THE),SIB,Silver Bay,TRUE
USSJC,UNITED STATES OF AMERICA (THE),SJC,San Jose,TRUE
USSKT,UNITED STATES OF AMERICA (THE),SKT,Stickney,TRUE
USSKY,UNITED STATES OF AMERICA (THE),SKY,"Sandusky, Erie",TRUE
USSKZ,UNITED STATES OF AMERICA (THE),SKZ,Saint Clair,TRUE
USSLM,UNITED STATES OF AMERICA (THE),SLM,Salem,TRUE
USSOD,UNITED STATES OF AMERICA (THE),SOD,Sodus Point,TRUE
USSOH,UNITED STATES OF AMERICA (THE),SOH,South Haven,TRUE
USSPQ,UNITED STATES OF AMERICA (THE),SPQ,"San Pedro, CA United States",TRUE
USSRE,UNITED STATES OF AMERICA (THE),SRE,St Rose,TRUE
USSRN,UNITED STATES OF AMERICA (THE),SRN,Saranac,TRUE
USSRP,UNITED STATES OF AMERICA (THE),SRP,Searsport,TRUE
USSRU,UNITED STATES OF AMERICA (THE),SRU,Santa Cruz,TRUE
USSSI,UNITED STATES OF AMERICA (THE),SSI,Brunswick,TRUE
USSSM,UNITED STATES OF AMERICA (THE),SSM,Sault Ste Marie,TRUE
USSTG,UNITED STATES OF AMERICA (THE),STG,St George Island,TRUE
USSTH,UNITED STATES OF AMERICA (THE),STH,St Helens,TRUE
USSTL,UNITED STATES OF AMERICA (THE),STL,St Louis,TRUE
USSTP,UNITED STATES OF AMERICA (THE),STP,St Paul,TRUE
USSTZ,UNITED STATES OF AMERICA (THE),STZ,Scottsdale,TRUE
USSUT,UNITED STATES OF AMERICA (THE),SUT,Sunny Point,TRUE
USSUW,UNITED STATES OF AMERICA (THE),SUW,Superior,TRUE
USSUX,UNITED STATES OF AMERICA (THE),SUX,Sioux City,TRUE
USSXF,UNITED STATES OF AMERICA (THE),SXF,San Mateo,TRUE
USSYP,UNITED STATES OF AMERICA (THE),SYP,Sandy Point,TRUE
USSYR,UNITED STATES OF AMERICA (THE),SYR,Syracuse,TRUE
USTAW,UNITED STATES OF AMERICA (THE),TAW,Matawan,TRUE
USTCH,UNITED STATES OF AMERICA (THE),TCH,Taconite Harbor,TRUE
USTEP,UNITED STATES OF AMERICA (THE),TEP,Stephentown,TRUE
USTFG,UNITED STATES OF AMERICA (THE),TFG,Trafalgar,TRUE
USTFR,UNITED STATES OF AMERICA (THE),TFR,Transfer,TRUE
USTHN,UNITED STATES OF AMERICA (THE),THN,Athena,TRUE
USTIW,UNITED STATES OF AMERICA (THE),TIW,Tacoma,TRUE
USTMM,UNITED STATES OF AMERICA (THE),TMM,Tamms,TRUE
USTMN,UNITED STATES OF AMERICA (THE),TMN,Trumann,TRUE
USTNI,UNITED STATES OF AMERICA (THE),TNI,Tunica,TRUE
USTOL,UNITED STATES OF AMERICA (THE),TOL,Toledo,TRUE
USTPA,UNITED STATES OF AMERICA (THE),TPA,Tampa,TRUE
USTPS,UNITED STATES OF AMERICA (THE),TPS,Thompson,TRUE
USTPW,UNITED STATES OF AMERICA (THE),TPW,Thompsontown,TRUE
USTRK,UNITED STATES OF AMERICA (THE),TRK,Tamarac,TRUE
USTSL,UNITED STATES OF AMERICA (THE),TSL,Ten Sleep,TRUE
USTSZ,UNITED STATES OF AMERICA (THE),TSZ,Bronston,TRUE
USTWD,UNITED STATES OF AMERICA (THE),TWD,Pt Townsend,TRUE
USTWM,UNITED STATES OF AMERICA (THE),TWM,"Stewart, McLeod",TRUE
USTXT,UNITED STATES OF AMERICA (THE),TXT,Texas City,TRUE
USTYY,UNITED STATES OF AMERICA (THE),TYY,East Troy,TRUE
USUFG,UNITED STATES OF AMERICA (THE),UFG,Chesapeake,TRUE
USUHI,UNITED STATES OF AMERICA (THE),UHI,Unity,TRUE
USURR,UNITED STATES OF AMERICA (THE),URR,Port Murray,TRUE
USUWC,UNITED STATES OF AMERICA (THE),UWC,Uwchland,TRUE
USUXX,UNITED STATES OF AMERICA (THE),UXX,Uxbridge,TRUE
USUXZ,UNITED STATES OF AMERICA (THE),UXZ,Pt Chester,TRUE
USVAN,UNITED STATES OF AMERICA (THE),VAN,Vancouver,TRUE
USVDZ,UNITED STATES OF AMERICA (THE),VDZ,Valdez,TRUE
USVIR,UNITED STATES OF AMERICA (THE),VIR,Viroqua,TRUE
USVKS,UNITED STATES OF AMERICA (THE),VKS,Vicksburg,TRUE
USVLS,UNITED STATES OF AMERICA (THE),VLS,Van Alstyne,TRUE
USVNT,UNITED STATES OF AMERICA (THE),VNT,Ventura,TRUE
USWAB,UNITED STATES OF AMERICA (THE),WAB,Washington,TRUE
USWBM,UNITED STATES OF AMERICA (THE),WBM,West Boylston,TRUE
USWCO,UNITED STATES OF AMERICA (THE),WCO,Welcome,TRUE
USWCP,UNITED STATES OF AMERICA (THE),WCP,Wicker Park,TRUE
USWCW,UNITED STATES OF AMERICA (THE),WCW,Lake Waccamaw,TRUE
USWEP,UNITED STATES OF AMERICA (THE),WEP,Westampton,TRUE
USWEQ,UNITED STATES OF AMERICA (THE),WEQ,West Allis,TRUE
USWKB,UNITED STATES OF AMERICA (THE),WKB,Wilkes Barre,TRUE
USWKT,UNITED STATES OF AMERICA (THE),WKT,Whitakers,TRUE
USWLQ,UNITED STATES OF AMERICA (THE),WLQ,West Long Branch,TRUE
USWMA,UNITED STATES OF AMERICA (THE),WMA,Wilma,TRUE
USWNS,UNITED STATES OF AMERICA (THE),WNS,Winsted,TRUE
USWPT,UNITED STATES OF AMERICA (THE),WPT,Westport,TRUE
USWQZ,UNITED STATES OF AMERICA (THE),WQZ,Wintersville,TRUE
USWTN,UNITED STATES OF AMERICA (THE),WTN,Wilmington,TRUE
USWTU,UNITED STATES OF AMERICA (THE),WTU,Wartburg,TRUE
USWUP,UNITED STATES OF AMERICA (THE),WUP,Waupaca,TRUE
USWUR,UNITED STATES OF AMERICA (THE),WUR,Wurtland,TRUE
USWVA,UNITED STATES OF AMERICA (THE),WVA,Water Valley,TRUE
USXAE,UNITED STATES OF AMERICA (THE),XAE,Camden,TRUE
USXAK,UNITED STATES OF AMERICA (THE),XAK,Alva,TRUE
USXAR,UNITED STATES OF AMERICA (THE),XAR,Starr,TRUE
USXBW,UNITED STATES OF AMERICA (THE),XBW,Webb City,TRUE
USXKW,UNITED STATES OF AMERICA (THE),XKW,Kirkwood,TRUE
USXNA,UNITED STATES OF AMERICA (THE),XNA,Sayreville,TRUE
USXNW,UNITED STATES OF AMERICA (THE),XNW,New Madrid,TRUE
USXOR,UNITED STATES OF AMERICA (THE),XOR,Oberlin,TRUE
USXOT,UNITED STATES OF AMERICA (THE),XOT,Scott,TRUE
USXPE,UNITED STATES OF AMERICA (THE),XPE,Perdue Hill,TRUE
USXPT,UNITED STATES OF AMERICA (THE),XPT,Portola Valley,TRUE
USXRA,UNITED STATES OF AMERICA (THE),XRA,Ravena,TRUE
USXRC,UNITED STATES OF AMERICA (THE),XRC,Rainbow City,TRUE
USXRT,UNITED STATES OF AMERICA (THE),XRT,Rock Tavern,TRUE
USXSG,UNITED STATES OF AMERICA (THE),XSG,Sagola,TRUE
USXSH,UNITED STATES OF AMERICA (THE),XSH,Shingle Springs,TRUE
USXSI,UNITED STATES OF AMERICA (THE),XSI,Shelter Island,TRUE
USXSJ,UNITED STATES OF AMERICA (THE),XSJ,South Jordan,TRUE
USXSK,UNITED STATES OF AMERICA (THE),XSK,Shaker Heights,TRUE
USXSS,UNITED STATES OF AMERICA (THE),XSS,Cassville,TRUE
USXSY,UNITED STATES OF AMERICA (THE),XSY,Short Hills,TRUE
USXTE,UNITED STATES OF AMERICA (THE),XTE,Timmonsville,TRUE
USXTK,UNITED STATES OF AMERICA (THE),XTK,Chetek,TRUE
USXTM,UNITED STATES OF AMERICA (THE),XTM,Saint Thomas,TRUE
USXTN,UNITED STATES OF AMERICA (THE),XTN,Tiburon,TRUE
USXTR,UNITED STATES OF AMERICA (THE),XTR,West Rutland,TRUE
USXTS,UNITED STATES OF AMERICA (THE),XTS,Tams,TRUE
USXTY,UNITED STATES OF AMERICA (THE),XTY,Tuckahoe,TRUE
USXVN,UNITED STATES OF AMERICA (THE),XVN,Silverton,TRUE
USXVR,UNITED STATES OF AMERICA (THE),XVR,Clover,TRUE
USXWE,UNITED STATES OF AMERICA (THE),XWE,White Lake,TRUE
USXWO,UNITED STATES OF AMERICA (THE),XWO,Wolcott,TRUE
USXWT,UNITED STATES OF AMERICA (THE),XWT,Whitestown,TRUE
USXYS,UNITED STATES OF AMERICA (THE),XYS,Murrysville,TRUE
USXYT,UNITED STATES OF AMERICA (THE),XYT,Wyatt,TRUE
USYAN,UNITED STATES OF AMERICA (THE),YAN,Alanson,TRUE
USYAZ,UNITED STATES OF AMERICA (THE),YAZ,Yazoo City,TRUE
USYBD,UNITED STATES OF AMERICA (THE),YBD,Belden,TRUE
USYBG,UNITED STATES OF AMERICA (THE),YBG,Bongards,TRUE
USYBN,UNITED STATES OF AMERICA (THE),YBN,Boylston,TRUE
USYBY,UNITED STATES OF AMERICA (THE),YBY,Bonifay,TRUE
USYCD,UNITED STATES OF AMERICA (THE),YCD,Cathedral City,TRUE
USYCE,UNITED STATES OF AMERICA (THE),YCE,Carver,TRUE
USYCG,UNITED STATES OF AMERICA (THE),YCG,Cedar Grove,TRUE
USYCK,UNITED STATES OF AMERICA (THE),YCK,Clatskanie,TRUE
USYCP,UNITED STATES OF AMERICA (THE),YCP,Central Point,TRUE
USYCU,UNITED STATES OF AMERICA (THE),YCU,Columbia Falls,TRUE
USYDE,UNITED STATES OF AMERICA (THE),YDE,Dale,TRUE
USYDO,UNITED STATES OF AMERICA (THE),YDO,Orondo,TRUE
USYEB,UNITED STATES OF AMERICA (THE),YEB,Ellenboro,TRUE
USYEM,UNITED STATES OF AMERICA (THE),YEM,Emory,TRUE
USYEP,UNITED STATES OF AMERICA (THE),YEP,East Palestine,TRUE
USYER,UNITED STATES OF AMERICA (THE),YER,Sisters,TRUE
USYFX,UNITED STATES OF AMERICA (THE),YFX,Fox Lake,TRUE
USYFZ,UNITED STATES OF AMERICA (THE),YFZ,Frazeysburg,TRUE
USYGL,UNITED STATES OF AMERICA (THE),YGL,Glennville,TRUE
USYGS,UNITED STATES OF AMERICA (THE),YGS,Groves,TRUE
USYHB,UNITED STATES OF AMERICA (THE),YHB,Heyburn,TRUE
USYHE,UNITED STATES OF AMERICA (THE),YHE,Cowiche,TRUE
USYHM,UNITED STATES OF AMERICA (THE),YHM,Holmes,TRUE
USYIG,UNITED STATES OF AMERICA (THE),YIG,Ingleside,TRUE
USYKB,UNITED STATES OF AMERICA (THE),YKB,York Beach,TRUE
USYLB,UNITED STATES OF AMERICA (THE),YLB,Lebec,TRUE
USYLD,UNITED STATES OF AMERICA (THE),YLD,Lind,TRUE
USYLP,UNITED STATES OF AMERICA (THE),YLP,Lake Providence,TRUE
USYLR,UNITED STATES OF AMERICA (THE),YLR,Littlerock,TRUE
USYLU,UNITED STATES OF AMERICA (THE),YLU,Lula,TRUE
USYMD,UNITED STATES OF AMERICA (THE),YMD,Madison Park,TRUE
USYMK,UNITED STATES OF AMERICA (THE),YMK,Murdock,TRUE
USYMR,UNITED STATES OF AMERICA (THE),YMR,Mosier,TRUE
USYMV,UNITED STATES OF AMERICA (THE),YMV,Mount Vernon,TRUE
USYNA,UNITED STATES OF AMERICA (THE),YNA,Naches,TRUE
USYNN,UNITED STATES OF AMERICA (THE),YNN,Glenndale,TRUE
USYNO,UNITED STATES OF AMERICA (THE),YNO,North Woodstock,TRUE
USYOB,UNITED STATES OF AMERICA (THE),YOB,Oakboro,TRUE
USYPB,UNITED STATES OF AMERICA (THE),YPB,Peterborough,TRUE
USYPF,UNITED STATES OF AMERICA (THE),YPF,Pigeon Forge,TRUE
USYPH,UNITED STATES OF AMERICA (THE),YPH,Philomath,TRUE
USYPN,UNITED STATES OF AMERICA (THE),YPN,Pine Bush,TRUE
USYRD,UNITED STATES OF AMERICA (THE),YRD,Runnemede,TRUE
USYRE,UNITED STATES OF AMERICA (THE),YRE,Morehouse,TRUE
USYRF,UNITED STATES OF AMERICA (THE),YRF,Ruffin,TRUE
USYRG,UNITED STATES OF AMERICA (THE),YRG,Ragland,TRUE
USYRO,UNITED STATES OF AMERICA (THE),YRO,Raytown,TRUE
USYRP,UNITED STATES OF AMERICA (THE),YRP,Rapidan,TRUE
USYRY,UNITED STATES OF AMERICA (THE),YRY,Reynoldsville,TRUE
USYSB,UNITED STATES OF AMERICA (THE),YSB,Sebree,TRUE
USYSD,UNITED STATES OF AMERICA (THE),YSD,Shedd,TRUE
USYSG,UNITED STATES OF AMERICA (THE),YSG,Sandy Springs,TRUE
USYSH,UNITED STATES OF AMERICA (THE),YSH,Shamokin,TRUE
USYSJ,UNITED STATES OF AMERICA (THE),YSJ,Saint Joseph,TRUE
USYSK,UNITED STATES OF AMERICA (THE),YSK,Smokey Point,TRUE
USYSP,UNITED STATES OF AMERICA (THE),YSP,Sproul,TRUE
USYSS,UNITED STATES OF AMERICA (THE),YSS,Soda Springs,TRUE
USYSV,UNITED STATES OF AMERICA (THE),YSV,Smelterville,TRUE
USYTC,UNITED STATES OF AMERICA (THE),YTC,Tri-Cities,TRUE
USYTH,UNITED STATES OF AMERICA (THE),YTH,Bothell,TRUE
USYTL,UNITED STATES OF AMERICA (THE),YTL,Talent,TRUE
USYTO,UNITED STATES OF AMERICA (THE),YTO,Tomhicken,TRUE
USYTW,UNITED STATES OF AMERICA (THE),YTW,Youngstown,TRUE
USYUG,UNITED STATES OF AMERICA (THE),YUG,Union Gap,TRUE
USYUP,UNITED STATES OF AMERICA (THE),YUP,Upper Brookville,TRUE
USYVI,UNITED STATES OF AMERICA (THE),YVI,Vashon Island,TRUE
USYVR,UNITED STATES OF AMERICA (THE),YVR,Varnell,TRUE
USYWA,UNITED STATES OF AMERICA (THE),YWA,Willacoochee,TRUE
USYWD,UNITED STATES OF AMERICA (THE),YWD,Ward,TRUE
USYWE,UNITED STATES OF AMERICA (THE),YWE,West Homestead,TRUE
USYWH,UNITED STATES OF AMERICA (THE),YWH,Whately,TRUE
USYWI,UNITED STATES OF AMERICA (THE),YWI,Wilcox,TRUE
USYWR,UNITED STATES OF AMERICA (THE),YWR,Woolrich,TRUE
USZAD,UNITED STATES OF AMERICA (THE),ZAD,Alvarado,TRUE
USZAL,UNITED STATES OF AMERICA (THE),ZAL,Waverly Hall,TRUE
USZAN,UNITED STATES OF AMERICA (THE),ZAN,Mabton,TRUE
USZAO,UNITED STATES OF AMERICA (THE),ZAO,Taintor,TRUE
USZAY,UNITED STATES OF AMERICA (THE),ZAY,Marcy,TRUE
USZBI,UNITED STATES OF AMERICA (THE),ZBI,Bolton Landing,TRUE
USZBK,UNITED STATES OF AMERICA (THE),ZBK,Rhinebeck,TRUE
USZCB,UNITED STATES OF AMERICA (THE),ZCB,Cibolo,TRUE
USZCC,UNITED STATES OF AMERICA (THE),ZCC,Clara City,TRUE
USZCE,UNITED STATES OF AMERICA (THE),ZCE,Creedmoor,TRUE
USZCG,UNITED STATES OF AMERICA (THE),ZCG,Childersburg,TRUE
USZCS,UNITED STATES OF AMERICA (THE),ZCS,Clawson,TRUE
USZCT,UNITED STATES OF AMERICA (THE),ZCT,Centralia,TRUE
USZCV,UNITED STATES OF AMERICA (THE),ZCV,Coal Valley,TRUE
USZCY,UNITED STATES OF AMERICA (THE),ZCY,Clancy,TRUE
USZCZ,UNITED STATES OF AMERICA (THE),ZCZ,Cazenovia,TRUE
USZDC,UNITED STATES OF AMERICA (THE),ZDC,Clarendon Heights,TRUE
USZDE,UNITED STATES OF AMERICA (THE),ZDE,Dolores,TRUE
USZDG,UNITED STATES OF AMERICA (THE),ZDG,West Reading,TRUE
USZDQ,UNITED STATES OF AMERICA (THE),ZDQ,Duquesne,TRUE
USZDS,UNITED STATES OF AMERICA (THE),ZDS,Sands Point,TRUE
USZDZ,UNITED STATES OF AMERICA (THE),ZDZ,Dutzow,TRUE
USZEC,UNITED STATES OF AMERICA (THE),ZEC,Commerce,TRUE
USZEF,UNITED STATES OF AMERICA (THE),ZEF,East Falmouth,TRUE
USZEH,UNITED STATES OF AMERICA (THE),ZEH,Helen,TRUE
USZEM,UNITED STATES OF AMERICA (THE),ZEM,Elkmont,TRUE
USZEN,UNITED STATES OF AMERICA (THE),ZEN,Ellettsville,TRUE
USZEO,UNITED STATES OF AMERICA (THE),ZEO,Excelsior Springs,TRUE
USZEP,UNITED STATES OF AMERICA (THE),ZEP,East Walpole,TRUE
USZET,UNITED STATES OF AMERICA (THE),ZET,Ellington,TRUE
USZEV,UNITED STATES OF AMERICA (THE),ZEV,Ellaville,TRUE
USZEW,UNITED STATES OF AMERICA (THE),ZEW,Ellenwood,TRUE
USZFM,UNITED STATES OF AMERICA (THE),ZFM,Fruitland,TRUE
USZGG,UNITED STATES OF AMERICA (THE),ZGG,Beggs,TRUE
USZGN,UNITED STATES OF AMERICA (THE),ZGN,North Grosvenor Dale,TRUE
USZGQ,UNITED STATES OF AMERICA (THE),ZGQ,Galeton,TRUE
USZGT,UNITED STATES OF AMERICA (THE),ZGT,Charleston Heights,TRUE
USZGU,UNITED STATES OF AMERICA (THE),ZGU,Ferguson,TRUE
USZHB,UNITED STATES OF AMERICA (THE),ZHB,Sabetha,TRUE
USZHE,UNITED STATES OF AMERICA (THE),ZHE,Okarche,TRUE
USZHM,UNITED STATES OF AMERICA (THE),ZHM,Hilmar,TRUE
USZHT,UNITED STATES OF AMERICA (THE),ZHT,Hoisington,TRUE
USZHU,UNITED STATES OF AMERICA (THE),ZHU,Hasbrouck Heights,TRUE
USZHW,UNITED STATES OF AMERICA (THE),ZHW,Harwood,TRUE
USZIC,UNITED STATES OF AMERICA (THE),ZIC,Rickreall,TRUE
USZIK,UNITED STATES OF AMERICA (THE),ZIK,Inkom,TRUE
USZIW,UNITED STATES OF AMERICA (THE),ZIW,Winter Springs,TRUE
USZKN,UNITED STATES OF AMERICA (THE),ZKN,Dickson,TRUE
USZLG,UNITED STATES OF AMERICA (THE),ZLG,Lake Garfield,TRUE
USZLP,UNITED STATES OF AMERICA (THE),ZLP,Circle Pines,TRUE
USZLT,UNITED STATES OF AMERICA (THE),ZLT,League City,TRUE
USZLW,UNITED STATES OF AMERICA (THE),ZLW,Longmeadow,TRUE
USZMG,UNITED STATES OF AMERICA (THE),ZMG,Miami Gardens,TRUE
USZMP,UNITED STATES OF AMERICA (THE),ZMP,Newburyport,TRUE
USZMQ,UNITED STATES OF AMERICA (THE),ZMQ,Manasquan,TRUE
USZMU,UNITED STATES OF AMERICA (THE),ZMU,Murphy,TRUE
USZMW,UNITED STATES OF AMERICA (THE),ZMW,Muldrow,TRUE
USZMY,UNITED STATES OF AMERICA (THE),ZMY,Manheim Center,TRUE
USZNR,UNITED STATES OF AMERICA (THE),ZNR,North Royalton,TRUE
USZNT,UNITED STATES OF AMERICA (THE),ZNT,Tryon,TRUE
USZOD,UNITED STATES OF AMERICA (THE),ZOD,Oviedo,TRUE
USZOH,UNITED STATES OF AMERICA (THE),ZOH,Mohnton,TRUE
USZOI,UNITED STATES OF AMERICA (THE),ZOI,Charleroi,TRUE
USZOP,UNITED STATES OF AMERICA (THE),ZOP,Satsop,TRUE
USZOT,UNITED STATES OF AMERICA (THE),ZOT,Olivette,TRUE
USZOW,UNITED STATES OF AMERICA (THE),ZOW,Ooltewah,TRUE
USZPB,UNITED STATES OF AMERICA (THE),ZPB,Pembroke Park,TRUE
USZPP,UNITED STATES OF AMERICA (THE),ZPP,Hollsopple,TRUE
USZPT,UNITED STATES OF AMERICA (THE),ZPT,Portageville,TRUE
USZPU,UNITED STATES OF AMERICA (THE),ZPU,Maple Bluff,TRUE
USZPW,UNITED STATES OF AMERICA (THE),ZPW,Powhatan,TRUE
USZQC,UNITED STATES OF AMERICA (THE),ZQC,Clinchfield,TRUE
USZQE,UNITED STATES OF AMERICA (THE),ZQE,Quarryville,TRUE
USZQU,UNITED STATES OF AMERICA (THE),ZQU,Queen City,TRUE
USZQZ,UNITED STATES OF AMERICA (THE),ZQZ,Coalfield,TRUE
USZRB,UNITED STATES OF AMERICA (THE),ZRB,Riverbank,TRUE
USZRC,UNITED STATES OF AMERICA (THE),ZRC,Cramerton,TRUE
USZRE,UNITED STATES OF AMERICA (THE),ZRE,Rowlett,TRUE
USZRH,UNITED STATES OF AMERICA (THE),ZRH,Center Hill,TRUE
USZRR,UNITED STATES OF AMERICA (THE),ZRR,Carrboro,TRUE
USZRY,UNITED STATES OF AMERICA (THE),ZRY,Rye,TRUE
USZSB,UNITED STATES OF AMERICA (THE),ZSB,Stevensburg,TRUE
USZSD,UNITED STATES OF AMERICA (THE),ZSD,Sutherland,TRUE
USZSG,UNITED STATES OF AMERICA (THE),ZSG,Spring Grove,TRUE
USZSI,UNITED STATES OF AMERICA (THE),ZSI,San Acacio,TRUE
USZSO,UNITED STATES OF AMERICA (THE),ZSO,Sherborn,TRUE
USZSP,UNITED STATES OF AMERICA (THE),ZSP,Stephen,TRUE
USZST,UNITED STATES OF AMERICA (THE),ZST,Stormville,TRUE
USZSU,UNITED STATES OF AMERICA (THE),ZSU,Sugarcreek,TRUE
USZTB,UNITED STATES OF AMERICA (THE),ZTB,East Bloomfield,TRUE
USZTG,UNITED STATES OF AMERICA (THE),ZTG,Tangent,TRUE
USZTK,UNITED STATES OF AMERICA (THE),ZTK,Winnetka,TRUE
USZTP,UNITED STATES OF AMERICA (THE),ZTP,White Pine,TRUE
USZTR,UNITED STATES OF AMERICA (THE),ZTR,Tillar,TRUE
USZTU,UNITED STATES OF AMERICA (THE),ZTU,Toughkenamon,TRUE
USZUC,UNITED STATES OF AMERICA (THE),ZUC,Union Center,TRUE
USZUM,UNITED STATES OF AMERICA (THE),ZUM,Zumbrota,TRUE
USZVB,UNITED STATES OF AMERICA (THE),ZVB,Brownsville,TRUE
USZVY,UNITED STATES OF AMERICA (THE),ZVY,Eden Valley,TRUE
USZWC,UNITED STATES OF AMERICA (THE),ZWC,New Columbia,TRUE
USZWK,UNITED STATES OF AMERICA (THE),ZWK,Wyckoff,TRUE
USZWM,UNITED STATES OF AMERICA (THE),ZWM,McEwen,TRUE
USZXE,UNITED STATES OF AMERICA (THE),ZXE,Mer Rouge,TRUE
USZYF,UNITED STATES OF AMERICA (THE),ZYF,Forsyth,TRUE
USZYH,UNITED STATES OF AMERICA (THE),ZYH,York Harbor,TRUE
USZYI,UNITED STATES OF AMERICA (THE),ZYI,Tybee Island,TRUE
USZYK,UNITED STATES OF AMERICA (THE),ZYK,Keysville,TRUE
USZYN,UNITED STATES OF AMERICA (THE),ZYN,Cheyenne Wells,TRUE
USZYT,UNITED STATES OF AMERICA (THE),ZYT,Ladysmith,TRUE
USZZB,UNITED STATES OF AMERICA (THE),ZZB,Bogart,TRUE
UYCAN,URUGUAY,CAN,Canelones,TRUE
UYCAR,URUGUAY,CAR,Carmelo,TRUE
UYCYR,URUGUAY,CYR,Colonia,TRUE
UYDZO,URUGUAY,DZO,Durazno,TRUE
UYFDA,URUGUAY,FDA,Florida,TRUE
UYFZB,URUGUAY,FZB,Fray Bentos,TRUE
UYJIT,URUGUAY,JIT,Jose Ignacio Terminal,TRUE
UYLAG,URUGUAY,LAG,Lagomar,TRUE
UYLAP,URUGUAY,LAP,La Paloma/Rocha,TRUE
UYLPS,URUGUAY,LPS,Las Piedras,TRUE
UYLPZ,URUGUAY,LPZ,La Paz,TRUE
UYMDO,URUGUAY,MDO,Maldonado,TRUE
UYMER,URUGUAY,MER,Mercedes,TRUE
UYMIN,URUGUAY,MIN,Minas,TRUE
UYMVD,URUGUAY,MVD,"Montevideo, Uruguay",TRUE
UYNVP,URUGUAY,NVP,Nueva Palmira,TRUE
UYPDO,URUGUAY,PDO,Pando,TRUE
UYPDP,URUGUAY,PDP,Punta del Este,TRUE
UYPDU,URUGUAY,PDU,Paysandu,TRUE
UYRCH,URUGUAY,RCH,Rocha,TRUE
UYSJC,URUGUAY,SJC,San Jose de Carrasco,TRUE
UYSJS,URUGUAY,SJS,San Jose,TRUE
UYSTY,URUGUAY,STY,Salto,TRUE
UYSYM,URUGUAY,SYM,Solymar,TRUE
UYTRI,URUGUAY,TRI,Trinidad,TRUE
VCBQU,SAINT VINCENT AND THE GRENADINES,BQU,"Port Elizabeth, Bequia",TRUE
VCKTN,SAINT VINCENT AND THE GRENADINES,KTN,"Kingstown, St Vincent",TRUE
VCMQS,SAINT VINCENT AND THE GRENADINES,MQS,Mustique Island,TRUE
VCSVD,SAINT VINCENT AND THE GRENADINES,SVD,"St Vincent, St Vincent",TRUE
VCUNI,SAINT VINCENT AND THE GRENADINES,UNI,Union Island,TRUE
VEAMY,VENEZUELA (BOLIVARIAN REPUBLIC OF),AMY,Amuay,TRUE
VEARA,VENEZUELA (BOLIVARIAN REPUBLIC OF),ARA,Araya,TRUE
VEBAV,VENEZUELA (BOLIVARIAN REPUBLIC OF),BAV,Bachaquero/Maracaibo L,TRUE
VEBJV,VENEZUELA (BOLIVARIAN REPUBLIC OF),BJV,Bajo Grande/Maracaibo L,TRUE
VECAR,VENEZUELA (BOLIVARIAN REPUBLIC OF),CAR,Caripito,TRUE
VECBL,VENEZUELA (BOLIVARIAN REPUBLIC OF),CBL,Ciudad Bolivar,TRUE
VECBS,VENEZUELA (BOLIVARIAN REPUBLIC OF),CBS,Cabimas/Maracaibo L,TRUE
VECGU,VENEZUELA (BOLIVARIAN REPUBLIC OF),CGU,Ciudad Guayana,TRUE
VECHV,VENEZUELA (BOLIVARIAN REPUBLIC OF),CHV,Chichiriviche,TRUE
VECLM,VENEZUELA (BOLIVARIAN REPUBLIC OF),CLM,Catia La Mar,TRUE
VECMR,VENEZUELA (BOLIVARIAN REPUBLIC OF),CMR,Cumarebo,TRUE
VECOL,VENEZUELA (BOLIVARIAN REPUBLIC OF),COL,Coloncha,TRUE
VECUM,VENEZUELA (BOLIVARIAN REPUBLIC OF),CUM,Cumana,TRUE
VECUP,VENEZUELA (BOLIVARIAN REPUBLIC OF),CUP,Carupano,TRUE
VECXA,VENEZUELA (BOLIVARIAN REPUBLIC OF),CXA,Caicara de Orinoco,TRUE
VECZE,VENEZUELA (BOLIVARIAN REPUBLIC OF),CZE,Coro,TRUE
VEEGU,VENEZUELA (BOLIVARIAN REPUBLIC OF),EGU,"El Guamache1, Venezuela",TRUE
VEELP,VENEZUELA (BOLIVARIAN REPUBLIC OF),ELP,El Palito,TRUE
VEETV,VENEZUELA (BOLIVARIAN REPUBLIC OF),ETV,"El Tablazo, Venezuela",TRUE
VEGUB,VENEZUELA (BOLIVARIAN REPUBLIC OF),GUB,"Guaranao, Venezuela",TRUE
VEGUI,VENEZUELA (BOLIVARIAN REPUBLIC OF),GUI,Guiria,TRUE
VEGUT,VENEZUELA (BOLIVARIAN REPUBLIC OF),GUT,"Guanta, Venezuela",TRUE
VEJOT,VENEZUELA (BOLIVARIAN REPUBLIC OF),JOT,Jose Terminal,TRUE
VELAG,VENEZUELA (BOLIVARIAN REPUBLIC OF),LAG,"La Guaira, Venezuela",TRUE
VELAM,VENEZUELA (BOLIVARIAN REPUBLIC OF),LAM,Lama,TRUE
VELCV,VENEZUELA (BOLIVARIAN REPUBLIC OF),LCV,La Ceiba/Maracaibo L,TRUE
VELEC,VENEZUELA (BOLIVARIAN REPUBLIC OF),LEC,La Estacada,TRUE
VELGY,VENEZUELA (BOLIVARIAN REPUBLIC OF),LGY,Lagunillas,TRUE
VELSP,VENEZUELA (BOLIVARIAN REPUBLIC OF),LSP,Las Piedras,TRUE
VELSV,VENEZUELA (BOLIVARIAN REPUBLIC OF),LSV,La Salina/Maracaibo L,TRUE
VELVL,VENEZUELA (BOLIVARIAN REPUBLIC OF),LVL,La Vela de Coro,TRUE
VEMAR,VENEZUELA (BOLIVARIAN REPUBLIC OF),MAR,"Maracaibo, Venezuela",TRUE
VEMIV,VENEZUELA (BOLIVARIAN REPUBLIC OF),MIV,Puerto Miranda/Maracaibo L.,TRUE
VEMTV,VENEZUELA (BOLIVARIAN REPUBLIC OF),MTV,Matanzas,TRUE
VEPAM,VENEZUELA (BOLIVARIAN REPUBLIC OF),PAM,Pamatacual,TRUE
VEPAR,VENEZUELA (BOLIVARIAN REPUBLIC OF),PAR,Paradero,TRUE
VEPBL,VENEZUELA (BOLIVARIAN REPUBLIC OF),PBL,"Puerto Cabello, Venezuela",TRUE
VEPCA,VENEZUELA (BOLIVARIAN REPUBLIC OF),PCA,Punta Camacho,TRUE
VEPCN,VENEZUELA (BOLIVARIAN REPUBLIC OF),PCN,Punta Cardon,TRUE
VEPCO,VENEZUELA (BOLIVARIAN REPUBLIC OF),PCO,Puerto Carenero,TRUE
VEPCU,VENEZUELA (BOLIVARIAN REPUBLIC OF),PCU,Punta Cuchillo,TRUE
VEPCZ,VENEZUELA (BOLIVARIAN REPUBLIC OF),PCZ,Puerto La Cruz,TRUE
VEPFI,VENEZUELA (BOLIVARIAN REPUBLIC OF),PFI,Punto Fijo,TRUE
VEPHO,VENEZUELA (BOLIVARIAN REPUBLIC OF),PHO,Puerto de Hierro,TRUE
VEPLA,VENEZUELA (BOLIVARIAN REPUBLIC OF),PLA,Palua,TRUE
VEPLV,VENEZUELA (BOLIVARIAN REPUBLIC OF),PLV,Punta de Palmas,TRUE
VEPMP,VENEZUELA (BOLIVARIAN REPUBLIC OF),PMP,Pampatar,TRUE
VEPMR,VENEZUELA (BOLIVARIAN REPUBLIC OF),PMR,Palmarejo/Maracaibo L.,TRUE
VEPPD,VENEZUELA (BOLIVARIAN REPUBLIC OF),PPD,Punta de Piedra,TRUE
VEPPZ,VENEZUELA (BOLIVARIAN REPUBLIC OF),PPZ,Puerto Paez,TRUE
VEPRG,VENEZUELA (BOLIVARIAN REPUBLIC OF),PRG,Pertigalete,TRUE
VEPSU,VENEZUELA (BOLIVARIAN REPUBLIC OF),PSU,"Puerto Sucre, Venezulela",TRUE
VEPYH,VENEZUELA (BOLIVARIAN REPUBLIC OF),PYH,Puerto Ayacucho,TRUE
VEPZO,VENEZUELA (BOLIVARIAN REPUBLIC OF),PZO,"Puerto Ordaz, Venezuela",TRUE
VEQAA,VENEZUELA (BOLIVARIAN REPUBLIC OF),QAA,Quanta,TRUE
VESFD,VENEZUELA (BOLIVARIAN REPUBLIC OF),SFD,San Fernando de Apure,TRUE
VESFX,VENEZUELA (BOLIVARIAN REPUBLIC OF),SFX,"San Felix, Venezuela",TRUE
VESLV,VENEZUELA (BOLIVARIAN REPUBLIC OF),SLV,San Lorenzo/Maracaibo L,TRUE
VETJV,VENEZUELA (BOLIVARIAN REPUBLIC OF),TJV,Tia Juana/Maracaibo L,TRUE
VETUR,VENEZUELA (BOLIVARIAN REPUBLIC OF),TUR,Turiamo,TRUE
VEYUR,VENEZUELA (BOLIVARIAN REPUBLIC OF),YUR,Urena,TRUE
VGEIS,VIRGIN ISLANDS (BRITISH),EIS,"Beef Island, Tortola",TRUE
VGTOV,VIRGIN ISLANDS (BRITISH),TOV,"Tortola, Virgin Islands British",TRUE
VIFRD,VIRGIN ISLANDS (U.S.),FRD,"Frederiksted, St. Croix",TRUE
VIHOC,VIRGIN ISLANDS (U.S.),HOC,Hovic,TRUE
VILIB,VIRGIN ISLANDS (U.S.),LIB,Limetree Bay,TRUE
VNBAN,VIET NAM,BAN,Cam Lam,TRUE
VNBEN,VIET NAM,BEN,Benthuy,TRUE
VNBNG,VIET NAM,BNG,Ben Nghe,TRUE
VNBSE,VIET NAM,BSE,Bong Sen,TRUE
VNCLI,VIET NAM,CLI,Cat Lai,TRUE
VNCLN,VIET NAM,CLN,"Cai Lan, Vietnam",TRUE
VNCLO,VIET NAM,CLO,Culao,TRUE
VNCPH,VIET NAM,CPH,Cam Pha,TRUE
VNCRB,VIET NAM,CRB,Camranh,TRUE
VNCUV,VIET NAM,CUV,Cua Viet Port,TRUE
VNDAD,VIET NAM,DAD,"Da Nang, Vietnam",TRUE
VNDNA,VIET NAM,DNA,Dong Nai,TRUE
VNDOH,VIET NAM,DOH,Dong Hoi,TRUE
VNDTH,VIET NAM,DTH,Dong Thap,TRUE
VNHAA,VIET NAM,HAA,Hoai An,TRUE
VNHAN,VIET NAM,HAN,Hanoi,TRUE
VNHAT,VIET NAM,HAT,Ha Tinh,TRUE
VNHCH,VIET NAM,HCH,Hon Chong,TRUE
VNHIA,VIET NAM,HIA,Hoi An,TRUE
VNHNH,VIET NAM,HNH,Bong Son,TRUE
VNHON,VIET NAM,HON,Hongai,TRUE
VNHPH,VIET NAM,HPH,"Haiphong, Vietnam",TRUE
VNHSN,VIET NAM,HSN,Hai Son,TRUE
VNHUI,VIET NAM,HUI,Hue,TRUE
VNIPH,VIET NAM,IPH,Phuoc Long ICD,TRUE
VNKHU,VIET NAM,KHU,Khonh Hung,TRUE
VNLBT,VIET NAM,LBT,Long Binh Tan,TRUE
VNMOC,VIET NAM,MOC,Mong Cai,TRUE
VNMTH,VIET NAM,MTH,My Thoi,TRUE
VNMUT,VIET NAM,MUT,My Tho,TRUE
VNNGH,VIET NAM,NGH,Nghi Son,TRUE
VNNGT,VIET NAM,NGT,Nghe Tinh,TRUE
VNNHA,VIET NAM,NHA,Nha Trang,TRUE
VNNMD,VIET NAM,NMD,Nam Dinh,TRUE
VNNVT,VIET NAM,NVT,Nguyen Van Troi Port,TRUE
VNPHA,VIET NAM,PHA,Phan Rang,TRUE
VNPHG,VIET NAM,PHG,Phuoc Long,TRUE
VNPHH,VIET NAM,PHH,Phan Thiet,TRUE
VNPHL,VIET NAM,PHL,Phuoe Le,TRUE
VNPHU,VIET NAM,PHU,Phu My,TRUE
VNQBH,VIET NAM,QBH,Quang Binh,TRUE
VNQNH,VIET NAM,QNH,Quang Ninh,TRUE
VNQUL,VIET NAM,QUL,Quang Long,TRUE
VNQUT,VIET NAM,QUT,Quang Tri,TRUE
VNRBE,VIET NAM,RBE,Red Beach,TRUE
VNRDG,VIET NAM,RDG,Rang Dong,TRUE
VNRQU,VIET NAM,RQU,Rao Qua,TRUE
VNSAD,VIET NAM,SAD,Sa Dec,TRUE
VNSGN,VIET NAM,SGN,"Ho Chi Minh City, Vietnam",TRUE
VNTBB,VIET NAM,TBB,Tuy Hoa,TRUE
VNTBI,VIET NAM,TBI,Thang Binh,TRUE
VNTCG,VIET NAM,TCG,Tan Cang,TRUE
VNTCN,VIET NAM,TCN,Tan Canh,TRUE
VNTHO,VIET NAM,THO,Thanh Hoa,TRUE
VNTHU,VIET NAM,THU,Thuan An,TRUE
VNTTD,VIET NAM,TTD,Tan Thuan Dong,TRUE
VNUIH,VIET NAM,UIH,"Qui Hon, Vietnam",TRUE
VNVCA,VIET NAM,VCA,Can Tho,TRUE
VNVIC,VIET NAM,VIC,"Ho Chi Minh, VICT",TRUE
VNVLG,VIET NAM,VLG,Vinh Long,TRUE
VNVLO,VIET NAM,VLO,Vinh Loi,TRUE
VNVNH,VIET NAM,VNH,Vinh,TRUE
VNVUT,VIET NAM,VUT,"Vung Tau, Vietnam",TRUE
VNXNG,VIET NAM,XNG,Quang Ngai,TRUE
VUPSA,VANUATU,PSA,Port Sandwich,TRUE
VUSAN,VANUATU,SAN,Santo,TRUE
VUVLI,VANUATU,VLI,Port Vila,TRUE
WFMAU,WALLIS AND FUTUNA,MAU,Mata'utu,TRUE
WFSIG,WALLIS AND FUTUNA,SIG,Sigave,TRUE
WSAAU,SAMOA,AAU,Asau,TRUE
WSAPW,SAMOA,APW,Apia,TRUE
WSSAL,SAMOA,SAL,Salelologa,TRUE
WSSAV,SAMOA,SAV,Savaii,TRUE
XZAAD,,AAD,Aasgard,TRUE
XZANT,,ANT,Ardjuna,TRUE
XZANU,,ANU,Anoa Natuna,TRUE
XZBUV,,BUV,Buffalo Venture,TRUE
XZCMT,,CMT,Camar Marine Terminal,TRUE
XZDHS,,DHS,Dai Hung (STS Load),TRUE
XZDHT,,DHT,Dai Hung (Tandem Load),TRUE
XZDRA,,DRA,Draugen,TRUE
XZDTL,,DTL,Dulang Marine Terminal,TRUE
XZHEI,,HEI,Heidrun,TRUE
XZKMT,,KMT,Kakap Marine Terminal,TRUE
XZLAM,,LAM,Laminaria Terminal,TRUE
XZLGT,,LGT,Legendre Terminal,TRUE
XZNJO,,NJO,Njord,TRUE
XZNNE,,NNE,Norne,TRUE
XZNTE,,NTE,Northern Endevour,TRUE
XZOCA,,OCA,"Co-operation Zone A (AU,ID)",TRUE
XZSBY,,SBY,Sibuko Bay,TRUE
XZSHA,,SHA,Al Shaheen terminal,TRUE
XZSTP,,STP,Stage Platform,TRUE
XZTGR,,TGR,Tandjung Gerem,TRUE
XZWRT,,WRT,Widuri Marine Terminal,TRUE
XZYET,,YET,Yetagun Field,TRUE
YEADE,YEMEN,ADE,Aden,TRUE
YEAHW,YEMEN,AHW,Ahwar,TRUE
YEELK,YEMEN,ELK,El Katieb,TRUE
YEHAR,YEMEN,HAR,Harad,TRUE
YEHAU,YEMEN,HAU,Haura,TRUE
YEHOD,YEMEN,HOD,Hodeidah,TRUE
YEKHO,YEMEN,KHO,Khokha,TRUE
YELAD,YEMEN,LAD,Little Aden,TRUE
YELOH,YEMEN,LOH,Loheiya,TRUE
YEMKX,YEMEN,MKX,Mukalla,TRUE
YEMOK,YEMEN,MOK,Mokha,TRUE
YEMYN,YEMEN,MYN,Mareb,TRUE
YENIS,YEMEN,NIS,Nishtun,TRUE
YEPRM,YEMEN,PRM,Perim I.,TRUE
YERAI,YEMEN,RAI,Ras Isa Terminal,TRUE
YERAK,YEMEN,RAK,Ras Al Kalib,TRUE
YESAL,YEMEN,SAL,Saleef Port,TRUE
YESCT,YEMEN,SCT,Suqutra,TRUE
YESYE,YEMEN,SYE,Sadah,TRUE
YTDZA,MAYOTTE,DZA,Dzaoudzi,TRUE
YTLON,MAYOTTE,LON,"Longoni, Mayotte",TRUE
YTMAM,MAYOTTE,MAM,Mamoudzou,TRUE
ZAAOB,SOUTH AFRICA,AOB,Algoa Bay,TRUE
ZABBR,SOUTH AFRICA,BBR,Beit Bridge,TRUE
ZACPT,SOUTH AFRICA,CPT,"Capetown, South Africa",TRUE
ZACTD,SOUTH AFRICA,CTD,City Deep,TRUE
ZADUR,SOUTH AFRICA,DUR,"Durban, South Africa",TRUE
ZAELS,SOUTH AFRICA,ELS,"East London, South Africa",TRUE
ZAJOH,SOUTH AFRICA,JOH,Port Saint John's,TRUE
ZAKYA,SOUTH AFRICA,KYA,Kyalami,TRUE
ZAMZY,SOUTH AFRICA,MZY,Mossel Bay,TRUE
ZANOL,SOUTH AFRICA,NOL,Port Nolloth,TRUE
ZANUF,SOUTH AFRICA,NUF,Nuffield Springs,TRUE
ZAOSH,SOUTH AFRICA,OSH,Oshoek,TRUE
ZAPLZ,SOUTH AFRICA,PLZ,"Port Elizabeth, South Africa",TRUE
ZARCB,SOUTH AFRICA,RCB,Richards Bay,TRUE
ZARMB,SOUTH AFRICA,RMB,Ramatlhabama,TRUE
ZASDB,SOUTH AFRICA,SDB,Saldanha Bay,TRUE
ZASMN,SOUTH AFRICA,SMN,Simon's Town,TRUE
ZASWE,SOUTH AFRICA,SWE,Swellendam,TRUE
ZAVAC,SOUTH AFRICA,VAC,Vaalcon,TRUE
ZMKAF,ZAMBIA,KAF,Kafue,TRUE
ZMLUA,ZAMBIA,LUA,Luanshya,TRUE
